{
  "categories": [
    {
      "name": "photos_slide",
      "type": "photos",
      "usage": 2,
      "id": "ryehhTCVGz",
      "createdAt": "2017-12-18T06:18:28.248Z",
      "updatedAt": "2017-12-18T06:18:28.248Z"
    },
    {
      "name": "photos_page",
      "type": "photos",
      "usage": 2,
      "id": "BJeazD1SMG",
      "createdAt": "2017-12-18T06:58:29.010Z",
      "updatedAt": "2017-12-18T06:58:29.010Z"
    },
    {
      "name": "photos_content",
      "type": "photos",
      "usage": 2,
      "id": "HkgEaaJBMz",
      "createdAt": "2017-12-18T07:26:52.516Z",
      "updatedAt": "2017-12-18T07:26:52.516Z"
    },
    {
      "name": "posts_activity",
      "type": "posts",
      "usage": 2,
      "id": "BJgd-ulSzM",
      "createdAt": "2017-12-18T08:10:40.117Z",
      "updatedAt": "2017-12-18T08:10:40.117Z"
    },
    {
      "name": "posts_meet",
      "type": "posts",
      "usage": 2,
      "id": "BygzQpxBff",
      "createdAt": "2017-12-18T08:32:26.463Z",
      "updatedAt": "2017-12-18T08:32:26.463Z"
    },
    {
      "name": "posts_env",
      "type": "posts",
      "usage": 2,
      "id": "ByxxByZSzz",
      "createdAt": "2017-12-18T08:41:28.297Z",
      "updatedAt": "2017-12-18T08:41:28.297Z"
    },
    {
      "name": "snippets_provide",
      "type": "snippets",
      "usage": 2,
      "id": "BkeC-MWSMf",
      "createdAt": "2017-12-18T08:53:25.616Z",
      "updatedAt": "2017-12-18T08:53:25.616Z"
    },
    {
      "name": "snippets_vantage",
      "type": "snippets",
      "usage": 2,
      "id": "rylAnX-BGM",
      "createdAt": "2017-12-18T09:00:38.398Z",
      "updatedAt": "2017-12-18T09:00:38.398Z"
    },
    {
      "name": "snippets_contact",
      "type": "snippets",
      "usage": 2,
      "id": "SyxbAhZrzM",
      "createdAt": "2017-12-18T09:39:21.065Z",
      "updatedAt": "2017-12-18T09:39:21.065Z"
    },
    {
      "name": "snippets_about",
      "type": "snippets",
      "usage": 2,
      "id": "Byl1iaWHMf",
      "createdAt": "2017-12-18T09:42:47.272Z",
      "updatedAt": "2017-12-18T09:42:47.272Z"
    },
    {
      "name": "posts_process",
      "type": "posts",
      "usage": 2,
      "id": "BJxB20-SfG",
      "createdAt": "2017-12-18T09:47:24.795Z",
      "updatedAt": "2017-12-18T09:47:24.795Z"
    },
    {
      "name": "snippets_flow",
      "type": "snippets",
      "usage": 2,
      "id": "H1en2_kUMG",
      "createdAt": "2017-12-19T01:17:40.457Z",
      "updatedAt": "2017-12-19T01:17:40.457Z"
    },
    {
      "name": "snippets_visa",
      "type": "snippets",
      "usage": 2,
      "id": "rJx26ik8MM",
      "createdAt": "2017-12-19T01:30:44.491Z",
      "updatedAt": "2017-12-19T01:30:44.491Z"
    },
    {
      "name": "snippets_certificate",
      "type": "snippets",
      "usage": 2,
      "id": "rygKvpyUMz",
      "createdAt": "2017-12-19T01:37:37.425Z",
      "updatedAt": "2017-12-19T01:37:37.425Z"
    },
    {
      "name": "snippets_hospital",
      "type": "snippets",
      "usage": 2,
      "id": "SygleC1LzG",
      "createdAt": "2017-12-19T01:39:51.630Z",
      "updatedAt": "2017-12-19T01:39:51.630Z"
    },
    {
      "name": "snippets_service",
      "type": "snippets",
      "usage": 2,
      "id": "BkxHEfgUGz",
      "createdAt": "2017-12-19T01:58:04.940Z",
      "updatedAt": "2017-12-19T01:58:04.940Z"
    },
    {
      "name": "contents_process",
      "type": "contents",
      "usage": 2,
      "id": "ryeWVyB8MM",
      "createdAt": "2017-12-19T07:26:33.507Z",
      "updatedAt": "2017-12-19T07:26:33.507Z"
    },
    {
      "name": "contents_home",
      "type": "contents",
      "usage": 2,
      "id": "S1xwyerIMz",
      "createdAt": "2017-12-19T07:29:34.746Z",
      "updatedAt": "2017-12-19T07:29:34.746Z"
    }
  ]
}