{
  "categories": [
    {
      "id": "Byab7LZGG",
      "name": "内容",
      "usage": "1",
      "createdAt": "2017-12-15T13:49:56.681Z",
      "updatedAt": "2017-12-15T13:49:56.681Z"
    },
    {
      "id": "ByQmXIWzM",
      "name": "关于我们",
      "usage": "2",
      "createdAt": "2017-12-15T13:50:19.012Z",
      "updatedAt": "2017-12-15T13:50:19.012Z"
    },
    {
      "id": "S1-4mLWzM",
      "name": "遇见美利坚",
      "usage": "2",
      "createdAt": "2017-12-15T13:50:32.679Z",
      "updatedAt": "2017-12-15T13:50:32.679Z"
    },
    {
      "id": "HkTrQLWzf",
      "name": "在美活动",
      "usage": "2",
      "createdAt": "2017-12-15T13:51:00.774Z",
      "updatedAt": "2017-12-15T13:51:00.774Z"
    },
    {
      "id": "SktLQIZMM",
      "name": "赴美流程",
      "usage": "2",
      "createdAt": "2017-12-15T13:51:13.121Z",
      "updatedAt": "2017-12-15T13:51:13.121Z"
    },
    {
      "id": "r1FDXIWMz",
      "name": "服务",
      "usage": "2",
      "createdAt": "2017-12-15T13:51:29.263Z",
      "updatedAt": "2017-12-15T13:51:29.263Z"
    },
    {
      "name": "env",
      "usage": 2,
      "id": "HyeglkubfM",
      "createdAt": "2017-12-15T15:48:56.394Z",
      "updatedAt": "2017-12-15T15:48:56.394Z"
    },
    {
      "name": "meet",
      "usage": 2,
      "id": "SJlzsedWMG",
      "createdAt": "2017-12-15T15:56:09.975Z",
      "updatedAt": "2017-12-15T15:56:09.975Z"
    },
    {
      "name": "about",
      "usage": 2,
      "id": "HJxE0eOWMM",
      "createdAt": "2017-12-15T15:56:59.870Z",
      "updatedAt": "2017-12-15T15:56:59.870Z"
    },
    {
      "name": "activity",
      "usage": 2,
      "id": "S1x6kZdZzf",
      "createdAt": "2017-12-15T15:57:25.331Z",
      "updatedAt": "2017-12-15T15:57:25.331Z"
    },
    {
      "name": "service",
      "usage": 2,
      "id": "SkeV-WuZMG",
      "createdAt": "2017-12-15T15:57:48.218Z",
      "updatedAt": "2017-12-15T15:57:48.218Z"
    },
    {
      "name": "process",
      "usage": 2,
      "id": "ryxWX-OZMG",
      "createdAt": "2017-12-15T15:58:17.141Z",
      "updatedAt": "2017-12-15T15:58:17.141Z"
    },
    {
      "name": "flow",
      "type": "snippet",
      "usage": 2,
      "id": "rJghoy5QMf",
      "createdAt": "2017-12-17T06:33:08.005Z",
      "updatedAt": "2017-12-17T06:33:08.005Z"
    },
    {
      "name": "visa",
      "type": "snippet",
      "usage": 2,
      "id": "B1x447qXff",
      "createdAt": "2017-12-17T06:48:12.390Z",
      "updatedAt": "2017-12-17T06:48:12.390Z"
    },
    {
      "name": "hospital",
      "type": "snippet",
      "usage": 2,
      "id": "SylaqQcQfG",
      "createdAt": "2017-12-17T06:49:57.462Z",
      "updatedAt": "2017-12-17T06:49:57.462Z"
    },
    {
      "name": "certificate",
      "type": "snippet",
      "usage": 2,
      "id": "S1gPFVcXGG",
      "createdAt": "2017-12-17T06:53:51.499Z",
      "updatedAt": "2017-12-17T06:53:51.499Z"
    }
  ]
}