{
  "categories": [
    {
      "name": "posts_env",
      "type": "posts",
      "usage": 2,
      "id": "Skxs0i_4NM",
      "createdAt": "2018-01-11T05:53:22.791Z",
      "updatedAt": "2018-01-11T05:53:22.791Z"
    },
    {
      "name": "photos_slide",
      "type": "photos",
      "usage": 2,
      "id": "r1x0H-KENz",
      "createdAt": "2018-01-11T06:16:37.683Z",
      "updatedAt": "2018-01-11T06:16:37.683Z"
    },
    {
      "name": "photos_page",
      "type": "photos",
      "usage": 2,
      "id": "S1gbaQKV4f",
      "createdAt": "2018-01-11T06:27:05.503Z",
      "updatedAt": "2018-01-11T06:27:05.503Z"
    },
    {
      "name": "snippets_service",
      "type": "snippets",
      "usage": 2,
      "id": "Hyx5ChFVNf",
      "createdAt": "2018-01-11T07:05:54.013Z",
      "updatedAt": "2018-01-11T07:05:54.013Z"
    },
    {
      "name": "snippets_job",
      "type": "snippets",
      "usage": 2,
      "id": "HklZ-6FVNG",
      "createdAt": "2018-01-11T07:06:33.475Z",
      "updatedAt": "2018-01-11T07:06:33.475Z"
    },
    {
      "name": "snippets_contact",
      "type": "snippets",
      "usage": 2,
      "id": "rkxfmTYNNG",
      "createdAt": "2018-01-11T07:07:06.290Z",
      "updatedAt": "2018-01-11T07:07:06.290Z"
    },
    {
      "name": "snippets_about",
      "type": "snippets",
      "usage": 2,
      "id": "HJx2Y6YEEM",
      "createdAt": "2018-01-11T07:08:51.908Z",
      "updatedAt": "2018-01-11T07:08:51.908Z"
    },
    {
      "name": "snippets_certificate",
      "type": "snippets",
      "usage": 2,
      "id": "SylciaKVVf",
      "createdAt": "2018-01-11T07:09:22.041Z",
      "updatedAt": "2018-01-11T07:09:22.041Z"
    },
    {
      "name": "snippets_visa",
      "type": "snippets",
      "usage": 2,
      "id": "HygqA6F44M",
      "createdAt": "2018-01-11T07:10:09.640Z",
      "updatedAt": "2018-01-11T07:10:09.640Z"
    },
    {
      "name": "snippets_hospital",
      "type": "snippets",
      "usage": 2,
      "id": "BkxUGAtEVz",
      "createdAt": "2018-01-11T07:11:10.026Z",
      "updatedAt": "2018-01-11T07:11:10.026Z"
    },
    {
      "name": "snippets_vantage",
      "type": "snippets",
      "usage": 2,
      "id": "rJg2-1qN4M",
      "createdAt": "2018-01-11T07:15:15.669Z",
      "updatedAt": "2018-01-11T07:15:15.669Z"
    },
    {
      "name": "snippets_provide",
      "type": "snippets",
      "usage": 2,
      "id": "HJeMhJ54Nz",
      "createdAt": "2018-01-11T07:18:02.215Z",
      "updatedAt": "2018-01-11T07:18:02.215Z"
    },
    {
      "name": "snippets_flow",
      "type": "snippets",
      "usage": 2,
      "id": "HJl7qxqEEM",
      "createdAt": "2018-01-11T07:21:47.013Z",
      "updatedAt": "2018-01-11T07:21:47.013Z"
    },
    {
      "name": "snippets_link",
      "type": "snippets",
      "usage": 2,
      "id": "BJxfOM94EM",
      "createdAt": "2018-01-11T07:29:46.056Z",
      "updatedAt": "2018-01-11T07:29:46.056Z"
    },
    {
      "name": "contents_home",
      "type": "contents",
      "usage": 2,
      "id": "HJgCZscNEM",
      "createdAt": "2018-01-11T08:06:29.649Z",
      "updatedAt": "2018-01-11T08:06:29.649Z"
    },
    {
      "name": "posts_meet",
      "type": "posts",
      "usage": 2,
      "id": "Bkxsp6q44f",
      "createdAt": "2018-01-11T08:18:10.847Z",
      "updatedAt": "2018-01-11T08:18:10.847Z"
    },
    {
      "name": "posts_activity",
      "type": "posts",
      "usage": 2,
      "id": "ByezPA54EM",
      "createdAt": "2018-01-11T08:20:41.639Z",
      "updatedAt": "2018-01-11T08:20:41.639Z"
    },
    {
      "name": "contents_about",
      "type": "contents",
      "usage": 2,
      "id": "S1lr20sNNM",
      "createdAt": "2018-01-11T09:30:20.750Z",
      "updatedAt": "2018-01-11T09:30:20.750Z"
    },
    {
      "name": "contents_process",
      "type": "contents",
      "usage": 2,
      "id": "HyenZJ2E4M",
      "createdAt": "2018-01-11T09:31:47.536Z",
      "updatedAt": "2018-01-11T09:31:47.536Z"
    },
    {
      "name": "contents_service",
      "type": "contents",
      "usage": 2,
      "id": "rkem_JnE4z",
      "createdAt": "2018-01-11T09:33:30.834Z",
      "updatedAt": "2018-01-11T09:33:30.834Z"
    },
    {
      "name": "posts_service",
      "type": "posts",
      "usage": 2,
      "id": "H1lpA1nNNG",
      "createdAt": "2018-01-11T09:35:17.250Z",
      "updatedAt": "2018-01-11T09:35:17.250Z"
    }
  ]
}