{
  "contents": [
    {
      "id": "S1-SrbBMG",
      "name": "生美国际赴美生子",
      "tpl": "homeDesc",
      "sub": {
        "title": "生美国际赴美生子",
        "content": "<p>美国生美国际月子中心，总部位于美国洛杉矶，分布于Rancho Cucamonga和尔湾（Irvine）两地的高级公寓和别墅社区内。2009年开始在美国提供服务，2013年在中国设立客服团队，目前在北京和上海两地有办事处，是一家从中国到美国一站式服务的赴美生子直营机构。 十余种不同套餐，从平民到私人订制，满足客人不同需求。</p>\n",
        "_content": {
          "type": "posts",
          "items": [
            {
              "id": "ByehTxSGG"
            },
            {
              "id": "BJfDReSMz"
            },
            {
              "id": "S1_2RxSfG"
            }
          ]
        }
      },
      "createdAt": "2017-12-18T09:07:05.212Z",
      "updatedAt": "2017-12-18T09:07:05.212Z"
    },
    {
      "id": "SJNwHWSGM",
      "name": "我们的服务",
      "tpl": "homeService",
      "sub": {
        "title": "我们的服务",
        "content": "<p>我们的服务</p>\n",
        "_content": {
          "type": "qas",
          "items": [
            {
              "id": "SJPerJrfG"
            },
            {
              "id": "rkVQrJBfM"
            },
            {
              "id": "SyMRLkHzf"
            },
            {
              "id": "HyuK-eHzz"
            }
          ]
        }
      },
      "createdAt": "2017-12-18T09:07:40.288Z",
      "updatedAt": "2017-12-18T09:07:40.288Z"
    },
    {
      "id": "HkipB-rGz",
      "name": "美国待产环境",
      "tpl": "homeEnv",
      "sub": {
        "title": "美国待产环境",
        "_content": {
          "type": "posts",
          "items": [
            {
              "id": "rkurbWSff"
            },
            {
              "id": "BkNOZbSfM"
            },
            {
              "id": "BJaqbZSMz"
            }
          ]
        }
      },
      "createdAt": "2017-12-18T09:09:23.491Z",
      "updatedAt": "2017-12-18T09:09:23.491Z"
    },
    {
      "id": "SJHMIbBMM",
      "name": "新闻资讯",
      "tpl": "homeNews",
      "sub": {
        "title": "新闻资讯",
        "_content": {
          "type": "news",
          "items": [
            {
              "id": "rJAKs1rMz"
            },
            {
              "id": "HkylQxrfM"
            },
            {
              "id": "Sy1pQxSfG"
            },
            {
              "id": "rJgENgrGG"
            }
          ]
        }
      },
      "createdAt": "2017-12-18T09:10:37.274Z",
      "updatedAt": "2017-12-18T09:10:37.274Z"
    },
    {
      "id": "ByYSsZrzG",
      "name": "在美活动",
      "tpl": "homeActivity",
      "sub": {
        "title": "在美活动",
        "_content": {
          "type": "posts",
          "items": [
            {
              "id": "B1Z_ZugSGz"
            },
            {
              "id": "Hk3aOlBMM"
            },
            {
              "id": "SkXgslBGM"
            },
            {
              "id": "ryuI5ZBfz"
            },
            {
              "id": "B1MA5Wrff"
            }
          ]
        }
      },
      "createdAt": "2017-12-18T09:32:49.392Z",
      "updatedAt": "2017-12-18T09:32:49.392Z"
    },
    {
      "id": "B1Z9i-SMM",
      "name": "我们的优势",
      "tpl": "homeVantage",
      "sub": {
        "title": "我们的优势",
        "content": "<p>业界知名专家“洛杉矶胖爸爸”创立，首次提出赴美生子诚实签，倡导安全合法赴美生子，品质保障。国内城市设立办事处，定期全国巡回面对面咨询，让孕妈更加放心安心。</p>\n",
        "_content": {
          "type": "snippets",
          "items": [
            {
              "id": "S1KEE-BMM"
            },
            {
              "id": "rJP_VWBfz"
            },
            {
              "id": "Bkq5EWrGG"
            },
            {
              "id": "ry8hNbSfG"
            },
            {
              "id": "r1rRV-SMG"
            },
            {
              "id": "r1BgSWBzf"
            }
          ]
        }
      },
      "createdAt": "2017-12-18T09:34:00.919Z",
      "updatedAt": "2017-12-18T09:34:00.919Z"
    },
    {
      "id": "SJ0hTWSzG",
      "name": "关于我们",
      "tpl": "aboutPage",
      "sub": {
        "title": "关于我们",
        "_content": {
          "type": "snippets",
          "items": [
            {
              "id": "BJbki6ZBGf"
            }
          ]
        }
      },
      "createdAt": "2017-12-18T09:43:18.098Z",
      "updatedAt": "2017-12-18T09:43:18.098Z"
    },
    {
      "id": "H1VCa-rzM",
      "name": "联系我们",
      "tpl": "aboutContact",
      "sub": {
        "title": "联系我们",
        "_content": {
          "type": "snippets",
          "items": [
            {
              "id": "S1yeabHfG"
            },
            {
              "id": "rkiZp-rzf"
            }
          ]
        }
      },
      "createdAt": "2017-12-18T09:43:40.454Z",
      "updatedAt": "2017-12-18T09:43:40.454Z"
    },
    {
      "id": "r1G-ckUff",
      "name": "主要流程",
      "tpl": "processMain",
      "sub": {
        "title": "主要流程",
        "_content": {
          "type": "snippets",
          "items": [
            {
              "id": "BJ-22_JLzG"
            },
            {
              "id": "BJ-22_JLzG"
            },
            {
              "id": "Hkl1FyLGf"
            },
            {
              "id": "Hkl1FyLGf"
            },
            {
              "id": "B18bK18GG"
            },
            {
              "id": "B18bK18GG"
            },
            {
              "id": "SkfmYkUGM"
            },
            {
              "id": "SkfmYkUGM"
            },
            {
              "id": "SJRLtkIfG"
            },
            {
              "id": "SJRLtkIfG"
            },
            {
              "id": "BJjYKJ8Mf"
            },
            {
              "id": "BJjYKJ8Mf"
            },
            {
              "id": "SJh5tkLMz"
            },
            {
              "id": "SJh5tkLMz"
            },
            {
              "id": "SkNnYJUGG"
            },
            {
              "id": "SkNnYJUGG"
            },
            {
              "id": "B1MRKyUMG"
            },
            {
              "id": "B1MRKyUMG"
            }
          ]
        }
      },
      "createdAt": "2017-12-19T01:23:06.182Z",
      "updatedAt": "2017-12-19T01:23:06.182Z"
    },
    {
      "id": "SyrjhJLzM",
      "name": "签证申请",
      "tpl": "processVisa",
      "sub": {
        "title": "签证申请",
        "_content": {
          "type": "snippets",
          "items": [
            {
              "id": "BJZnTj1UMf"
            },
            {
              "id": "SJHenyUzG"
            }
          ]
        }
      },
      "createdAt": "2017-12-19T01:34:20.809Z",
      "updatedAt": "2017-12-19T01:34:20.809Z"
    },
    {
      "id": "ByAOMgUGz",
      "name": "回国服务",
      "tpl": "retServicePage",
      "sub": {
        "title": "回国服务",
        "_content": {
          "type": "snippets",
          "items": [
            {
              "id": "Hy-rNzlUzG"
            }
          ]
        }
      },
      "createdAt": "2017-12-19T01:59:18.118Z",
      "updatedAt": "2017-12-19T01:59:18.118Z"
    },
    {
      "id": "SywiOgLMM",
      "name": "合作医院",
      "tpl": "processHospital",
      "sub": {
        "title": "合作医院",
        "content": "<p style=\"margin-top: 0px; margin-bottom: 0px; margin-left: 36px; padding: 0px; word-wrap: break-word; word-break: normal; color: rgb(0, 0, 0); font-size: 12px; text-indent: 0em; white-space: normal; -webkit-text-stroke: rgb(0, 0, 0); font-family: &quot;Bookman Old Style&quot;; line-height: 2em;\"><span style=\"font-family: 宋体, SimSun; font-size: 18px; -webkit-text-stroke-width: initial;\">美国的医疗体系是医生，医院，药房相互独立的，各司其职。对于赴美生子的妈妈们而言，</span><span style=\"-webkit-text-stroke-width: initial; font-family: 宋体, SimSun; font-size: 18px;\"><span style=\"-webkit-text-stroke-width: initial;\">最主要接触的是医院和医生，药房几乎只会在最后将要离开美国的时候，</span>给宝宝带一些常用的药而已，故不做较多介绍。</span><span style=\"font-family: 宋体, SimSun; font-size: 18px; -webkit-text-stroke-width: initial;\">医院通常不直接给病人看病，</span><span style=\"font-family: 宋体, SimSun; -webkit-text-stroke-width: initial; font-size: large;\">看病问诊都由合作医生来进行，医院</span><span style=\"font-family: 宋体, SimSun; font-size: 18px; -webkit-text-stroke-width: initial;\">提供手术，住院，护理，急诊等相关医疗服务的场所和设施；通常医院在基础设施上都会比较健全，尤其是产科这一块，基本上没有太大差异；</span></p><p style=\"margin-top: 0px; margin-bottom: 0px; margin-left: 36px; padding: 0px; word-wrap: break-word; word-break: normal; color: rgb(0, 0, 0); font-size: 12px; text-indent: 0em; white-space: normal; -webkit-text-stroke: rgb(0, 0, 0); font-family: &quot;Bookman Old Style&quot;; line-height: 2em;\"><span style=\"font-size: 18px; -webkit-text-stroke-width: initial; font-family: 华文宋体, STSong;\">&nbsp;&nbsp;&nbsp;&nbsp;&nbsp;&nbsp;在加州约有超过550家的医疗机构，其中洛杉矶地区约150家，南北部各一半，我们挑选了其中一些比较知名的医疗机构进行合作</span></p><p><br/></p>",
        "_content": {
          "type": "snippets",
          "items": [
            {
              "id": "BJ-ge0kUMz"
            },
            {
              "id": "SyrwCyIMf"
            },
            {
              "id": "rJLhRyUfG"
            },
            {
              "id": "rkcyke8Gz"
            }
          ]
        }
      },
      "createdAt": "2017-12-19T02:25:34.677Z",
      "updatedAt": "2017-12-19T02:25:34.677Z"
    },
    {
      "id": "B1UadlIzM",
      "name": "证件办理",
      "tpl": "processCertificate",
      "sub": {
        "title": "证件办理",
        "_content": {
          "type": "snippets",
          "items": [
            {
              "id": "BJWtwpkIzM"
            },
            {
              "id": "HJDu618MG"
            }
          ]
        }
      },
      "createdAt": "2017-12-19T02:26:05.835Z",
      "updatedAt": "2017-12-19T02:26:05.835Z"
    },
    {
      "id": "SkxyD-8GG",
      "name": "brnInUSA 生美贴心服",
      "tpl": "homeProvide",
      "sub": {
        "title": "brnInUSA 生美贴心服",
        "content": "",
        "_content": {
          "type": "snippets",
          "items": [
            {
              "id": "B1WRbG-rGf"
            },
            {
              "id": "BkK7fWBMz"
            },
            {
              "id": "SkvHG-rGG"
            },
            {
              "id": "r1YvzWBMG"
            },
            {
              "id": "BJ-czZSzf"
            }
          ]
        }
      },
      "file": {
        "fieldname": "file",
        "originalname": "part10_bg.jpg",
        "encoding": "7bit",
        "mimetype": "image/jpeg",
        "destination": "E:\\work\\born\\public\\upload\\contents",
        "filename": "1513653975495-part10_bg.jpg",
        "path": "\\upload\\contents\\1513653975495-part10_bg.jpg",
        "size": 58681
      },
      "createdAt": "2017-12-19T03:26:15.568Z",
      "updatedAt": "2017-12-19T03:26:15.568Z",
      "src": "\\upload\\contents\\1513653975495-part10_bg.jpg"
    },
    {
      "id": "rk0A8mIzG",
      "name": "待产环境",
      "tpl": "processEnv",
      "sub": {
        "title": "待产环境",
        "_content": {
          "type": "posts",
          "items": [
            {
              "id": "BybxHkZHMf"
            },
            {
              "id": "BybxHkZHMf"
            },
            {
              "id": "H1jM-bHzG"
            },
            {
              "id": "H1jM-bHzG"
            },
            {
              "id": "rkurbWSff"
            },
            {
              "id": "rkurbWSff"
            },
            {
              "id": "BkNOZbSfM"
            },
            {
              "id": "BkNOZbSfM"
            },
            {
              "id": "BJaqbZSMz"
            },
            {
              "id": "BJaqbZSMz"
            }
          ]
        }
      },
      "createdAt": "2017-12-19T05:42:45.563Z",
      "updatedAt": "2017-12-19T05:42:45.563Z"
    },
    {
      "id": "SyZWTVUMM",
      "name": "11111",
      "tpl": "retServicePage",
      "sub": {
        "title": "1111",
        "_content": {
          "type": "snippets",
          "items": [
            {
              "id": "Hy-rNzlUzG"
            }
          ]
        }
      },
      "createdAt": "2017-12-19T07:17:13.401Z",
      "updatedAt": "2017-12-19T07:17:13.401Z"
    },
    {
      "id": "rkbDkxrLMf",
      "name": "333 ",
      "tpl": "homeDesc",
      "sub": {
        "title": "放到改动的",
        "content": "<p>电饭锅复方丹参</p>",
        "_content": {
          "type": "posts",
          "items": [
            {
              "id": "rkbGQ6eBMz"
            },
            {
              "id": "rJGFaxSGf"
            },
            {
              "id": "ByehTxSGG"
            }
          ]
        }
      },
      "category": "contents_home",
      "createdAt": "2017-12-19T07:29:35.128Z",
      "updatedAt": "2017-12-19T07:29:35.128Z"
    }
  ]
}