{
  "contents": [
    {
      "id": "BkwOH-bzM",
      "name": "生美国际赴美生子",
      "tpl": "homePage1",
      "sub": {
        "title": "生美国际赴美生子",
        "content": "      美国生美国际月子中心，总部位于美国洛杉矶，分布于Rancho Cucamonga和尔湾（Irvine）两地的高级公寓和别墅社区内。2009年开始在美国提供服务，2013年在中国设立客服团队，目前在北京和上海两地有办事处，是一家从中国到美国一站式服务的赴美生子直营机构。 \n      十余种不同套餐，从平民到私人订制，满足客人不同需求。",
        "_content": {
          "type": "posts",
          "items": [
            {
              "id": "S1dWSZ-ff"
            },
            {
              "id": "SysXHbWzG"
            },
            {
              "id": "B1BHBbZfM"
            }
          ]
        }
      },
      "createdAt": "2017-12-15T08:18:54.674Z",
      "updatedAt": "2017-12-15T08:18:54.674Z"
    },
    {
      "id": "B1raabbff",
      "name": "我们的服务",
      "tpl": "homePage2",
      "sub": {
        "title": "我们的服务",
        "content": "2",
        "_content": {
          "type": "qas",
          "items": [
            {
              "id": "SJJF8WWMz"
            },
            {
              "id": "rJ5hIbWGz"
            },
            {
              "id": "rJjevbZMz"
            },
            {
              "id": "SyRHPbbGM"
            },
            {
              "id": "rJcuvWWMG"
            }
          ]
        }
      },
      "createdAt": "2017-12-15T08:54:20.576Z",
      "updatedAt": "2017-12-15T08:54:20.576Z"
    },
    {
      "id": "Bk1IeHGzM",
      "name": "我们的优势",
      "tpl": "homePage5",
      "sub": {
        "title": "我们的优势",
        "content": "业界知名专家“洛杉矶胖爸爸”创立，首次提出赴美生子诚实签，倡导安全合法赴美生子，品质保障。国内城市设立办事处，定期全国巡回面对面咨询，让孕妈更加放心安心。",
        "_content": {
          "type": "snippets",
          "items": [
            {
              "id": "rJ6jmJZfG"
            },
            {
              "id": "SJStVy-Mf"
            },
            {
              "id": "H1HcEk-MM"
            },
            {
              "id": "HkWoEJbGz"
            },
            {
              "id": "Sy2j41Wff"
            },
            {
              "id": "Bk3hNy-Gf"
            }
          ]
        }
      },
      "createdAt": "2017-12-16T06:42:15.346Z",
      "updatedAt": "2017-12-16T06:42:15.346Z"
    },
    {
      "id": "BkKo-SMGf",
      "name": "美国待产环境",
      "tpl": "homePage4",
      "sub": {
        "title": "美国待产环境",
        "_content": {
          "type": "posts",
          "items": [
            {
              "id": "S1awWBzGG"
            },
            {
              "id": "Skxt-HMMf"
            },
            {
              "id": "H1V9ZSffz"
            }
          ]
        }
      },
      "createdAt": "2017-12-16T06:48:01.367Z",
      "updatedAt": "2017-12-16T06:48:01.367Z"
    },
    {
      "id": "H1bf7SzMM",
      "name": "在美活动",
      "tpl": "homePage3",
      "sub": {
        "title": "在美活动",
        "_content": {
          "type": "posts",
          "items": [
            {
              "id": "Sy9WzSzMM"
            },
            {
              "id": "H1ohGHMGG"
            },
            {
              "id": "rJP0zSzGz"
            },
            {
              "id": "BJ8y7rMMM"
            },
            {
              "id": "rkYgXrMMz"
            }
          ]
        }
      },
      "createdAt": "2017-12-16T06:54:00.838Z",
      "updatedAt": "2017-12-16T06:54:00.838Z"
    },
    {
      "id": "Hy5EQHMMM",
      "name": "新闻资讯",
      "tpl": "homePage7",
      "sub": {
        "title": "新闻资讯",
        "_content": {
          "type": "news",
          "items": [
            {
              "id": "H1-Kbf-fG"
            },
            {
              "id": "SklCWGWzM"
            },
            {
              "id": "HJImzG-zG"
            },
            {
              "id": "rkp_zz-MG"
            }
          ]
        }
      },
      "createdAt": "2017-12-16T06:54:42.220Z",
      "updatedAt": "2017-12-16T06:54:42.220Z"
    },
    {
      "id": "r1zrOHfzf",
      "name": "BornInUSA 生美贴心服务",
      "tpl": "homePage6",
      "sub": {
        "title": "BornInUSA 生美贴心服务",
        "content": "BornInUSA 生美贴心服务",
        "_content": {
          "type": "snippets",
          "items": [
            {
              "id": "r1MrEHMzM"
            },
            {
              "id": "Hyw84HGGM"
            },
            {
              "id": "Hk3D4rzMG"
            },
            {
              "id": "rJ7KVHGzG"
            },
            {
              "id": "rkF9ErzGM"
            }
          ]
        }
      },
      "createdAt": "2017-12-16T07:16:09.893Z",
      "updatedAt": "2017-12-16T07:16:09.893Z"
    },
    {
      "id": "ryZPz97Gf",
      "name": "主要流程",
      "tpl": "processPage1",
      "sub": {
        "title": "主要流程",
        "_content": {
          "type": "snippets",
          "items": [
            {
              "id": "BkcweqQzf"
            },
            {
              "id": "SkgtxqQMz"
            },
            {
              "id": "Hkjqe9XGf"
            },
            {
              "id": "HygnxcmGf"
            },
            {
              "id": "SJGReqXzf"
            },
            {
              "id": "BJrkZqXGz"
            },
            {
              "id": "Bkix-57GM"
            },
            {
              "id": "r1kz-qXff"
            },
            {
              "id": "SJt7Zqmzz"
            }
          ]
        }
      },
      "createdAt": "2017-12-17T06:44:40.634Z",
      "updatedAt": "2017-12-17T06:44:40.634Z"
    },
    {
      "id": "r1ZPXqmGz",
      "name": "签证申请",
      "tpl": "visaPage",
      "sub": {
        "title": "签证申请",
        "_content": {
          "type": "snippets",
          "items": [
            {
              "id": "rkb4Em57fM"
            },
            {
              "id": "SJ_B7qmzM"
            }
          ]
        }
      },
      "createdAt": "2017-12-17T06:48:57.420Z",
      "updatedAt": "2017-12-17T06:48:57.420Z"
    },
    {
      "id": "Sy1aQ57fM",
      "name": "合作医院",
      "tpl": "hospitalPage",
      "sub": {
        "title": "合作医院",
        "_content": {
          "type": "snippets",
          "items": [
            {
              "id": "BkbT5Qc7fz"
            }
          ]
        }
      },
      "createdAt": "2017-12-17T06:50:31.252Z",
      "updatedAt": "2017-12-17T06:50:31.252Z"
    },
    {
      "id": "B19wVqXGG",
      "name": "待产环境",
      "tpl": "processEnvPage",
      "sub": {
        "title": "待产环境",
        "_content": {
          "type": "posts",
          "items": [
            {
              "id": "S1awWBzGG"
            },
            {
              "id": "Skxt-HMMf"
            },
            {
              "id": "H1V9ZSffz"
            }
          ]
        }
      },
      "createdAt": "2017-12-17T06:53:21.779Z",
      "updatedAt": "2017-12-17T06:53:21.779Z"
    },
    {
      "id": "Hk6j4cQGf",
      "name": "证件办理  ",
      "tpl": "certificatePage",
      "sub": {
        "title": "证件办理  ",
        "_content": {
          "type": "snippets",
          "items": [
            {
              "id": "H1ZvFEqmGz"
            },
            {
              "id": "rJE9N5Xzz"
            }
          ]
        }
      },
      "createdAt": "2017-12-17T06:54:28.688Z",
      "updatedAt": "2017-12-17T06:54:28.688Z"
    }
  ]
}