{
  "contents": [
    {
      "id": "B1W0bocE4G",
      "name": "我们的优势",
      "tpl": "homeVantage",
      "sub": {
        "title": "我们的优势",
        "content": "<p><span style=\"color: rgb(1, 1, 1); font-family: &quot;Helvetica Neue&quot;, Helvetica, Arial, sans-serif; font-size: 18px; text-indent: 32px; white-space: normal; background-color: rgb(229, 229, 229);\">生美国际率先进入赴美生子3.0时代，中美两地独家直营，所有服务内容标准写入合同，为每位赴美生子的妈妈配备标准三人服务团队，终身售后服务，远离海外陷阱</span></p>",
        "_content": {
          "type": "snippets",
          "items": [
            {
              "id": "HyW2bk9EVz",
              "title": "中美直营有保障"
            },
            {
              "id": "rygmJ9NNM",
              "title": "全程一对一服务"
            },
            {
              "id": "HytEycVNf",
              "title": "美签，海关指导"
            },
            {
              "id": "BJ6HyqENG",
              "title": "DIY随心配"
            },
            {
              "id": "H18wkqE4G",
              "title": "服务进合同"
            },
            {
              "id": "H1dd154Vf",
              "title": "终身售后"
            }
          ]
        }
      },
      "category": "contents_home",
      "uniqName": "我们的优势_contents_home",
      "createdAt": "2018-01-11T08:06:29.680Z",
      "updatedAt": "2018-01-11T08:06:29.680Z"
    },
    {
      "id": "HyFd2cEVG",
      "name": "美国待产环境",
      "tpl": "homeEnv",
      "sub": {
        "title": "美国待产环境",
        "_content": {
          "type": "posts",
          "items": [
            {
              "id": "S1U63ONEM",
              "title": "待产繁华别墅"
            },
            {
              "id": "S1GuAd4VM",
              "title": "待产市区别墅"
            },
            {
              "id": "HyXc3dEEf",
              "title": "顶级豪华待产别墅"
            },
            {
              "id": "HkzOndNNf",
              "title": "待产登顶别墅"
            },
            {
              "id": "B1Df3dVNz",
              "title": "待产近海别墅"
            },
            {
              "id": "S1bi0idVNM",
              "title": "待产半山别墅"
            }
          ]
        }
      },
      "category": "contents_home",
      "uniqName": "美国待产环境_contents_home",
      "createdAt": "2018-01-11T08:12:33.514Z",
      "updatedAt": "2018-01-11T08:12:33.514Z"
    },
    {
      "id": "r1T2h5VEG",
      "name": "BornInUSA 生美国际超贴心服务",
      "tpl": "homeProvide",
      "sub": {
        "title": "BornInUSA 生美国际超贴心服务",
        "_content": {
          "type": "snippets",
          "items": [
            {
              "id": "rybznJ9ENG",
              "title": "好心"
            },
            {
              "id": "rk-0JqVNf",
              "title": "放心"
            },
            {
              "id": "Hycll5EEz",
              "title": "安心"
            },
            {
              "id": "BJZElcN4f",
              "title": "贴心"
            },
            {
              "id": "BJDHecNEz",
              "title": "热心"
            }
          ]
        }
      },
      "category": "contents_home",
      "file": {
        "fieldname": "file",
        "originalname": "part10_bg.jpg",
        "encoding": "7bit",
        "mimetype": "image/jpeg",
        "destination": "E:\\work\\born\\public\\upload\\contents",
        "filename": "1515658420370-part10_bg.jpg",
        "path": "\\upload\\contents\\1515658420370-part10_bg.jpg",
        "size": 105989
      },
      "uniqName": "BornInUSA 生美国际超贴心服务_contents_home",
      "createdAt": "2018-01-11T08:13:40.527Z",
      "updatedAt": "2018-01-11T08:13:40.527Z",
      "src": "\\upload\\contents\\1515658420370-part10_bg.jpg"
    },
    {
      "id": "rJii4i44z",
      "name": "新闻资讯",
      "tpl": "homeNews",
      "sub": {
        "title": "新闻资讯",
        "_content": {
          "type": "news",
          "items": [
            {
              "id": "rkBdoFEVM",
              "title": "留学生毕业后在美国工作变难 工签批准率创十年新低"
            }
          ]
        }
      },
      "category": "contents_home",
      "uniqName": "新闻资讯_contents_home",
      "createdAt": "2018-01-11T08:47:31.205Z",
      "updatedAt": "2018-01-11T08:47:31.205Z"
    },
    {
      "id": "Sy2gBjVNG",
      "name": "在美活动",
      "tpl": "homeActivity",
      "sub": {
        "title": "在美活动",
        "_content": {
          "type": "posts",
          "items": [
            {
              "id": "B1xq05EVz",
              "title": "平安抵达洛杉矶国际机场"
            },
            {
              "id": "H1WzwR9NVf",
              "title": "浦东国际机场直飞洛杉矶"
            }
          ]
        }
      },
      "category": "contents_home",
      "uniqName": "在美活动_contents_home",
      "createdAt": "2018-01-11T08:48:52.295Z",
      "updatedAt": "2018-01-11T08:48:52.295Z"
    },
    {
      "id": "r13qSsNVM",
      "name": "BornInUSA 生美国际赴美生——您在美国的家",
      "tpl": "homeDesc",
      "sub": {
        "title": "BornInUSA 生美国际赴美生——您在美国的家",
        "content": "<p><span style=\"color: rgb(69, 69, 69); font-family: 宋体, SimSun; font-size: 18px; text-indent: 32px; white-space: normal; background-color: rgb(229, 229, 229); font-stretch: normal; line-height: normal;\">BornInUSA&nbsp;</span><span style=\"color: rgb(69, 69, 69); font-family: 宋体, SimSun; font-size: 18px; text-indent: 32px; white-space: normal; background-color: rgb(229, 229, 229);\">生美国际赴美生子总部设在美国天使之城洛杉矶，在美运营月子中心多年，拥有丰富的经验，获得广大客户的一致好评。在美拥有多处物业，车辆以及专业的管理团队和服务人员。为来自中国的妈妈们提供全方位，无微不至的服务，悉心呵护您和宝宝。这里是您在美国的家。</span></p>",
        "_content": {
          "type": "posts",
          "items": [
            {
              "id": "B1ulA54Vf",
              "title": "比佛利山庄（Beverly Hills）"
            },
            {
              "id": "Bkbj6T9EVM",
              "title": "赴美生子不可错过的景点之大峡谷国家公园 Grand Canyon National Park"
            }
          ]
        }
      },
      "category": "contents_home",
      "uniqName": "BornInUSA 生美国际赴美生——您在美国的家_contents_home",
      "createdAt": "2018-01-11T08:51:32.359Z",
      "updatedAt": "2018-01-11T08:51:32.360Z"
    },
    {
      "id": "ByWrnCs4Ez",
      "name": "关于我们",
      "tpl": "aboutPage",
      "sub": {
        "title": "关于我们",
        "_content": {
          "type": "snippets",
          "items": [
            {
              "id": "rJ-hKaY44M",
              "title": "关于我们"
            }
          ]
        }
      },
      "category": "contents_about",
      "uniqName": "关于我们_contents_about",
      "createdAt": "2018-01-11T09:30:20.832Z",
      "updatedAt": "2018-01-11T09:30:20.832Z"
    },
    {
      "id": "B1m0CsEVf",
      "name": "联系我们",
      "tpl": "aboutContact",
      "sub": {
        "title": "联系我们",
        "_content": {
          "type": "snippets",
          "items": [
            {
              "id": "SJZfXaF4NG",
              "title": "联系我们"
            },
            {
              "id": "BJ4U6FVEz",
              "title": "温馨提示"
            }
          ]
        }
      },
      "category": "contents_about",
      "uniqName": "联系我们_contents_about",
      "createdAt": "2018-01-11T09:30:50.799Z",
      "updatedAt": "2018-01-11T09:30:50.799Z"
    },
    {
      "id": "HyZey24Ef",
      "name": "工作机会",
      "tpl": "aboutJob",
      "sub": {
        "title": "工作机会",
        "_content": {
          "type": "snippets",
          "items": [
            {
              "id": "HyWbZaYN4G",
              "title": "商务接待1"
            }
          ]
        }
      },
      "category": "contents_about",
      "uniqName": "工作机会_contents_about",
      "createdAt": "2018-01-11T09:31:20.617Z",
      "updatedAt": "2018-01-11T09:31:20.617Z"
    },
    {
      "id": "SyW3bk244M",
      "name": "赴美流程",
      "tpl": "processMain",
      "sub": {
        "title": "赴美流程",
        "_content": {
          "type": "snippets",
          "items": [
            {
              "id": "HJbX9ecN4G",
              "title": " 1.选择机构"
            },
            {
              "id": "rJholc4NG",
              "title": "2.签证申请"
            },
            {
              "id": "rJlpl9VVM",
              "title": "3.通过海关"
            },
            {
              "id": "Bk5RgcENf",
              "title": "4.抵达美国"
            },
            {
              "id": "SysgbcEVG",
              "title": "5.预约产检\t"
            },
            {
              "id": "HkIXWcN4M",
              "title": "6.静养待产，旅游购物"
            },
            {
              "id": "S1t4W9ENG",
              "title": "7.宝宝出生"
            },
            {
              "id": "ryASb9EVz",
              "title": "8.证件办理"
            },
            {
              "id": "BJTL-9N4M",
              "title": "9.安全回国"
            }
          ]
        }
      },
      "category": "contents_process",
      "uniqName": "赴美流程_contents_process",
      "createdAt": "2018-01-11T09:31:47.577Z",
      "updatedAt": "2018-01-11T09:31:47.577Z"
    },
    {
      "id": "SJsQ1n44M",
      "name": "签证申请",
      "tpl": "processVisa",
      "sub": {
        "title": "签证申请",
        "_content": {
          "type": "snippets",
          "items": [
            {
              "id": "BJb906F4VM",
              "title": "签证办理"
            },
            {
              "id": "rJRy0tVEz",
              "title": " 如果你希望孩子能在美国出生，成为美国公民，务必要认真对待签证办理这一环节。"
            }
          ]
        }
      },
      "category": "contents_process",
      "uniqName": "签证申请_contents_process",
      "createdAt": "2018-01-11T09:32:18.611Z",
      "updatedAt": "2018-01-11T09:32:18.611Z"
    },
    {
      "id": "SJt4J2E4G",
      "name": "合作医院",
      "tpl": "processHospital",
      "sub": {
        "_content": {
          "type": "snippets",
          "items": [
            {
              "id": "B1WIzRYVNG",
              "title": "Garfield Medical Center"
            },
            {
              "id": "Bys7CtNEz",
              "title": "Presbyterian Intercommunity Hospital"
            },
            {
              "id": "HJTBRYNNz",
              "title": "San Gabriel valley medical center"
            },
            {
              "id": "S18wAFNEG",
              "title": "Whittier Hospital Medical Center"
            },
            {
              "id": "SkPt0KNEG",
              "title": "Fountain Valley Regional Hospital & Medical Center"
            },
            {
              "id": "rknoCFNVM",
              "title": "Garden Grove Hospital Medical Center"
            },
            {
              "id": "HkcaRYNNM",
              "title": "下面我们来参观一下医院的产房内部环境；"
            }
          ]
        }
      },
      "category": "contents_process",
      "uniqName": "合作医院_contents_process",
      "createdAt": "2018-01-11T09:32:33.139Z",
      "updatedAt": "2018-01-11T09:32:33.139Z"
    },
    {
      "id": "SkGIJh4Vz",
      "name": "待产环境",
      "tpl": "processEnv",
      "sub": {
        "_content": {
          "type": "posts",
          "items": [
            {
              "id": "S1U63ONEM",
              "title": "待产繁华别墅"
            },
            {
              "id": "S1GuAd4VM",
              "title": "待产市区别墅"
            },
            {
              "id": "HyXc3dEEf",
              "title": "顶级豪华待产别墅"
            },
            {
              "id": "HkzOndNNf",
              "title": "待产登顶别墅"
            },
            {
              "id": "B1Df3dVNz",
              "title": "待产近海别墅"
            },
            {
              "id": "S1bi0idVNM",
              "title": "待产半山别墅"
            }
          ]
        }
      },
      "category": "contents_process",
      "uniqName": "待产环境_contents_process",
      "createdAt": "2018-01-11T09:32:57.834Z",
      "updatedAt": "2018-01-11T09:32:57.834Z"
    },
    {
      "id": "rkWvJnEVz",
      "name": "证件办理",
      "tpl": "processCertificate",
      "sub": {
        "_content": {
          "type": "snippets",
          "items": [
            {
              "id": "BJbciaKNEf",
              "title": "证件办理"
            },
            {
              "id": "rJ23at44z",
              "title": "证件的作用"
            }
          ]
        }
      },
      "category": "contents_process",
      "uniqName": "证件办理_contents_process",
      "createdAt": "2018-01-11T09:33:13.073Z",
      "updatedAt": "2018-01-11T09:33:13.073Z"
    },
    {
      "id": "SJbmdkhVNf",
      "name": "回国服务",
      "tpl": "retServicePage",
      "sub": {
        "title": "回国服务",
        "_content": {
          "type": "snippets",
          "items": [
            {
              "id": "HJW50nKENG",
              "title": "回国服务"
            }
          ]
        }
      },
      "category": "contents_service",
      "uniqName": "回国服务_contents_service",
      "createdAt": "2018-01-11T09:33:30.904Z",
      "updatedAt": "2018-01-11T09:33:30.904Z"
    }
  ]
}