{
  "links": [
    {
      "id": "SJWtbqEVf",
      "name": "关于我们",
      "link": "http://borninusa.cn/about",
      "createdAt": "2018-01-11T07:25:44.749Z",
      "updatedAt": "2018-01-11T07:25:44.749Z"
    },
    {
      "id": "HJv5-qNEf",
      "name": "联系我们",
      "link": "http://borninusa.cn/about/contact",
      "createdAt": "2018-01-11T07:26:07.339Z",
      "updatedAt": "2018-01-11T07:26:07.339Z"
    },
    {
      "id": "H1vjZcNNf",
      "name": "工作机会",
      "link": "http://borninusa.cn/about/job",
      "createdAt": "2018-01-11T07:26:23.102Z",
      "updatedAt": "2018-01-11T07:26:23.102Z"
    },
    {
      "id": "BkY2-qNEz",
      "name": "赴美流程",
      "link": "http://borninusa.cn/process",
      "createdAt": "2018-01-11T07:26:40.606Z",
      "updatedAt": "2018-01-11T07:26:40.606Z"
    },
    {
      "id": "rJc6b5NEz",
      "name": "合作医院",
      "link": "http://borninusa.cn/process/cohospital",
      "createdAt": "2018-01-11T07:26:57.747Z",
      "updatedAt": "2018-01-11T07:26:57.747Z"
    },
    {
      "id": "ry0RWcN4G",
      "name": "待产环境",
      "link": "http://borninusa.cn/process/environment",
      "createdAt": "2018-01-11T07:27:18.229Z",
      "updatedAt": "2018-01-11T07:27:18.229Z"
    },
    {
      "id": "rk5gGq4EG",
      "name": "证件办理",
      "link": "http://borninusa.cn/process/certificate",
      "createdAt": "2018-01-11T07:27:45.667Z",
      "updatedAt": "2018-01-11T07:27:45.667Z"
    },
    {
      "id": "r1SNM5EEz",
      "name": "微信公众号",
      "link": "",
      "file": {
        "fieldname": "file",
        "originalname": "weixin-gzh.jpeg",
        "encoding": "7bit",
        "mimetype": "image/jpeg",
        "destination": "E:\\work\\born\\public\\upload",
        "filename": "1515655725059-weixin-gzh.jpeg",
        "path": "\\upload\\1515655725059-weixin-gzh.jpeg",
        "size": 28341
      },
      "createdAt": "2018-01-11T07:28:45.081Z",
      "updatedAt": "2018-01-11T07:28:45.081Z",
      "src": "\\upload\\1515655725059-weixin-gzh.jpeg"
    },
    {
      "id": "rkcSf9NNf",
      "name": "微信号",
      "link": "",
      "file": {
        "fieldname": "file",
        "originalname": "weixin-kf.jpeg",
        "encoding": "7bit",
        "mimetype": "image/jpeg",
        "destination": "E:\\work\\born\\public\\upload",
        "filename": "1515655745706-weixin-kf.jpeg",
        "path": "\\upload\\1515655745706-weixin-kf.jpeg",
        "size": 29297
      },
      "createdAt": "2018-01-11T07:29:05.728Z",
      "updatedAt": "2018-01-11T07:29:05.728Z",
      "src": "\\upload\\1515655745706-weixin-kf.jpeg"
    }
  ]
}