{
  "news": [
    {
      "id": "SJjtyFNNG",
      "title": "为什么任正非在考察美国回来很心酸？",
      "link": "",
      "publishedDate": "2018-01-11T00:00:00.000Z",
      "published": "true",
      "abstract": "许多人希望美国衰退，更有一些人成天唱衰美国，但多少年来，美国恰恰是在我们的“唱衰”中日益强大。任正非用自己的所见所闻所感，得出了一个结论：美国将经久不衰！",
      "content": "<p style=\"margin-top: 0px; margin-bottom: 0px; white-space: normal; padding: 0px; word-wrap: break-word; word-break: normal; color: rgb(0, 0, 0); font-family: 微软雅黑, Helvetica, 黑体, Arial, Tahoma; font-size: 12px; line-height: 2em;\"><span style=\"font-family: 华文宋体, STSong; font-size: 18px;\">&nbsp;许多人希望美国衰退，更有一些人成天唱衰美国，但多少年来，美国恰恰是在我们的</span><span style=\"font-family: 华文宋体, STSong; font-size: 18px;\">“</span><span style=\"font-family: 华文宋体, STSong; font-size: 18px;\">唱衰</span><span style=\"font-family: 华文宋体, STSong; font-size: 18px;\">”</span><span style=\"font-family: 华文宋体, STSong; font-size: 18px;\">中日益强大。任正非用自己的所见所闻所感，得出了一个结论：美国将经久不衰！</span><br/></p><p style=\"margin-top: 0px; margin-bottom: 0px; white-space: normal; padding: 0px; word-wrap: break-word; word-break: normal; color: rgb(0, 0, 0); font-family: 微软雅黑, Helvetica, 黑体, Arial, Tahoma; font-size: 12px; line-height: 2em;\"><span style=\"font-size: 18px; font-family: 华文宋体, STSong;\">&nbsp; &nbsp; &nbsp; &nbsp;这篇文章是1992年任正非去美国的时候写的，当时苏联刚刚解体，社会主义国家正是自信心最低的时候。</span></p><p style=\"margin-top: 0px; margin-bottom: 0px; white-space: normal; padding: 0px; word-wrap: break-word; word-break: normal; color: rgb(0, 0, 0); font-family: 微软雅黑, Helvetica, 黑体, Arial, Tahoma; font-size: 12px; line-height: 2em;\"><span style=\"font-size: 18px; font-family: 华文宋体, STSong;\">如今华为的市场份额已超越了苹果，跃升为全球第一。不过，从任正非流出的各种讲话内容看，即使在今天，他也不否认美国是鼓励创新的优秀国家，他强调的多是向先进的对手学习；而他对华为各种警钟长鸣的告诫，也仍然保持着谦虚的风格。</span></p><p style=\"margin-top: 0px; margin-bottom: 0px; white-space: normal; padding: 0px; word-wrap: break-word; word-break: normal; color: rgb(0, 0, 0); font-family: 微软雅黑, Helvetica, 黑体, Arial, Tahoma; font-size: 12px; line-height: 2em;\"><span style=\"font-size: 18px; font-family: 华文宋体, STSong;\">今天华为的成就，正是因为任正非将自己的视野放大了N倍——关注和考察了美国社会的方方面面，包括环保、教育、人性、科技、管理、电影。有见闻就会有比较，这一比，就自然难免让他感到“心酸”。</span></p><p style=\"margin-top: 0px; margin-bottom: 0px; white-space: normal; padding: 0px; word-wrap: break-word; word-break: normal; color: rgb(0, 0, 0); font-family: 微软雅黑, Helvetica, 黑体, Arial, Tahoma; font-size: 12px; line-height: 2em;\"><span style=\"font-size: 18px; font-family: 华文宋体, STSong;\">&nbsp;&nbsp;&nbsp;&nbsp;其实，美国还有很多很多任正非没有考察到的东西，或许考察到了他没有说的东西。其中最重要的当是美国的制度——美国其他方面先进，在很大程度上说都缘于美国的制度先进。比如美国的科技能够领先世界，首先得益于美国具有包容力的体制和具有自主经营、自由选择、自由流动的现代市场经济，吸引了世界各地的优秀科技人才，而崇尚和鼓励科学家自由探索的风气，则有助于激发科技人才的创造性思维。</span></p><p style=\"margin-top: 0px; margin-bottom: 0px; white-space: normal; padding: 0px; word-wrap: break-word; word-break: normal; color: rgb(0, 0, 0); font-family: 微软雅黑, Helvetica, 黑体, Arial, Tahoma; font-size: 12px; line-height: 2em;\"><span style=\"font-size: 18px; font-family: 华文宋体, STSong;\">&nbsp;&nbsp;&nbsp;&nbsp;</span></p><p style=\"margin-top: 0px; margin-bottom: 0px; white-space: normal; padding: 0px; word-wrap: break-word; word-break: normal; color: rgb(0, 0, 0); font-family: 微软雅黑, Helvetica, 黑体, Arial, Tahoma; font-size: 12px; line-height: 2em;\"><span style=\"font-size: 18px; font-family: 华文宋体, STSong;\">&nbsp;&nbsp;&nbsp;&nbsp;任正非：六点美国印象让我心酸</span></p><p style=\"margin-top: 0px; margin-bottom: 0px; white-space: normal; padding: 0px; word-wrap: break-word; word-break: normal; color: rgb(0, 0, 0); font-family: 微软雅黑, Helvetica, 黑体, Arial, Tahoma; font-size: 12px; line-height: 2em;\"><span style=\"font-size: 18px; font-family: 华文宋体, STSong;\">&nbsp;&nbsp;&nbsp;&nbsp;</span></p><p style=\"margin-top: 0px; margin-bottom: 0px; white-space: normal; padding: 0px; word-wrap: break-word; word-break: normal; color: rgb(0, 0, 0); font-family: 微软雅黑, Helvetica, 黑体, Arial, Tahoma; font-size: 12px; line-height: 2em;\"><span style=\"font-size: 18px; font-family: 华文宋体, STSong;\">&nbsp;&nbsp;&nbsp;&nbsp;1992年整个考察期间，任正非耳濡目染了美国优美的环境、领先的教育、超然的人性、发达的科技、先进的管理、真实的文化；并深感美国人踏实、认真、专一的精神，精益求精的工作作风，毫无保守的学术风气，值得每一个中国人学习。对于事实上存在的中美差异，任正非自我感觉心酸，并具此篇。</span></p><p style=\"margin-top: 0px; margin-bottom: 0px; white-space: normal; padding: 0px; word-wrap: break-word; word-break: normal; color: rgb(0, 0, 0); font-family: 微软雅黑, Helvetica, 黑体, Arial, Tahoma; font-size: 12px; line-height: 2em;\"><span style=\"font-size: 18px; font-family: 华文宋体, STSong;\">三年前还年销售35亿美元的美国知名王安电脑公司，为什么现在宣布破产保护？日本三菱这么强大的集团，为何会退出电脑生产？带着这样的疑问，我前往美国考察。飞机经东京，飞越太平洋及美国大陆，抵达大西洋彼岸的波士顿。一出国门我就生病了，在香港机场开始呕吐，又加上连续二十多小时的时差反应，一直折腾到美国中部城市达拉斯。</span></p><p style=\"margin-top: 0px; margin-bottom: 0px; white-space: normal; padding: 0px; word-wrap: break-word; word-break: normal; color: rgb(0, 0, 0); font-family: 微软雅黑, Helvetica, 黑体, Arial, Tahoma; font-size: 12px; line-height: 2em;\"><span style=\"font-size: 18px; font-family: 华文宋体, STSong;\">&nbsp;&nbsp;&nbsp;&nbsp;整个考察期间，有六点美国印象让我感觉酸酸的。</span></p><p style=\"margin-top: 0px; margin-bottom: 0px; white-space: normal; padding: 0px; word-wrap: break-word; word-break: normal; color: rgb(0, 0, 0); font-family: 微软雅黑, Helvetica, 黑体, Arial, Tahoma; font-size: 12px; line-height: 2em;\"><span style=\"font-size: 18px; font-family: 华文宋体, STSong;\"><br/></span></p><p style=\"margin-top: 0px; margin-bottom: 0px; white-space: normal; padding: 0px; word-wrap: break-word; word-break: normal; color: rgb(0, 0, 0); font-family: 微软雅黑, Helvetica, 黑体, Arial, Tahoma; font-size: 12px; line-height: 2em;\"><span style=\"font-size: 18px; font-family: 华文宋体, STSong;\">&nbsp;&nbsp;&nbsp;&nbsp;环保</span></p><p style=\"margin-top: 0px; margin-bottom: 0px; white-space: normal; padding: 0px; word-wrap: break-word; word-break: normal; color: rgb(0, 0, 0); font-family: 微软雅黑, Helvetica, 黑体, Arial, Tahoma; font-size: 12px; line-height: 2em;\"><span style=\"font-size: 18px; font-family: 华文宋体, STSong;\">&nbsp;&nbsp;&nbsp;</span></p><p style=\"margin-top: 0px; margin-bottom: 0px; white-space: normal; padding: 0px; word-wrap: break-word; word-break: normal; color: rgb(0, 0, 0); font-family: 微软雅黑, Helvetica, 黑体, Arial, Tahoma; font-size: 12px; line-height: 2em;\"><span style=\"font-size: 18px; font-family: 华文宋体, STSong;\">&nbsp;&nbsp;&nbsp;&nbsp;&nbsp;波士顿是座美丽的城市，而且是南北战争的策源地，也是当年欧洲人开发美洲大陆的窗口。古老的房屋收拾得十分整齐，外表都刷着朴实的油漆。这个城市的美，在于城市中处处都保留着小片小片的森林。沿街全是绿菌菌的草地，草地上种着阔叶树。这些枫树、橡树，冬天叶子都要掉得光光的。现在是秋天，树叶红的、绿的、黄的、黄绿的、褐色的、深红色的……在阳光的照耀下，全透明了，如诗如画。纷纷飘落的树叶，铺满了绿草地，好象一条五彩斑斓的地毯。这番自然风光还要盖过北京的香山。</span></p><p style=\"margin-top: 0px; margin-bottom: 0px; white-space: normal; padding: 0px; word-wrap: break-word; word-break: normal; color: rgb(0, 0, 0); font-family: 微软雅黑, Helvetica, 黑体, Arial, Tahoma; font-size: 12px; line-height: 2em; text-align: center;\"><span style=\"font-size: 18px; font-family: 华文宋体, STSong;\"></span></p><p style=\"margin-top: 0px; margin-bottom: 0px; white-space: normal; padding: 0px; word-wrap: break-word; word-break: normal; color: rgb(0, 0, 0); font-family: 微软雅黑, Helvetica, 黑体, Arial, Tahoma; font-size: 12px; line-height: 2em;\"><span style=\"font-size: 18px; font-family: 华文宋体, STSong;\"><span style=\"font-weight: 700;\">&nbsp;&nbsp;&nbsp;&nbsp;</span>美国人民数百年来对环境的保护，令人惊叹<span style=\"font-weight: 700;\">。</span>在纽约街边的树上，小松鼠跑来跑去。一些旅馆门前，一到傍晚，每颗树上都落下几百上千只鸟，小鸟飞到人群中、房子里是十分自然的。</span></p><p style=\"margin-top: 0px; margin-bottom: 0px; white-space: normal; padding: 0px; word-wrap: break-word; word-break: normal; color: rgb(0, 0, 0); font-family: 微软雅黑, Helvetica, 黑体, Arial, Tahoma; font-size: 12px; line-height: 2em;\"><span style=\"font-size: 18px; font-family: 华文宋体, STSong;\">&nbsp;&nbsp;&nbsp;&nbsp;我们国土与美国大致相等，但西藏、新疆就占去很大一部分，云贵高原的大山又占去一部分，余下不到一半的国土，却盛着12亿人民。教育经费的缺少，文化素质的低下，盲目的繁殖人口，连田边地角都挖空了，如何还有山林、草地？</span></p><p style=\"margin-top: 0px; margin-bottom: 0px; white-space: normal; padding: 0px; word-wrap: break-word; word-break: normal; color: rgb(0, 0, 0); font-family: 微软雅黑, Helvetica, 黑体, Arial, Tahoma; font-size: 12px; line-height: 2em;\"><span style=\"font-size: 18px; font-family: 华文宋体, STSong;\">&nbsp;&nbsp;&nbsp;&nbsp;达拉斯是德克萨斯州中部的一座城市。德州原是一片草原，原先比较贫穷，因发现石油而一下子成为美国的富州。德州有似我国的内蒙古，并从石油引发了科技的发展。我国大庆的高科技开发区，号召科技人员纷纷下海，建立脱离石油的各类产业，几十年后，当大庆石油枯竭，中国又会出现一个德州科技区。任何一个领导，眼光都要放长一些。</span></p><p style=\"margin-top: 0px; margin-bottom: 0px; white-space: normal; padding: 0px; word-wrap: break-word; word-break: normal; color: rgb(0, 0, 0); font-family: 微软雅黑, Helvetica, 黑体, Arial, Tahoma; font-size: 12px; line-height: 2em;\"><span style=\"font-size: 18px; font-family: 华文宋体, STSong;\">&nbsp;&nbsp;&nbsp;&nbsp;拉斯维加斯城市是一片茫茫沙海，特别在夜间，也许是全美国最漂亮的城市。整个城市除了酒店、国际会议中心外，就没有任何建筑，酒店的大厅就是赌场，因此，具有同时吞吐近百万人的能力。凯撒宫之类的建筑令人瞠目结舌，是如此之漂亮、富丽堂皇。在酒店大厅里，还有一片热带雨林。</span></p><p style=\"margin-top: 0px; margin-bottom: 0px; white-space: normal; padding: 0px; word-wrap: break-word; word-break: normal; color: rgb(0, 0, 0); font-family: 微软雅黑, Helvetica, 黑体, Arial, Tahoma; font-size: 12px; line-height: 2em; text-align: center;\"><span style=\"font-size: 18px; font-family: 华文宋体, STSong;\">&nbsp;&nbsp;&nbsp;</span></p><p style=\"margin-top: 0px; margin-bottom: 0px; white-space: normal; padding: 0px; word-wrap: break-word; word-break: normal; color: rgb(0, 0, 0); font-family: 微软雅黑, Helvetica, 黑体, Arial, Tahoma; font-size: 12px; line-height: 2em;\"><span style=\"font-size: 18px; font-family: 华文宋体, STSong;\">&nbsp;&nbsp;&nbsp;&nbsp;&nbsp;教育</span></p><p style=\"margin-top: 0px; margin-bottom: 0px; white-space: normal; padding: 0px; word-wrap: break-word; word-break: normal; color: rgb(0, 0, 0); font-family: 微软雅黑, Helvetica, 黑体, Arial, Tahoma; font-size: 12px; line-height: 2em;\"><span style=\"font-size: 18px; font-family: 华文宋体, STSong;\"></span></p><p style=\"margin-top: 0px; margin-bottom: 0px; white-space: normal; padding: 0px; word-wrap: break-word; word-break: normal; color: rgb(0, 0, 0); font-family: 微软雅黑, Helvetica, 黑体, Arial, Tahoma; font-size: 12px; line-height: 2em;\"><span style=\"font-size: 18px; font-family: 华文宋体, STSong;\">&nbsp;&nbsp;&nbsp;&nbsp;我们在CP呆了一天半多一些，第二天就要离开波士顿，仅仅余下的半天，又下着蒙蒙细雨。大家在雨中又参观了哈佛大学与麻省理工大学校园。这为世界孕育了多少英雄人物的校园中，差不多1/4以上的学生是亚洲人。这次考察我们普遍认为美国的教育文化水平很高，科学技术比较发达。在高度发达的信息社会里，低文化素质就象一条链，拖住了整个经济的发展。发达国家用一些硅片，换走了我们大量花生米，我们常认为这是一种不平等交换。</span></p><p style=\"margin-top: 0px; margin-bottom: 0px; white-space: normal; padding: 0px; word-wrap: break-word; word-break: normal; color: rgb(0, 0, 0); font-family: 微软雅黑, Helvetica, 黑体, Arial, Tahoma; font-size: 12px; line-height: 2em; text-align: center;\"></p><p style=\"margin-top: 0px; margin-bottom: 0px; white-space: normal; padding: 0px; word-wrap: break-word; word-break: normal; color: rgb(0, 0, 0); font-family: 微软雅黑, Helvetica, 黑体, Arial, Tahoma; font-size: 12px; line-height: 2em;\"><span style=\"font-size: 18px; font-family: 华文宋体, STSong;\">&nbsp;&nbsp;&nbsp;&nbsp;美国人踏踏实实、十分专一的认真精神，精益求精的工作作风，毫无保守的学术风气，确实是值得我们学习的。美国人没有象中国人那么多远大的理想，也没有胸怀祖国、放眼世界的空洞抱负，也不像我们那样充满幻想。航天飞机，大规模硅片，超大型计算机，超微型的终端，发达而优良的电信设备、测试仪器，是美国人民的勤劳创造的，是掠夺不来的。</span></p><p style=\"margin-top: 0px; margin-bottom: 0px; white-space: normal; padding: 0px; word-wrap: break-word; word-break: normal; color: rgb(0, 0, 0); font-family: 微软雅黑, Helvetica, 黑体, Arial, Tahoma; font-size: 12px; line-height: 2em;\"><span style=\"font-size: 18px; font-family: 华文宋体, STSong;\">&nbsp;&nbsp;&nbsp;&nbsp;不发达国家付出了大量的初级产品，只能换取发达国家的少量高技术产品。前者是随处可买到的，价格是有规律的，后者是独特的，价格是随意的，用以偿还开发生产中的风险投资及优秀人才的酬金，这并不是掠夺。感慨之余，回想二十年代、三十年代一些先辈，奔走呼号教育救国，为社会所不理解，他们的一片爱国心受到曲解。到了六十年代，七十年代，教育救国连提都不敢提了，仍然没有理解，反而相信书读得越多越笨。我们触景生情，有些感慨，同样大声呼出教育救国。</span></p><p style=\"margin-top: 0px; margin-bottom: 0px; white-space: normal; padding: 0px; word-wrap: break-word; word-break: normal; color: rgb(0, 0, 0); font-family: 微软雅黑, Helvetica, 黑体, Arial, Tahoma; font-size: 12px; line-height: 2em;\"><span style=\"font-size: 18px; font-family: 华文宋体, STSong;\">&nbsp;&nbsp;&nbsp;&nbsp;人们说十八世纪是西班牙的世纪，二十世纪是美国的世纪，二十一世纪是亚洲的世纪。这不正是一线曙光？随着十四大市场经济方针的推行，人才的争夺必然会在中国的土地上进行。文化高的人越富，这种差距到21世纪就不可弥补。所以，我公司聚集优秀人才、提高人才浓度的政策是正确的，尽管它暂时增加了生产成本。</span></p><p style=\"margin-top: 0px; margin-bottom: 0px; white-space: normal; padding: 0px; word-wrap: break-word; word-break: normal; color: rgb(0, 0, 0); font-family: 微软雅黑, Helvetica, 黑体, Arial, Tahoma; font-size: 12px; line-height: 2em;\"><span style=\"font-size: 18px; font-family: 华文宋体, STSong;\">&nbsp;&nbsp;&nbsp;&nbsp;越繁荣越发展科技，越发展科技越重视教育，越重视教育越人才辈出，越人才辈出经济越繁荣，走入了一个良性的循环圈。只有知识有价，才会有人才的渴求，有了人才的渴求，才会重视教育<span style=\"font-weight: 700;\">。</span>想到我国广大农村学校多数还在危房中，想到希望工程在中国还未被人们高度认识，忧国忧民，给我们的心蒙上了一层阴影。</span></p><p style=\"margin-top: 0px; margin-bottom: 0px; white-space: normal; padding: 0px; word-wrap: break-word; word-break: normal; color: rgb(0, 0, 0); font-family: 微软雅黑, Helvetica, 黑体, Arial, Tahoma; font-size: 12px; line-height: 2em;\"><span style=\"font-size: 18px; font-family: 华文宋体, STSong;\"><span style=\"font-weight: 700;\">&nbsp;&nbsp;&nbsp;&nbsp;</span>不振兴教育，是不可能振兴中华的，再穷不能穷教育。我国教育条件还十分困难，人口一天天增长，受教育的机会与水平均低于发达国家。希望工程的钟声，一遍一遍地敲响（还有人敲那个钟吗？没人啦！），正敲碎人们的金钱梦。台湾、南朝鲜是我们的榜样，大批回台工作的学者，为台湾经济增加了多少血液。</span></p><p style=\"margin-top: 0px; margin-bottom: 0px; white-space: normal; padding: 0px; word-wrap: break-word; word-break: normal; color: rgb(0, 0, 0); font-family: 微软雅黑, Helvetica, 黑体, Arial, Tahoma; font-size: 12px; line-height: 2em;\"><span style=\"font-size: 18px; font-family: 华文宋体, STSong;\">&nbsp;&nbsp;&nbsp;&nbsp;</span></p><p style=\"margin-top: 0px; margin-bottom: 0px; white-space: normal; padding: 0px; word-wrap: break-word; word-break: normal; color: rgb(0, 0, 0); font-family: 微软雅黑, Helvetica, 黑体, Arial, Tahoma; font-size: 12px; line-height: 2em;\"><span style=\"font-size: 18px; font-family: 华文宋体, STSong;\">&nbsp;&nbsp;&nbsp;&nbsp;人性</span></p><p style=\"margin-top: 0px; margin-bottom: 0px; white-space: normal; padding: 0px; word-wrap: break-word; word-break: normal; color: rgb(0, 0, 0); font-family: 微软雅黑, Helvetica, 黑体, Arial, Tahoma; font-size: 12px; line-height: 2em;\"><span style=\"font-size: 18px; font-family: 华文宋体, STSong;\">&nbsp;&nbsp;&nbsp;&nbsp;</span></p><p style=\"margin-top: 0px; margin-bottom: 0px; white-space: normal; padding: 0px; word-wrap: break-word; word-break: normal; color: rgb(0, 0, 0); font-family: 微软雅黑, Helvetica, 黑体, Arial, Tahoma; font-size: 12px; line-height: 2em;\"><span style=\"font-size: 18px; font-family: 华文宋体, STSong;\">&nbsp;&nbsp;&nbsp;&nbsp;离开波士顿，乘了六个小时的汽车，来到纽约，住到中国领事馆。吃了几顿玉米糊，是如此的香。在美国最大问题是吃不惯，美国人吃得十分简单。纽约是美国最大、最繁荣，也是最脏、社会秩序最不好的城市，但秩序还是比我们深圳好得多。特别是美国人的人性十分超然。</span></p><p style=\"margin-top: 0px; margin-bottom: 0px; white-space: normal; padding: 0px; word-wrap: break-word; word-break: normal; color: rgb(0, 0, 0); font-family: 微软雅黑, Helvetica, 黑体, Arial, Tahoma; font-size: 12px; line-height: 2em;\"><span style=\"font-size: 18px; font-family: 华文宋体, STSong;\">因为是路过，匆匆一览。先是参观了美国中央公园，在如此繁华的市中心，竟有一块如此之大的原始森林般的中央公园，令人难以理解。森林是如此的漂亮，小鸟依人，松鼠逗人，一切是如此的和谐可爱。中央公园那么大，我们走了半天，一看地图才知走了一个小角。为了知道有多大，租了一个出租车，飞快地跑了一圈，因为司机怕黑人骚乱，花了相当于人民币100多元。</span></p><p style=\"margin-top: 0px; margin-bottom: 0px; white-space: normal; padding: 0px; word-wrap: break-word; word-break: normal; color: rgb(0, 0, 0); font-family: 微软雅黑, Helvetica, 黑体, Arial, Tahoma; font-size: 12px; line-height: 2em;\"><span style=\"font-size: 18px; font-family: 华文宋体, STSong;\">&nbsp;&nbsp;&nbsp;&nbsp;再是参观自然博物馆。在仅剩的一个小时里，我们想匆匆跑一遍，跑马观花式地参观一下自然博物馆。结果进去才知道我们错了，里面的展品如此精湛，如此栩栩如生，在有些地方简直是重归大自然，重归原始社会。全世界的各种珍奇精品，按照自然的规律收集、排列得如此的合谐，如此的丰富。难怪以前常有人说：他们博士论文就是在博物馆里写出来的。真是研究社会发展、自然发展最好的课堂。</span></p><p style=\"margin-top: 0px; margin-bottom: 0px; white-space: normal; padding: 0px; word-wrap: break-word; word-break: normal; color: rgb(0, 0, 0); font-family: 微软雅黑, Helvetica, 黑体, Arial, Tahoma; font-size: 12px; line-height: 2em;\"><span style=\"font-size: 18px; font-family: 华文宋体, STSong;\">&nbsp;&nbsp;&nbsp;&nbsp;我们路过费城，看了一个年收入约4万美元的中国留学生(已工作)家庭。冬天冻得十分冷，他们舍不得开暖气。小太太对我讲：这样一年才能节约100美元。而且国内亲戚一开口就要他们寄1万美金。他们国也不敢回。吃的、用的都十分简单。中国人是省吃俭用，留给后代，美国人狂花乱花，广交朋友。中国人永远陷在中国人的圈子里，永远跳不进钱窝，在富裕的美国，仍然贫穷。美国人朋友越交越多，机会越来越好，钱也越挣越多。人生的成功，80%在机会。</span></p><p style=\"margin-top: 0px; margin-bottom: 0px; white-space: normal; padding: 0px; word-wrap: break-word; word-break: normal; color: rgb(0, 0, 0); font-family: 微软雅黑, Helvetica, 黑体, Arial, Tahoma; font-size: 12px; line-height: 2em; text-align: center;\"></p><p style=\"margin-top: 0px; margin-bottom: 0px; white-space: normal; padding: 0px; word-wrap: break-word; word-break: normal; color: rgb(0, 0, 0); font-family: 微软雅黑, Helvetica, 黑体, Arial, Tahoma; font-size: 12px; line-height: 2em;\"><span style=\"font-size: 18px; font-family: 华文宋体, STSong;\">&nbsp;&nbsp;&nbsp;&nbsp;周一我们飞抵达拉斯，这是德克萨斯仪器公司(TI)的总部所在地。TI公司总部占地6万英亩。我们一到就提出参观工厂，其亚太地区经理告诉我们，这儿没有工厂，工厂分散在世界100多个地方封装集成电路。在总部主要集中了研究与销售的队伍。我们注意到他们的总裁、董事长在比较简单的、外表比较破旧的平房里办公;地区销售经理们，却是一个地区经理一幢高大的玻璃幕墙的大楼，十分清洁与安静。</span></p><p style=\"margin-top: 0px; margin-bottom: 0px; white-space: normal; padding: 0px; word-wrap: break-word; word-break: normal; color: rgb(0, 0, 0); font-family: 微软雅黑, Helvetica, 黑体, Arial, Tahoma; font-size: 12px; line-height: 2em;\"><span style=\"font-size: 18px; font-family: 华文宋体, STSong;\">&nbsp;&nbsp;&nbsp;&nbsp;</span></p><p style=\"margin-top: 0px; margin-bottom: 0px; white-space: normal; padding: 0px; word-wrap: break-word; word-break: normal; color: rgb(0, 0, 0); font-family: 微软雅黑, Helvetica, 黑体, Arial, Tahoma; font-size: 12px; line-height: 2em;\"><span style=\"font-size: 18px; font-family: 华文宋体, STSong;\">&nbsp;&nbsp;&nbsp;&nbsp;科技</span></p><p style=\"margin-top: 0px; margin-bottom: 0px; white-space: normal; padding: 0px; word-wrap: break-word; word-break: normal; color: rgb(0, 0, 0); font-family: 微软雅黑, Helvetica, 黑体, Arial, Tahoma; font-size: 12px; line-height: 2em;\"><span style=\"font-size: 18px; font-family: 华文宋体, STSong;\">&nbsp;&nbsp;&nbsp;&nbsp;</span></p><p style=\"margin-top: 0px; margin-bottom: 0px; white-space: normal; padding: 0px; word-wrap: break-word; word-break: normal; color: rgb(0, 0, 0); font-family: 微软雅黑, Helvetica, 黑体, Arial, Tahoma; font-size: 12px; line-height: 2em;\"><span style=\"font-size: 18px; font-family: 华文宋体, STSong;\">&nbsp;&nbsp;&nbsp;&nbsp;众所周知，美国的科技十分发达，我们专程赴拉斯维加斯，参观了国际电脑展。大约有50万人参加，华人较少，大陆华人更少。中国人不出去看一看，闭门造车，不仅不可能赶上别人，而且可能从时代的列车上摔下来<span style=\"font-weight: 700;\">。</span>我们已处在入关的微妙时期，应保持良好的市场与技术信息。公司将会一批一批地安排同志们出去看一看。</span></p><p style=\"margin-top: 0px; margin-bottom: 0px; white-space: normal; padding: 0px; word-wrap: break-word; word-break: normal; color: rgb(0, 0, 0); font-family: 微软雅黑, Helvetica, 黑体, Arial, Tahoma; font-size: 12px; line-height: 2em;\"><span style=\"font-size: 18px; font-family: 华文宋体, STSong;\">&nbsp;&nbsp;&nbsp;&nbsp;TI公司对我们的到访十分热情，向我们介绍了许多我们前所未闻的高速器件。公司的介绍非常条理化，主要使用投影设备、胶片以及编辑得逻辑性很强的技术说明。从早上一直到晚上不停地介绍，十分投机，增长了许多对TI的了解。</span></p><p style=\"margin-top: 0px; margin-bottom: 0px; white-space: normal; padding: 0px; word-wrap: break-word; word-break: normal; color: rgb(0, 0, 0); font-family: 微软雅黑, Helvetica, 黑体, Arial, Tahoma; font-size: 12px; line-height: 2em;\"><span style=\"font-size: 18px; font-family: 华文宋体, STSong;\">&nbsp;&nbsp;&nbsp;&nbsp;我们还看到成群的美国儿童来这里参观国际电脑展，心中无限感慨：不知此中还有多少发明明天的原子弹、航天飞机的英才在成长，美国将经久不衰。一小时，我们跑着看，竟连五层大楼的一层的一个角也没有跑完。认真看一个月也看不完。</span></p><p style=\"margin-top: 0px; margin-bottom: 0px; white-space: normal; padding: 0px; word-wrap: break-word; word-break: normal; color: rgb(0, 0, 0); font-family: 微软雅黑, Helvetica, 黑体, Arial, Tahoma; font-size: 12px; line-height: 2em;\"><span style=\"font-size: 18px; font-family: 华文宋体, STSong;\">&nbsp;&nbsp;&nbsp;&nbsp;参观这次国际展览，我们仅有一天，拼命地在厅里跑，才勉强参观完一个厅。之后才知有七个厅，至少需要七天。对国际电脑的发展，大开眼界。找到我国电脑工业将日落西山的感觉，找到我们不拼命发展技术、最终会丢失全部市场的感觉。</span></p><p style=\"margin-top: 0px; margin-bottom: 0px; white-space: normal; padding: 0px; word-wrap: break-word; word-break: normal; color: rgb(0, 0, 0); font-family: 微软雅黑, Helvetica, 黑体, Arial, Tahoma; font-size: 12px; line-height: 2em;\"><span style=\"font-size: 18px; font-family: 华文宋体, STSong;\">&nbsp;&nbsp;&nbsp;&nbsp;参观这次展览，我们才体会到什么是技术危机与市场危机。王安公司三年前还年销售35亿美元，现在宣布破产保护。日本三菱这么强大的集团，退出了电脑生产。这种强烈的危机感，推动整个世界的前进。华为被历史摆在了一个不进则退的地位，科海无边，回头无岸，错过了发展机遇，将会全军覆没。华为这几年走过的路是对的，还不够，应大胆地往前走、往前走。</span></p><p style=\"margin-top: 0px; margin-bottom: 0px; white-space: normal; padding: 0px; word-wrap: break-word; word-break: normal; color: rgb(0, 0, 0); font-family: 微软雅黑, Helvetica, 黑体, Arial, Tahoma; font-size: 12px; line-height: 2em;\"><span style=\"font-size: 18px; font-family: 华文宋体, STSong;\">&nbsp;&nbsp;&nbsp;&nbsp;我们最后一站是到硅谷，圣克拉拉是加州的一个小地方，有480万人，竟然没有工业。全美电子工业、尖端工业都把研究机构设在这里。IBM的总部据说占地400平方公里，这令人难以置信。我们租了一个出租车，在里面至少走了6-7公里的直径，到底有多大，还不明确。HP、NS、AMD、INTEL-----，都在这儿。因此，到美国考察，只需在硅谷就可以了解全美的电子技术。</span></p><p style=\"margin-top: 0px; margin-bottom: 0px; white-space: normal; padding: 0px; word-wrap: break-word; word-break: normal; color: rgb(0, 0, 0); font-family: 微软雅黑, Helvetica, 黑体, Arial, Tahoma; font-size: 12px; line-height: 2em; text-align: center;\"></p><p style=\"margin-top: 0px; margin-bottom: 0px; white-space: normal; padding: 0px; word-wrap: break-word; word-break: normal; color: rgb(0, 0, 0); font-family: 微软雅黑, Helvetica, 黑体, Arial, Tahoma; font-size: 12px; line-height: 2em;\"><span style=\"font-size: 18px; font-family: 华文宋体, STSong;\">&nbsp;&nbsp;&nbsp;&nbsp;加州的经济独立计算，占世界第八位。我们参观了NS(国家半导体)，它有6000多研究人员，在硅谷没有工厂。听了他们关于光器件等一系列新器件的介绍，看到世界第三代交换网的崛起，看到新技术的出现将使世界市场变一个大样。</span></p><p style=\"margin-top: 0px; margin-bottom: 0px; white-space: normal; padding: 0px; word-wrap: break-word; word-break: normal; color: rgb(0, 0, 0); font-family: 微软雅黑, Helvetica, 黑体, Arial, Tahoma; font-size: 12px; line-height: 2em;\"><span style=\"font-size: 18px; font-family: 华文宋体, STSong;\">&nbsp;&nbsp;&nbsp;&nbsp;我们起步得晚，别人已走了几年了，我们才刚开始。我们用钱卖到这些器件，水平也就尽快地提到世界前列，当然还有大量的软件要做。在硅谷我们的感受最深，仿佛每根脉搏都在振荡。</span></p><p style=\"margin-top: 0px; margin-bottom: 0px; white-space: normal; padding: 0px; word-wrap: break-word; word-break: normal; color: rgb(0, 0, 0); font-family: 微软雅黑, Helvetica, 黑体, Arial, Tahoma; font-size: 12px; line-height: 2em;\"><span style=\"font-size: 18px; font-family: 华文宋体, STSong;\"><br/></span></p><p style=\"margin-top: 0px; margin-bottom: 0px; white-space: normal; padding: 0px; word-wrap: break-word; word-break: normal; color: rgb(0, 0, 0); font-family: 微软雅黑, Helvetica, 黑体, Arial, Tahoma; font-size: 12px; line-height: 2em;\"><span style=\"font-size: 18px; font-family: 华文宋体, STSong;\">管理</span></p><p style=\"margin-top: 0px; margin-bottom: 0px; white-space: normal; padding: 0px; word-wrap: break-word; word-break: normal; color: rgb(0, 0, 0); font-family: 微软雅黑, Helvetica, 黑体, Arial, Tahoma; font-size: 12px; line-height: 2em;\"><span style=\"font-size: 18px; font-family: 华文宋体, STSong;\"><br/></span></p><p style=\"margin-top: 0px; margin-bottom: 0px; white-space: normal; padding: 0px; word-wrap: break-word; word-break: normal; color: rgb(0, 0, 0); font-family: 微软雅黑, Helvetica, 黑体, Arial, Tahoma; font-size: 12px; line-height: 2em;\"><span style=\"font-size: 18px; font-family: 华文宋体, STSong;\">&nbsp;&nbsp;&nbsp;&nbsp;CP公司在美国算是一家小公司，但管理十分先进。从这个窗口，我看到美国人十分执著的钻研与认真精神，看到如绅士风度一般的有条不紊、井井有条的管理。各类文件十分清晰、准确，并有良好的覆盖，是一项成功的系统工程。</span></p><p style=\"margin-top: 0px; margin-bottom: 0px; white-space: normal; padding: 0px; word-wrap: break-word; word-break: normal; color: rgb(0, 0, 0); font-family: 微软雅黑, Helvetica, 黑体, Arial, Tahoma; font-size: 12px; line-height: 2em;\"><span style=\"font-size: 18px; font-family: 华文宋体, STSong;\">&nbsp;&nbsp;&nbsp;&nbsp;美国人下午四时就下班了，可我们加了这么多班，他们也是很少的。参观了DMOS的硅片制造，十分先进。美国已开始将工业最核心的部分保留在本土生产，其余大量转移到世界各国的分公司生产，以降低成本，增强竞争力。这一点到硅谷以后，感觉更加强烈。</span></p><p style=\"margin-top: 0px; margin-bottom: 0px; white-space: normal; padding: 0px; word-wrap: break-word; word-break: normal; color: rgb(0, 0, 0); font-family: 微软雅黑, Helvetica, 黑体, Arial, Tahoma; font-size: 12px; line-height: 2em;\"><span style=\"font-size: 18px; font-family: 华文宋体, STSong;\">看到了我们科研方法还十分落后，研究管理水平还十分低下，效率还远远赶不上发达国家。值得庆幸的一点是我们的员工个人素质都不比美国公司差。要赶上美国，最重要的一条就是改善管理。</span></p><p style=\"margin-top: 0px; margin-bottom: 0px; white-space: normal; padding: 0px; word-wrap: break-word; word-break: normal; color: rgb(0, 0, 0); font-family: 微软雅黑, Helvetica, 黑体, Arial, Tahoma; font-size: 12px; line-height: 2em;\"><span style=\"font-size: 18px; font-family: 华文宋体, STSong;\">&nbsp;&nbsp;&nbsp;&nbsp;硅谷由于人工费、地皮，无论什么东西都是全美最贵的，所以才导致各公司仅把研究、销售机构留在硅谷，工业移入美国或世界其它地方<span style=\"font-weight: 700;\">。</span>我们有些报道如“硅谷在衰落”、“硅谷夕阳”都是错误的。硅谷在信息产业上还在进行一场新的起飞，决不是衰退。</span></p><p style=\"margin-top: 0px; margin-bottom: 0px; white-space: normal; padding: 0px; word-wrap: break-word; word-break: normal; color: rgb(0, 0, 0); font-family: 微软雅黑, Helvetica, 黑体, Arial, Tahoma; font-size: 12px; line-height: 2em;\"><span style=\"font-size: 18px; font-family: 华文宋体, STSong;\">&nbsp;&nbsp;&nbsp;&nbsp;因此，我公司决定在硅谷中心区购买房屋，建立开发中心，把科研的成果与半成品，放在那儿优化设计，搞完了再移回深圳生产，并在那儿申请注册一个华为全资的兰博技术有限公司。兰博是译音，其含意是海上女神的头。</span></p><p style=\"margin-top: 0px; margin-bottom: 0px; white-space: normal; padding: 0px; word-wrap: break-word; word-break: normal; color: rgb(0, 0, 0); font-family: 微软雅黑, Helvetica, 黑体, Arial, Tahoma; font-size: 12px; line-height: 2em;\"><span style=\"font-size: 18px; font-family: 华文宋体, STSong;\"><br/></span></p><p style=\"margin-top: 0px; margin-bottom: 0px; white-space: normal; padding: 0px; word-wrap: break-word; word-break: normal; color: rgb(0, 0, 0); font-family: 微软雅黑, Helvetica, 黑体, Arial, Tahoma; font-size: 12px; line-height: 2em;\"><span style=\"font-size: 18px; font-family: 华文宋体, STSong;\">电影</span></p><p style=\"margin-top: 0px; margin-bottom: 0px; white-space: normal; padding: 0px; word-wrap: break-word; word-break: normal; color: rgb(0, 0, 0); font-family: 微软雅黑, Helvetica, 黑体, Arial, Tahoma; font-size: 12px; line-height: 2em;\"><span style=\"font-size: 18px; font-family: 华文宋体, STSong;\"><br/></span></p><p style=\"margin-top: 0px; margin-bottom: 0px; white-space: normal; padding: 0px; word-wrap: break-word; word-break: normal; color: rgb(0, 0, 0); font-family: 微软雅黑, Helvetica, 黑体, Arial, Tahoma; font-size: 12px; line-height: 2em;\"><span style=\"font-size: 18px; font-family: 华文宋体, STSong;\">&nbsp;&nbsp;&nbsp;&nbsp;经由洛杉矶，我们开始返回祖国，在飞机上看了一部开发美国西部的电影。描写了一个富裕的英国少女，不甘依赖父母的平静生活，拿着一张美国西部给每一个开发者，免费赠送160英亩土地的报纸，即准备奔赴美国。约了一个被他父亲抓起来的雇工，雇工拒绝。第二天清晨她私自驾车逃跑，途径刑场，拉这位雇工上车就跑。小伙子只好跟她到了美国波士顿。当时的波士顿，比我国陕西农村还穷。一片破破烂烂，小姐在镇上轻信一个骗子，将她带的银餐具托之出卖，结果弄得一文钱也没有了。</span></p><p style=\"margin-top: 0px; margin-bottom: 0px; white-space: normal; padding: 0px; word-wrap: break-word; word-break: normal; color: rgb(0, 0, 0); font-family: 微软雅黑, Helvetica, 黑体, Arial, Tahoma; font-size: 12px; line-height: 2em; text-align: center;\"><br/></p><p style=\"margin-top: 0px; margin-bottom: 0px; white-space: normal; padding: 0px; word-wrap: break-word; word-break: normal; color: rgb(0, 0, 0); font-family: 微软雅黑, Helvetica, 黑体, Arial, Tahoma; font-size: 12px; line-height: 2em;\"><span style=\"font-size: 18px; font-family: 华文宋体, STSong;\">&nbsp;&nbsp;&nbsp;&nbsp;他俩在美国开始处于平等的贫穷地位。为了积攒去西部的费用，小伙子去拳击场，小姐去洗衣裳。历尽了千辛万苦，他们终于萌发了爱情。其表现出的人间艰苦，比我们所有的片子都真实感人。当他们饿得难忍之时，闯进一无人的家拼命地大吃一顿。却被人当作坏人，开枪击伤小姐。小姐奄奄一息。小伙子抱着小姐，将之送到小姐的情人(英国追过来的军官)的旅店里。因为他身无分文，不能救活小姐，匆匆分手了。</span></p><p style=\"margin-top: 0px; margin-bottom: 0px; white-space: normal; padding: 0px; word-wrap: break-word; word-break: normal; color: rgb(0, 0, 0); font-family: 微软雅黑, Helvetica, 黑体, Arial, Tahoma; font-size: 12px; line-height: 2em;\"><span style=\"font-size: 18px; font-family: 华文宋体, STSong;\">&nbsp;&nbsp;&nbsp;&nbsp;小伙子一边修铁路一边走，终于到了西部。小姐养好伤后，也与丈夫到了西部。他们偶而相见，悲喜万分。当时西部已没有这么多土地了。当地政府只好在每块土地地上插上小旗，约定在某一天，谁先跑到，谁先插上自己的旗帜，土地就归谁。小伙子为此买了一匹十分烈的马。开始跑到之前，有人犯规偷跑，裁判也不可能叫回来重跑，就命火枪手将犯规偷跑的人射杀。</span></p><p style=\"margin-top: 0px; margin-bottom: 0px; white-space: normal; padding: 0px; word-wrap: break-word; word-break: normal; color: rgb(0, 0, 0); font-family: 微软雅黑, Helvetica, 黑体, Arial, Tahoma; font-size: 12px; line-height: 2em;\"><span style=\"font-size: 18px; font-family: 华文宋体, STSong;\">&nbsp;&nbsp;&nbsp;&nbsp;大队人马一跑起，风烟滚滚，有的车跑散了、翻了，小姐的丈夫摔在河里死了。小伙子终于跑到了土地前，小姐也追来了，但烈马将小伙子摔成重伤，小姐去救护，忘记了插旗，在大队追上来时，才想起插旗。小伙子开始已人事不知，在旗子插上时，微微睁了一下眼。电影就结束了，让你想想他们得到了什么。当小姐得到土地以后，所有亲人都不一定有了。在没有爱情的荒漠，拼命地开垦，才造就了今天繁荣的西部。</span></p><p style=\"margin-top: 0px; margin-bottom: 0px; white-space: normal; padding: 0px; word-wrap: break-word; word-break: normal; color: rgb(0, 0, 0); font-family: 微软雅黑, Helvetica, 黑体, Arial, Tahoma; font-size: 12px; line-height: 2em;\"><span style=\"font-size: 18px; font-family: 华文宋体, STSong;\">&nbsp;&nbsp;&nbsp;&nbsp;美国人民绝大多数是勤劳的，好学的。我们应该学习他们的不屈不挠、一丝不苟的奋斗精神。从来就没有什么神仙、皇帝。我们中华民族唯有踏踏实实、面对自己的弱点，才有可能振兴。世世代代繁荣梦的破灭，使我们更深地感觉到了技术上向美国学习，管理上向日本学习的深刻含义</span></p><p><br/></p>",
      "file": {
        "fieldname": "file",
        "originalname": "2.png",
        "encoding": "7bit",
        "mimetype": "image/png",
        "destination": "E:\\work\\born\\public\\upload\\news",
        "filename": "1515650947147-2.png",
        "path": "\\upload\\news\\1515650947147-2.png",
        "size": 44984
      },
      "createdAt": "2018-01-11T06:09:07.169Z",
      "updatedAt": "2018-02-05T03:52:04.236Z",
      "src": "\\upload\\news\\1515650947147-2.png",
      "viewCount": 5
    },
    {
      "id": "HJy3kt4VM",
      "title": "特朗普打破多年惯例带商贸团访华 29家公司随行",
      "link": "",
      "publishedDate": "2018-01-11T00:00:00.000Z",
      "published": "true",
      "abstract": "017年1~9月，中美贸易总额2.89万亿人民币，增长了18.7%，其中中国对美出口增长了16.5%，从美国进口则增长了25%。",
      "content": "<p><strong></strong></p><p style=\"margin-top: 0px; margin-bottom: 0px; white-space: normal; -webkit-text-stroke: rgb(0, 0, 0); padding: 0px; word-wrap: break-word; word-break: normal; color: rgb(0, 0, 0); font-size: 11px; font-family: &quot;PingFang SC&quot;; line-height: 2em;\"><span style=\"font-size: 18px; -webkit-text-stroke-width: initial; line-height: normal; font-family: &quot;Helvetica Neue&quot;;\">2017</span><span style=\"font-family: 华文宋体, STSong; font-size: 18px; -webkit-text-stroke-width: initial;\">年</span><span style=\"font-size: 18px; -webkit-text-stroke-width: initial; line-height: normal; font-family: &quot;Helvetica Neue&quot;;\">1~9</span><span style=\"font-family: 华文宋体, STSong; font-size: 18px; -webkit-text-stroke-width: initial;\">月，中美贸易总额</span><span style=\"font-size: 18px; -webkit-text-stroke-width: initial; line-height: normal; font-family: &quot;Helvetica Neue&quot;;\">2.89</span><span style=\"font-family: 华文宋体, STSong; font-size: 18px; -webkit-text-stroke-width: initial;\">万亿人民币，增长了</span><span style=\"font-size: 18px; -webkit-text-stroke-width: initial; line-height: normal; font-family: &quot;Helvetica Neue&quot;;\">18.7%</span><span style=\"font-family: 华文宋体, STSong; font-size: 18px; -webkit-text-stroke-width: initial;\">，其中中国对美出口增长了</span><span style=\"font-size: 18px; -webkit-text-stroke-width: initial; line-height: normal; font-family: &quot;Helvetica Neue&quot;;\">16.5%</span><span style=\"font-family: 华文宋体, STSong; font-size: 18px; -webkit-text-stroke-width: initial;\">，从美国进口则增长了</span><span style=\"font-size: 18px; -webkit-text-stroke-width: initial; line-height: normal; font-family: &quot;Helvetica Neue&quot;;\">25%</span><span style=\"font-family: 华文宋体, STSong; font-size: 18px; -webkit-text-stroke-width: initial;\">。</span><span style=\"font-size: 18px; -webkit-text-stroke-width: initial; line-height: normal; font-family: &quot;Helvetica Neue&quot;;\">]</span><br/></p><p style=\"margin-top: 0px; margin-bottom: 0px; white-space: normal; -webkit-text-stroke: rgb(0, 0, 0); padding: 0px; word-wrap: break-word; word-break: normal; color: rgb(0, 0, 0); font-size: 11px; font-family: &quot;PingFang SC&quot;; line-height: 2em;\"><span style=\"font-size: 18px; font-family: 华文宋体, STSong;\">主要是能源和大宗商品企业<span style=\"line-height: normal; font-family: &quot;Helvetica Neue&quot;;\">&nbsp;</span>美总统访华多年未曾带商贸团。</span></p><p style=\"margin-top: 0px; margin-bottom: 0px; white-space: normal; -webkit-text-stroke: rgb(0, 0, 0); padding: 0px; word-wrap: break-word; word-break: normal; color: rgb(0, 0, 0); font-size: 11px; font-family: &quot;PingFang SC&quot;; line-height: 2em;\"><span style=\"font-size: 18px; font-family: 华文宋体, STSong;\">美国总统特朗普将于<span style=\"line-height: normal; font-family: &quot;Helvetica Neue&quot;;\">11</span>月<span style=\"line-height: normal; font-family: &quot;Helvetica Neue&quot;;\">8</span>日至<span style=\"line-height: normal; font-family: &quot;Helvetica Neue&quot;;\">10</span>日对中国进行国事访问，同时还会带一支由<span style=\"line-height: normal; font-family: &quot;Helvetica Neue&quot;;\">29</span>位企业高管组成的商贸代表团，代表团成员主要来自能源和大宗商品企业。这样的安排，和以往有些不同。</span></p><p style=\"margin-top: 0px; margin-bottom: 0px; white-space: normal; -webkit-text-stroke: rgb(0, 0, 0); padding: 0px; word-wrap: break-word; word-break: normal; color: rgb(0, 0, 0); font-size: 11px; font-family: &quot;PingFang SC&quot;; line-height: 2em;\"><span style=\"font-size: 18px; font-family: 华文宋体, STSong;\"><span style=\"line-height: normal; font-family: &quot;Helvetica Neue&quot;;\">“</span>这是我记忆中首次出现总统带着贸易代表团访华的情况，此前都是商务部部长或农业部部长带团。<span style=\"line-height: normal; font-family: &quot;Helvetica Neue&quot;;\">”</span>中国美国商会主席蔡瑞德（<span style=\"line-height: normal; font-family: &quot;Helvetica Neue&quot;;\">WilliamZarit</span>）在接受第一财经记者采访时透露，正是商会向美国驻华大使和美国政府建议组建这样一个贸易代表团。</span></p><p style=\"margin-top: 0px; margin-bottom: 0px; white-space: normal; -webkit-text-stroke: rgb(0, 0, 0); padding: 0px; word-wrap: break-word; word-break: normal; color: rgb(0, 0, 0); font-size: 11px; font-family: &quot;PingFang SC&quot;; line-height: 2em;\"><span style=\"font-size: 18px; font-family: 华文宋体, STSong;\">蔡瑞德认为，本届美国政府及总统本身都是<span style=\"line-height: normal; font-family: &quot;Helvetica Neue&quot;;\">“</span>非传统的<span style=\"line-height: normal; font-family: &quot;Helvetica Neue&quot;;\">”</span>，希望美方在和中方签订具体合约的同时，也不要忘记讨论双边关系中市场准入等结构性问题。</span></p><p style=\"margin-top: 0px; margin-bottom: 0px; white-space: normal; -webkit-text-stroke: rgb(0, 0, 0); padding: 0px; word-wrap: break-word; word-break: normal; color: rgb(0, 0, 0); font-size: 11px; font-family: &quot;PingFang SC&quot;; line-height: 2em;\"><span style=\"font-size: 18px; font-family: 华文宋体, STSong;\">期待讨论结构性问题</span></p><p style=\"margin-top: 0px; margin-bottom: 0px; white-space: normal; -webkit-text-stroke: rgb(0, 0, 0); padding: 0px; word-wrap: break-word; word-break: normal; color: rgb(0, 0, 0); font-size: 11px; font-family: &quot;PingFang SC&quot;; line-height: 2em;\"><span style=\"font-size: 18px; font-family: 华文宋体, STSong;\">白宫方面的吹风记录，中美贸易将是特朗普此次访华的重要议题。</span></p><p style=\"margin-top: 0px; margin-bottom: 0px; white-space: normal; -webkit-text-stroke: rgb(0, 0, 0); padding: 0px; word-wrap: break-word; word-break: normal; color: rgb(0, 0, 0); font-size: 11px; font-family: &quot;PingFang SC&quot;; line-height: 2em;\"><span style=\"font-size: 18px; font-family: 华文宋体, STSong;\">目前，中国自美国进口的数额呈现增长趋势：按中方统计，<span style=\"line-height: normal; font-family: &quot;Helvetica Neue&quot;;\">2017</span>年<span style=\"line-height: normal; font-family: &quot;Helvetica Neue&quot;;\">1~9</span>月，中美贸易总额<span style=\"line-height: normal; font-family: &quot;Helvetica Neue&quot;;\">2.89</span>万亿人民币，增长了<span style=\"line-height: normal; font-family: &quot;Helvetica Neue&quot;;\">18.7%</span>，其中中国对美出口增长了<span style=\"line-height: normal; font-family: &quot;Helvetica Neue&quot;;\">16.5%</span>，从美国进口则增长了<span style=\"line-height: normal; font-family: &quot;Helvetica Neue&quot;;\">25%</span>。</span></p><p style=\"margin-top: 0px; margin-bottom: 0px; white-space: normal; -webkit-text-stroke: rgb(0, 0, 0); padding: 0px; word-wrap: break-word; word-break: normal; color: rgb(0, 0, 0); font-size: 11px; font-family: &quot;PingFang SC&quot;; line-height: 2em;\"><span style=\"font-size: 18px; font-family: 华文宋体, STSong;\">至于特朗普政府是否在中美经贸关系中过于强调贸易赤字，蔡瑞德告诉第一财经记者，以他的感官，目前情况已有转变：<span style=\"line-height: normal; font-family: &quot;Helvetica Neue&quot;;\">“</span>我现在看到了一个更加平衡的处理方式，过去我看到的是，所有事情都是围绕着贸易赤字展开的。<span style=\"line-height: normal; font-family: &quot;Helvetica Neue&quot;;\">”</span></span></p><p style=\"margin-top: 0px; margin-bottom: 0px; white-space: normal; -webkit-text-stroke: rgb(0, 0, 0); padding: 0px; word-wrap: break-word; word-break: normal; color: rgb(0, 0, 0); font-size: 11px; font-family: &quot;PingFang SC&quot;; line-height: 2em;\"><span style=\"font-size: 18px; font-family: 华文宋体, STSong;\"><span style=\"line-height: normal; font-family: &quot;Helvetica Neue&quot;;\">“</span>例如在我同商务部部长罗斯的会面中所听到的信息是，目前美国政府对于市场准入是感兴趣的。<span style=\"line-height: normal; font-family: &quot;Helvetica Neue&quot;;\">”</span>蔡瑞德透露。</span></p><p style=\"margin-top: 0px; margin-bottom: 0px; white-space: normal; -webkit-text-stroke: rgb(0, 0, 0); padding: 0px; word-wrap: break-word; word-break: normal; color: rgb(0, 0, 0); font-size: 11px; font-family: &quot;PingFang SC&quot;; line-height: 2em;\"><span style=\"font-size: 18px; font-family: 华文宋体, STSong;\"><span style=\"line-height: normal; font-family: &quot;Helvetica Neue&quot;;\">“</span>我想，在一届政府最开始的阶段是很容易把重点聚焦在赤字上的，不过现在大部分人都理解了，贸易赤字只是贸易不平衡的部分结果，虽然这有一定参考价值，但并不是事情的全部。<span style=\"line-height: normal; font-family: &quot;Helvetica Neue&quot;;\">”</span>他表示。</span></p><p style=\"margin-top: 0px; margin-bottom: 0px; white-space: normal; -webkit-text-stroke: rgb(0, 0, 0); padding: 0px; word-wrap: break-word; word-break: normal; color: rgb(0, 0, 0); font-size: 11px; font-family: &quot;PingFang SC&quot;; line-height: 2em;\"><span style=\"font-size: 18px; font-family: 华文宋体, STSong;\">与此同时，蔡瑞德向记者表示，一方面中国美国商会认为，中美将签署的具体合同，体现了彼此间强劲的经济联系，但另一方面则希望不要让这种具体的成果掩盖了双边关系中的结构性问题。</span></p><p style=\"margin-top: 0px; margin-bottom: 0px; white-space: normal; -webkit-text-stroke: rgb(0, 0, 0); padding: 0px; word-wrap: break-word; word-break: normal; color: rgb(0, 0, 0); font-size: 11px; font-family: &quot;PingFang SC&quot;; line-height: 2em;\"><span style=\"font-size: 18px; font-family: 华文宋体, STSong;\">蔡瑞德表示，目前中美在贸易和投资上的确存在不平衡关系。无论是服务贸易还是货物贸易，美国都是全球最开放的市场之一，但美国的进口市场和投资环境方面略好一些。她还希望此次特朗普访华之旅能讨论中国的产业政策问题。</span></p><p style=\"margin-top: 0px; margin-bottom: 0px; white-space: normal; -webkit-text-stroke: rgb(0, 0, 0); padding: 0px; word-wrap: break-word; word-break: normal; color: rgb(0, 0, 0); font-size: 11px; font-family: &quot;PingFang SC&quot;; line-height: 2em;\"><span style=\"font-size: 18px; font-family: 华文宋体, STSong;\">中国美国商会发布的<span style=\"line-height: normal; font-family: &quot;Helvetica Neue&quot;;\">2016</span>年度白皮书显示，<span style=\"line-height: normal; font-family: &quot;Helvetica Neue&quot;;\">60%</span>的会员企业将中国列为前三大投资目的地之一。但蔡瑞德表示，在<span style=\"line-height: normal; font-family: &quot;Helvetica Neue&quot;;\">2012</span>年，这个数字是<span style=\"line-height: normal; font-family: &quot;Helvetica Neue&quot;;\">78%</span>。</span></p><p style=\"margin-top: 0px; margin-bottom: 0px; white-space: normal; -webkit-text-stroke: rgb(0, 0, 0); padding: 0px; word-wrap: break-word; word-break: normal; color: rgb(0, 0, 0); font-size: 11px; font-family: &quot;PingFang SC&quot;; line-height: 2em;\"><span style=\"font-size: 18px; font-family: 华文宋体, STSong;\">蔡瑞德担忧，如果在互惠待遇方面出现偏差，美政府也许会做出相应的反应，并有可能进一步关闭市场，没有人希望看到这一点。<span style=\"line-height: normal; font-family: &quot;Helvetica Neue&quot;;\">“</span>我们最想避免的当然是贸易战。<span style=\"line-height: normal; font-family: &quot;Helvetica Neue&quot;;\">”</span></span></p><p style=\"margin-top: 0px; margin-bottom: 0px; white-space: normal; -webkit-text-stroke: rgb(0, 0, 0); padding: 0px; word-wrap: break-word; word-break: normal; color: rgb(0, 0, 0); font-size: 11px; font-family: &quot;PingFang SC&quot;; line-height: 2em;\"><span style=\"font-size: 18px; font-family: 华文宋体, STSong;\">目前，美国国会内部正在酝酿外国投资委员会（<span style=\"line-height: normal; font-family: &quot;Helvetica Neue&quot;;\">CFIUS</span>）审查扩容改革，且相关国会议员丝毫不掩饰立法针对中资的动机。在草案中，美方将寻求扩大<span style=\"line-height: normal; font-family: &quot;Helvetica Neue&quot;;\">CFIUS</span>需要进行审查的投资范围，新增包括合资及少数股权投资情况在内的审查内容。靠近军事基地的房地产交易也将被要求列入到审查范围内。而此前传出的具有明显倾向性的<span style=\"line-height: normal; font-family: &quot;Helvetica Neue&quot;;\">“</span>关切国家<span style=\"line-height: normal; font-family: &quot;Helvetica Neue&quot;;\">”</span>名单等提议已在审议过程中被删除。</span></p><p style=\"margin-top: 0px; margin-bottom: 0px; white-space: normal; -webkit-text-stroke: rgb(0, 0, 0); padding: 0px; word-wrap: break-word; word-break: normal; color: rgb(0, 0, 0); font-size: 11px; font-family: &quot;PingFang SC&quot;; line-height: 2em;\"><span style=\"font-size: 18px; font-family: 华文宋体, STSong;\">期待强有力的<span style=\"line-height: normal; font-family: &quot;Helvetica Neue&quot;;\">BIT</span></span></p><p style=\"margin-top: 0px; margin-bottom: 0px; white-space: normal; -webkit-text-stroke: rgb(0, 0, 0); padding: 0px; word-wrap: break-word; word-break: normal; color: rgb(0, 0, 0); font-size: 11px; font-family: &quot;PingFang SC&quot;; line-height: 2em;\"><span style=\"font-size: 18px; font-family: 华文宋体, STSong;\">美国财长姆努钦此前表示，在解决了美国牛肉对华出口等问题后，中美可以考虑继续开展<span style=\"line-height: normal; font-family: &quot;Helvetica Neue&quot;;\">BIT</span>谈判。</span></p><p style=\"margin-top: 0px; margin-bottom: 0px; white-space: normal; -webkit-text-stroke: rgb(0, 0, 0); padding: 0px; word-wrap: break-word; word-break: normal; color: rgb(0, 0, 0); font-size: 11px; font-family: &quot;PingFang SC&quot;; line-height: 2em;\"><span style=\"font-size: 18px; font-family: 华文宋体, STSong;\">自<span style=\"line-height: normal; font-family: &quot;Helvetica Neue&quot;;\">2008</span>年启动以来，中美<span style=\"line-height: normal; font-family: &quot;Helvetica Neue&quot;;\">BIT</span>谈判至今已历时<span style=\"line-height: normal; font-family: &quot;Helvetica Neue&quot;;\">9</span>年。<span style=\"line-height: normal; font-family: &quot;Helvetica Neue&quot;;\">2013</span>年<span style=\"line-height: normal; font-family: &quot;Helvetica Neue&quot;;\">7</span>月，中美两国宣布以<span style=\"line-height: normal; font-family: &quot;Helvetica Neue&quot;;\">“</span>准入前国民待遇加负面清单模式<span style=\"line-height: normal; font-family: &quot;Helvetica Neue&quot;;\">”</span>为基础进入实质性谈判阶段，被视为重大突破。两国最近一次交换负面清单是在<span style=\"line-height: normal; font-family: &quot;Helvetica Neue&quot;;\">2016</span>年<span style=\"line-height: normal; font-family: &quot;Helvetica Neue&quot;;\">9</span>月。</span></p><p style=\"margin-top: 0px; margin-bottom: 0px; white-space: normal; -webkit-text-stroke: rgb(0, 0, 0); padding: 0px; word-wrap: break-word; word-break: normal; color: rgb(0, 0, 0); font-size: 11px; font-family: &quot;PingFang SC&quot;; line-height: 2em;\"><span style=\"font-size: 18px; font-family: 华文宋体, STSong;\"><span style=\"line-height: normal; font-family: &quot;Helvetica Neue&quot;;\">“</span>在我看来，中美彼此认为对方才是<span style=\"line-height: normal; font-family: &quot;Helvetica Neue&quot;;\">BIT</span>被搁置的原因。<span style=\"line-height: normal; font-family: &quot;Helvetica Neue&quot;;\">”</span>蔡瑞德对第一财经记者表示，<span style=\"line-height: normal; font-family: &quot;Helvetica Neue&quot;;\">BIT</span>谈判貌似被放到了次要地位上，<span style=\"line-height: normal; font-family: &quot;Helvetica Neue&quot;;\">“</span>美方认为中方提供的负面清单还是太长了，而中方则感觉美方好像不再关心<span style=\"line-height: normal; font-family: &quot;Helvetica Neue&quot;;\">BIT</span>谈判了。<span style=\"line-height: normal; font-family: &quot;Helvetica Neue&quot;;\">”</span></span></p><p style=\"margin-top: 0px; margin-bottom: 0px; white-space: normal; -webkit-text-stroke: rgb(0, 0, 0); padding: 0px; word-wrap: break-word; word-break: normal; color: rgb(0, 0, 0); font-size: 11px; font-family: &quot;PingFang SC&quot;; line-height: 2em;\"><span style=\"font-size: 18px; font-family: 华文宋体, STSong;\">但在企业层面，在华的美国商会会员企业近几年都认为<span style=\"line-height: normal; font-family: &quot;Helvetica Neue&quot;;\">BIT</span>是十分有益的。蔡瑞德表示，最重要的是达成一个强有力的协议。</span></p><p style=\"margin-top: 0px; margin-bottom: 0px; white-space: normal; -webkit-text-stroke: rgb(0, 0, 0); padding: 0px; word-wrap: break-word; word-break: normal; color: rgb(0, 0, 0); font-size: 11px; font-family: &quot;PingFang SC&quot;; line-height: 2em;\"><span style=\"font-size: 18px; font-family: 华文宋体, STSong;\">中国美国商会在其发布的《<span style=\"line-height: normal; font-family: &quot;Helvetica Neue&quot;;\">2017</span>年美国企业在华白皮书》（下称《白皮书》）中提到，中美两国政府应争取及时达成一个高标准的双边投资协定。</span></p><p style=\"margin-top: 0px; margin-bottom: 0px; white-space: normal; -webkit-text-stroke: rgb(0, 0, 0); padding: 0px; word-wrap: break-word; word-break: normal; color: rgb(0, 0, 0); font-size: 11px; font-family: &quot;PingFang SC&quot;; line-height: 2em;\"><span style=\"font-size: 18px; font-family: 华文宋体, STSong;\">《白皮书》称，希望两国政府在<span style=\"line-height: normal; font-family: &quot;Helvetica Neue&quot;;\">BIT</span>中列出简短的负面清单，只对真正敏感的安全领域做出明确界定以限制投资，并利用双边对话机制，创造给对方经济发展和就业做出更大贡献的机会。</span></p><p style=\"margin-top: 0px; margin-bottom: 0px; white-space: normal; -webkit-text-stroke: rgb(0, 0, 0); padding: 0px; word-wrap: break-word; word-break: normal; color: rgb(0, 0, 0); font-size: 11px; font-family: &quot;PingFang SC&quot;; line-height: 2em;\"><span style=\"font-size: 18px; font-family: 华文宋体, STSong;\">《白皮书》表示，鉴于目前美国国内的政治形势等因素，企业界的大力支持对<span style=\"line-height: normal; font-family: &quot;Helvetica Neue&quot;;\">BIT</span>在美国获得批准至关重要。然而，要想获得美国企业界对<span style=\"line-height: normal; font-family: &quot;Helvetica Neue&quot;;\">BIT</span>的支持，中方需要提出一个比目前更短、限制更少的负面清单。</span></p><p style=\"margin-top: 0px; margin-bottom: 0px; white-space: normal; -webkit-text-stroke: rgb(0, 0, 0); padding: 0px; word-wrap: break-word; word-break: normal; color: rgb(0, 0, 0); font-size: 11px; font-family: &quot;PingFang SC&quot;; line-height: 2em;\"><span style=\"font-size: 18px; font-family: 华文宋体, STSong;\">谁会跟着特朗普来华</span></p><p style=\"margin-top: 0px; margin-bottom: 0px; white-space: normal; -webkit-text-stroke: rgb(0, 0, 0); padding: 0px; word-wrap: break-word; word-break: normal; color: rgb(0, 0, 0); font-size: 11px; font-family: &quot;PingFang SC&quot;; line-height: 2em;\"><span style=\"font-size: 18px; font-family: 华文宋体, STSong;\">回溯中美外交历史可以发现，已有多年没有大型企业代表团随同美国总统出访中国。美方商界人士认为，既然欧洲国家领导人都在出访中国时为本国企业站台，那么美国也不应落后于人。</span></p><p style=\"margin-top: 0px; margin-bottom: 0px; white-space: normal; -webkit-text-stroke: rgb(0, 0, 0); padding: 0px; word-wrap: break-word; word-break: normal; color: rgb(0, 0, 0); font-size: 11px; font-family: &quot;PingFang SC&quot;; line-height: 2em;\"><span style=\"font-size: 18px; font-family: 华文宋体, STSong;\">蔡瑞德向第一财经记者确认了这个代表团将由<span style=\"line-height: normal; font-family: &quot;Helvetica Neue&quot;;\">29</span>名企业高管组成，其中不少是能源企业，譬如美国第一个液化天然气出口终端开发商<span style=\"line-height: normal; font-family: &quot;Helvetica Neue&quot;;\">Cheniere</span>的高管就位列其中。</span></p><p style=\"margin-top: 0px; margin-bottom: 0px; white-space: normal; -webkit-text-stroke: rgb(0, 0, 0); padding: 0px; word-wrap: break-word; word-break: normal; color: rgb(0, 0, 0); font-size: 11px; font-family: &quot;PingFang SC&quot;; line-height: 2em;\"><span style=\"font-size: 18px; font-family: 华文宋体, STSong;\">据悉，此次共有<span style=\"line-height: normal; font-family: &quot;Helvetica Neue&quot;;\">10</span>家企业涉足天然气或其他能源领域。其他可能随团访华的企业还有，天然气公司<span style=\"line-height: normal; font-family: &quot;Helvetica Neue&quot;;\">DelfinMidstream</span>、阿拉斯加管线开发公司、塔式光热发电技术开发商<span style=\"line-height: normal; font-family: &quot;Helvetica Neue&quot;;\">SolarReserve</span>、核电巨头西屋电气、美国大宗商品贸易商<span style=\"line-height: normal; font-family: &quot;Helvetica Neue&quot;;\">FreepointCommodities</span>、种业公司<span style=\"line-height: normal; font-family: &quot;Helvetica Neue&quot;;\">Stine</span>、生物技术公司<span style=\"line-height: normal; font-family: &quot;Helvetica Neue&quot;;\">Drylet</span>、污水处理公司<span style=\"line-height: normal; font-family: &quot;Helvetica Neue&quot;;\">Viroment</span>、美国大豆出口协会、通用电气、霍尼韦尔、波音、高通、谷物公司<span style=\"line-height: normal; font-family: &quot;Helvetica Neue&quot;;\">ArcherDanielsMidland</span>和化学品企业陶氏杜邦等。</span></p><p><strong></strong><br/></p>",
      "file": {
        "fieldname": "file",
        "originalname": "1.png",
        "encoding": "7bit",
        "mimetype": "image/png",
        "destination": "E:\\work\\born\\public\\upload\\news",
        "filename": "1515650982612-1.png",
        "path": "\\upload\\news\\1515650982612-1.png",
        "size": 32666
      },
      "createdAt": "2018-01-11T06:09:42.646Z",
      "updatedAt": "2018-01-11T06:09:42.646Z",
      "src": "\\upload\\news\\1515650982612-1.png"
    },
    {
      "id": "SJmCkYN4G",
      "title": "纽约恐袭后万圣节巡游正常进行 民众：不会被吓怕",
      "link": "",
      "publishedDate": "2018-01-11T00:00:00.000Z",
      "published": "true",
      "abstract": "据报道，美国纽约曼哈顿发生恐袭后，原定当晚在下城区举行的万圣节巡游如常，警方特别加派警员驻守，保护民众安全。纽约州州长科莫在巡游开始前亲自视察路线，有参加的民众扬言不会被袭击吓怕。\r\n\r\n报道称，恐袭发生后4小时、在距事发现场1.6公里的下城区，民众如常参加万圣节巡游。特地打扮一番的23岁女子施特罗布尔早在现场等候巡游开始，她说：“我不会被这事吓倒，不能让此事影响生活。”",
      "content": "<p><strong></strong></p><p style=\"margin-top: 0px; margin-bottom: 0px; white-space: normal; -webkit-text-stroke: rgb(0, 0, 0); padding: 0px; word-wrap: break-word; word-break: normal; color: rgb(0, 0, 0); font-size: 11px; font-family: &quot;PingFang SC&quot;; line-height: 2em;\"><span style=\"font-family: 华文宋体, STSong; font-size: 18px; -webkit-text-stroke-width: initial;\">&nbsp; &nbsp; &nbsp; &nbsp;据报道，美国纽约曼哈顿发生恐袭后，原定当晚在下城区举行的万圣节巡游如常，警方特别加派警员驻守，保护民众安全。纽约州州长科莫在巡游开始前亲自视察路线，有参加的民众扬言不会被袭击吓怕。</span></p><p style=\"margin-top: 0px; margin-bottom: 0px; white-space: normal; -webkit-text-stroke: rgb(0, 0, 0); padding: 0px; word-wrap: break-word; word-break: normal; color: rgb(0, 0, 0); font-size: 11px; font-family: &quot;PingFang SC&quot;; line-height: 2em;\"><span style=\"font-size: 18px; font-family: 华文宋体, STSong;\">报道称，恐袭发生后<span style=\"line-height: normal; font-family: &quot;Helvetica Neue&quot;;\">4</span>小时、在距事发现场<span style=\"line-height: normal; font-family: &quot;Helvetica Neue&quot;;\">1.6</span>公里的下城区，民众如常参加万圣节巡游。特地打扮一番的<span style=\"line-height: normal; font-family: &quot;Helvetica Neue&quot;;\">23</span>岁女子施特罗布尔早在现场等候巡游开始，她说：<span style=\"line-height: normal; font-family: &quot;Helvetica Neue&quot;;\">“</span>我不会被这事吓倒，不能让此事影响生活。<span style=\"line-height: normal; font-family: &quot;Helvetica Neue&quot;;\">”</span></span></p><p style=\"margin-top: 0px; margin-bottom: 0px; white-space: normal; -webkit-text-stroke: rgb(0, 0, 0); padding: 0px; word-wrap: break-word; word-break: normal; color: rgb(0, 0, 0); font-size: 11px; font-family: &quot;PingFang SC&quot;; line-height: 2em;\"><span style=\"font-size: 18px; font-family: 华文宋体, STSong;\">&nbsp;&nbsp;&nbsp;&nbsp;从西雅图来纽约公干的<span style=\"line-height: normal; font-family: &quot;Helvetica Neue&quot;;\">28</span>岁女子魏斯也有参与巡游，她称警察在场感觉没有太紧张。虽然仍对事件感震惊，<span style=\"line-height: normal; font-family: &quot;Helvetica Neue&quot;;\">“</span>但我们仍然坚强<span style=\"line-height: normal; font-family: &quot;Helvetica Neue&quot;;\">”</span>。不过，参与者人数比以往少，有可能与此次恐袭有关。</span></p><p style=\"margin-top: 0px; margin-bottom: 0px; white-space: normal; -webkit-text-stroke: rgb(0, 0, 0); padding: 0px; word-wrap: break-word; word-break: normal; color: rgb(0, 0, 0); font-size: 11px; font-family: &quot;PingFang SC&quot;; line-height: 2em;\"><span style=\"font-size: 18px; font-family: 华文宋体, STSong;\">&nbsp;&nbsp;&nbsp;&nbsp;市长白思豪向民众大派定心丸，称这座城市会继续如常，但同时呼吁民众若见到可疑情况，应立即报警。</span></p><div><span style=\"font-size: 18px; font-family: 华文宋体, STSong;\"><br/></span></div><p><strong></strong><br/></p>",
      "file": {
        "fieldname": "file",
        "originalname": "3.png",
        "encoding": "7bit",
        "mimetype": "image/png",
        "destination": "E:\\work\\born\\public\\upload\\news",
        "filename": "1515651019030-3.png",
        "path": "\\upload\\news\\1515651019030-3.png",
        "size": 57160
      },
      "createdAt": "2018-01-11T06:10:19.056Z",
      "updatedAt": "2018-02-05T03:37:05.559Z",
      "src": "\\upload\\news\\1515651019030-3.png",
      "viewCount": 2
    },
    {
      "id": "SkfbgF4EG",
      "title": "美国两名女子漂流太平洋数月后，日前终获美国军舰救援",
      "link": "",
      "publishedDate": "2018-01-11T06:11:06.448Z",
      "published": "true",
      "abstract": "美国两名女子漂流太平洋数月后，日前终获美国军舰救援",
      "content": "<p style=\"white-space: normal;\"><img src=\"http://www.borninusa.cn/upload/photos/1514182155044-12.jpg\"/></p><p style=\"white-space: normal;\"><img src=\"http://www.borninusa.cn/upload/photos/1514182160499-13.jpg\"/></p><p style=\"white-space: normal;\"><img src=\"http://www.borninusa.cn/upload/photos/1514182163121-14.jpg\"/></p><p style=\"white-space: normal;\"><img src=\"http://www.borninusa.cn/upload/photos/1514182165590-11.jpg\"/></p><p><br/></p>",
      "file": {
        "fieldname": "file",
        "originalname": "12.jpeg",
        "encoding": "7bit",
        "mimetype": "image/jpeg",
        "destination": "E:\\work\\born\\public\\upload\\news",
        "filename": "1515651066420-12.jpeg",
        "path": "\\upload\\news\\1515651066420-12.jpeg",
        "size": 57919
      },
      "createdAt": "2018-01-11T06:11:06.448Z",
      "updatedAt": "2018-02-05T03:52:18.890Z",
      "src": "\\upload\\news\\1515651066420-12.jpeg",
      "viewCount": 6
    },
    {
      "id": "rkBdoFEVM",
      "title": "留学生毕业后在美国工作变难 工签批准率创十年新低",
      "link": "",
      "publishedDate": "2018-01-11T06:59:57.137Z",
      "published": "true",
      "abstract": "美国移民局（USCIS）为配合特朗普政府“雇用美国人”的政策，近日公布了基于就业的签证项目的发放情况数据，包括L-1、H-1B、EAD卡等项目。其中，备受留学生关注的是H-1B工作签证。作为美国最主要的工签类别，H-1B是美国为引进外国籍专业技术人员提供的临时工作签证。",
      "content": "<p style=\"margin-top: 0px; margin-bottom: 0px; white-space: normal; padding: 0px; word-wrap: break-word; word-break: normal; font-size: 12px; font-family: &quot;.PingFang SC&quot;; color: rgb(69, 69, 69); line-height: 2em;\"><span style=\"font-size: 18px; font-family: 华文宋体, STSong;\">&nbsp;美国移民局（<span style=\"line-height: normal;\">USCIS</span>）为配合特朗普政府“雇用美国人”的政策，近日公布了基于就业的签证项目的发放情况数据，包括<span style=\"line-height: normal;\">L-1</span>、<span style=\"line-height: normal;\">H-1B</span>、<span style=\"line-height: normal;\">EAD</span>卡等项目。其中，备受留学生关注的是<span style=\"line-height: normal;\">H-1B</span>工作签证。作为美国最主要的工签类别，<span style=\"line-height: normal;\">H-1B</span>是美国为引进外国籍专业技术人员提供的临时工作签证。</span></p><p style=\"margin-top: 0px; margin-bottom: 0px; white-space: normal; padding: 0px; word-wrap: break-word; word-break: normal; font-size: 12px; font-family: &quot;.PingFang SC&quot;; color: rgb(69, 69, 69); line-height: 2em;\"><span style=\"font-size: 18px; font-family: 华文宋体, STSong;\">&nbsp; &nbsp; &nbsp; &nbsp;根据<span style=\"line-height: normal; font-family: &quot;Helvetica Neue&quot;;\">H-1B</span>签证十年间的发放趋势数据显示，<span style=\"line-height: normal; font-family: &quot;Helvetica Neue&quot;;\">2017</span>财年<span style=\"line-height: normal; font-family: &quot;Helvetica Neue&quot;;\">H-1B</span>签证批准率不足<span style=\"line-height: normal; font-family: &quot;Helvetica Neue&quot;;\">60%</span>，相比起<span style=\"line-height: normal; font-family: &quot;Helvetica Neue&quot;;\">2016</span>年超<span style=\"line-height: normal; font-family: &quot;Helvetica Neue&quot;;\">87%</span>的批准率大幅下降，并创下<span style=\"line-height: normal; font-family: &quot;Helvetica Neue&quot;;\">10</span>年来最低。然而，<span style=\"line-height: normal; font-family: &quot;Helvetica Neue&quot;;\">H-1B</span>签证职位的工资却逐年提升，<span style=\"line-height: normal; font-family: &quot;Helvetica Neue&quot;;\">2017</span>财年<span style=\"line-height: normal; font-family: &quot;Helvetica Neue&quot;;\">H-1B</span>申请者的平均年薪超过<span style=\"line-height: normal; font-family: &quot;Helvetica Neue&quot;;\">9</span>万美元，相比起<span style=\"line-height: normal; font-family: &quot;Helvetica Neue&quot;;\">5</span>年前<span style=\"line-height: normal; font-family: &quot;Helvetica Neue&quot;;\">2012</span>年的平均年薪<span style=\"line-height: normal; font-family: &quot;Helvetica Neue&quot;;\">77593</span>美元有明显的上涨。另外，<span style=\"line-height: normal; font-family: &quot;Helvetica Neue&quot;;\">H-1B</span>申请者中的绝大部分拥有大学以上学位，年龄集中在<span style=\"line-height: normal; font-family: &quot;Helvetica Neue&quot;;\">25~34</span>岁，从事计算机相关行业的人数较多。</span></p><p style=\"margin-top: 0px; margin-bottom: 0px; white-space: normal; padding: 0px; word-wrap: break-word; word-break: normal; font-size: 12px; font-family: &quot;.PingFang SC&quot;; color: rgb(69, 69, 69); line-height: 2em;\"><span style=\"font-size: 18px; font-family: 华文宋体, STSong;\">&nbsp; &nbsp; &nbsp; &nbsp;美国收紧<span style=\"line-height: normal; font-family: &quot;Helvetica Neue&quot;;\">H-1B</span>签证，是为了避免低技术低工资的临时外籍人员替代美国本土人士的就业，最受打击的是印度申请人。中国作为<span style=\"line-height: normal; font-family: &quot;Helvetica Neue&quot;;\">H-1B</span>第二大申请群体，从数据上看，受到的影响没有印度严重。比<span style=\"line-height: normal; font-family: &quot;Helvetica Neue&quot;;\">2016</span>财年的<span style=\"line-height: normal; font-family: &quot;Helvetica Neue&quot;;\">35720</span>名中国人获批，<span style=\"line-height: normal; font-family: &quot;Helvetica Neue&quot;;\">2017</span>财年目前获批的已有<span style=\"line-height: normal; font-family: &quot;Helvetica Neue&quot;;\">36362</span>人，不降反升。近年来，美国<span style=\"line-height: normal; font-family: &quot;Helvetica Neue&quot;;\">STEM</span>领域的人才需求量大，鼓励学生主修科学、技术、工程和数学领域，并提供多项优惠条件帮助这些学科的毕业生就业。在政策收紧的形势下，最受冲击的就是“混文凭”的学生。</span></p><div><span style=\"font-size: 18px; font-family: 华文宋体, STSong;\"><br/></span></div><p><br/></p>",
      "file": {
        "fieldname": "file",
        "originalname": "4.png",
        "encoding": "7bit",
        "mimetype": "image/png",
        "destination": "E:\\work\\born\\public\\upload\\news",
        "filename": "1515653997098-4.png",
        "path": "\\upload\\news\\1515653997098-4.png",
        "size": 52536
      },
      "createdAt": "2018-01-11T06:59:57.138Z",
      "updatedAt": "2018-02-05T03:52:26.614Z",
      "src": "\\upload\\news\\1515653997098-4.png",
      "viewCount": 6
    }
  ]
}