{
  "news": [
    {
      "id": "H1-Kbf-fG",
      "title": "特朗普打破多年惯例带商贸团访华 29家公司随行",
      "link": "http://www.borninusa.cn/newsitem/278079108",
      "publishedDate": "12/15/2017",
      "published": "true",
      "abstract": "2017年1~9月，中美贸易总额2.89万亿人民币，增长了18.7%，其中中国对美出口增长了16.5%，从美国进口则增长了25%。",
      "content": "2017年1~9月，中美贸易总额2.89万亿人民币，增长了18.7%，其中中国对美出口增长了16.5%，从美国进口则增长了25%。]\r\n\r\n主要是能源和大宗商品企业 美总统访华多年未曾带商贸团。\r\n\r\n美国总统特朗普将于11月8日至10日对中国进行国事访问，同时还会带一支由29位企业高管组成的商贸代表团，代表团成员主要来自能源和大宗商品企业。这样的安排，和以往有些不同。\r\n\r\n“这是我记忆中首次出现总统带着贸易代表团访华的情况，此前都是商务部部长或农业部部长带团。”中国美国商会主席蔡瑞德（WilliamZarit）在接受第一财经记者采访时透露，正是商会向美国驻华大使和美国政府建议组建这样一个贸易代表团。\r\n\r\n蔡瑞德认为，本届美国政府及总统本身都是“非传统的”，希望美方在和中方签订具体合约的同时，也不要忘记讨论双边关系中市场准入等结构性问题。\r\n\r\n期待讨论结构性问题\r\n\r\n白宫方面的吹风记录，中美贸易将是特朗普此次访华的重要议题。\r\n\r\n目前，中国自美国进口的数额呈现增长趋势：按中方统计，2017年1~9月，中美贸易总额2.89万亿人民币，增长了18.7%，其中中国对美出口增长了16.5%，从美国进口则增长了25%。\r\n\r\n至于特朗普政府是否在中美经贸关系中过于强调贸易赤字，蔡瑞德告诉第一财经记者，以他的感官，目前情况已有转变：“我现在看到了一个更加平衡的处理方式，过去我看到的是，所有事情都是围绕着贸易赤字展开的。”\r\n\r\n“例如在我同商务部部长罗斯的会面中所听到的信息是，目前美国政府对于市场准入是感兴趣的。”蔡瑞德透露。\r\n\r\n“我想，在一届政府最开始的阶段是很容易把重点聚焦在赤字上的，不过现在大部分人都理解了，贸易赤字只是贸易不平衡的部分结果，虽然这有一定参考价值，但并不是事情的全部。”他表示。\r\n\r\n与此同时，蔡瑞德向记者表示，一方面中国美国商会认为，中美将签署的具体合同，体现了彼此间强劲的经济联系，但另一方面则希望不要让这种具体的成果掩盖了双边关系中的结构性问题。\r\n\r\n蔡瑞德表示，目前中美在贸易和投资上的确存在不平衡关系。无论是服务贸易还是货物贸易，美国都是全球最开放的市场之一，但美国的进口市场和投资环境方面略好一些。她还希望此次特朗普访华之旅能讨论中国的产业政策问题。\r\n\r\n中国美国商会发布的2016年度白皮书显示，60%的会员企业将中国列为前三大投资目的地之一。但蔡瑞德表示，在2012年，这个数字是78%。\r\n\r\n蔡瑞德担忧，如果在互惠待遇方面出现偏差，美政府也许会做出相应的反应，并有可能进一步关闭市场，没有人希望看到这一点。“我们最想避免的当然是贸易战。”\r\n\r\n目前，美国国会内部正在酝酿外国投资委员会（CFIUS）审查扩容改革，且相关国会议员丝毫不掩饰立法针对中资的动机。在草案中，美方将寻求扩大CFIUS需要进行审查的投资范围，新增包括合资及少数股权投资情况在内的审查内容。靠近军事基地的房地产交易也将被要求列入到审查范围内。而此前传出的具有明显倾向性的“关切国家”名单等提议已在审议过程中被删除。\r\n\r\n期待强有力的BIT\r\n\r\n美国财长姆努钦此前表示，在解决了美国牛肉对华出口等问题后，中美可以考虑继续开展BIT谈判。\r\n\r\n自2008年启动以来，中美BIT谈判至今已历时9年。2013年7月，中美两国宣布以“准入前国民待遇加负面清单模式”为基础进入实质性谈判阶段，被视为重大突破。两国最近一次交换负面清单是在2016年9月。\r\n\r\n“在我看来，中美彼此认为对方才是BIT被搁置的原因。”蔡瑞德对第一财经记者表示，BIT谈判貌似被放到了次要地位上，“美方认为中方提供的负面清单还是太长了，而中方则感觉美方好像不再关心BIT谈判了。”\r\n\r\n但在企业层面，在华的美国商会会员企业近几年都认为BIT是十分有益的。蔡瑞德表示，最重要的是达成一个强有力的协议。\r\n\r\n中国美国商会在其发布的《2017年美国企业在华白皮书》（下称《白皮书》）中提到，中美两国政府应争取及时达成一个高标准的双边投资协定。\r\n\r\n《白皮书》称，希望两国政府在BIT中列出简短的负面清单，只对真正敏感的安全领域做出明确界定以限制投资，并利用双边对话机制，创造给对方经济发展和就业做出更大贡献的机会。\r\n\r\n《白皮书》表示，鉴于目前美国国内的政治形势等因素，企业界的大力支持对BIT在美国获得批准至关重要。然而，要想获得美国企业界对BIT的支持，中方需要提出一个比目前更短、限制更少的负面清单。\r\n\r\n谁会跟着特朗普来华\r\n\r\n回溯中美外交历史可以发现，已有多年没有大型企业代表团随同美国总统出访中国。美方商界人士认为，既然欧洲国家领导人都在出访中国时为本国企业站台，那么美国也不应落后于人。\r\n\r\n蔡瑞德向第一财经记者确认了这个代表团将由29名企业高管组成，其中不少是能源企业，譬如美国第一个液化天然气出口终端开发商Cheniere的高管就位列其中。\r\n\r\n据悉，此次共有10家企业涉足天然气或其他能源领域。其他可能随团访华的企业还有，天然气公司DelfinMidstream、阿拉斯加管线开发公司、塔式光热发电技术开发商SolarReserve、核电巨头西屋电气、美国大宗商品贸易商FreepointCommodities、种业公司Stine、生物技术公司Drylet、污水处理公司Viroment、美国大豆出口协会、通用电气、霍尼韦尔、波音、高通、谷物公司ArcherDanielsMidland和化学品企业陶氏杜邦等。",
      "file": {
        "fieldname": "file",
        "originalname": "0.png",
        "encoding": "7bit",
        "mimetype": "image/png",
        "destination": "E:\\work\\born\\public\\upload\\news",
        "filename": "1513329016807-0.png",
        "path": "\\upload\\news\\1513329016807-0.png",
        "size": 37582
      },
      "createdAt": "2017-12-15T09:10:16.810Z",
      "updatedAt": "2017-12-15T09:10:16.810Z",
      "src": "\\upload\\news\\1513329016807-0.png"
    },
    {
      "id": "SklCWGWzM",
      "title": "​计算机视觉著名学者马毅教授离职上科大，前往加州大学伯克利分校担任教职",
      "link": "http://www.borninusa.cn/newsitem/278063363",
      "publishedDate": "12/15/2017",
      "published": "true",
      "abstract": "10月15日，计算机视觉领域著名学者、上海科技大学信息科学与技术学院教授、国家“千人计划”入选者马毅博士在微博称，自己已正式决定接受美国加州大学伯克利分校电子工程与计算机系的教职，并将于明年年初入职。",
      "content": " 10月15日，计算机视觉领域著名学者、上海科技大学信息科学与技术学院教授、国家“千人计划”入选者马毅博士在微博称，自己已正式决定接受美国加州大学伯克利分校电子工程与计算机系的教职，并将于明年年初入职。\r\n\r\n微博上，马毅博士表述了他对新一份教职的想法：\r\n\r\n\r\n\r\n    与家人商量，正式决定接受加州大学伯克利分校电子工程与计算机系的教职，年初入职。事业与家庭终能兼顾，实属幸事。历史充满了巧合：二十二年前，我第一次出国，就是从上海出发，去伯克利读书；想不到二十年后，我又将是从上海出发，到母校伯克利去教书。时过境迁，人是物非，回国九年，感触良多。前一次出行，无论从哪方面，都是我人生的一个新的起点；这一次，前途又将如何呢？\r\n\r\n\r\n\r\n马毅教授\r\n\r\n    此微博一经公布，便引起了外界对马毅教授离职的各种猜测。知乎上也迅速有题主提出了“ 如何看待上海科技大学马毅教授宣布前往UC Berkeley任教？\"\r\n\r\n\r\n\r\n    为何马毅教授的离职引起这么多人关注？\r\n\r\n    原因之一可能是近期有不少学术界人士都选择了国外高校任职。\r\n\r\n    2017年5月7日，清华大学结构生物学家颜宁博士从清华大学离职，接受美国普林斯顿大学邀请，受聘该校分子生物学系雪莉·蒂尔曼终身讲席教授的职位；\r\n\r\n    2017年9月30日，麻省理工学院数学系主页消息证实了北京大学数学家许晨阳博士将在2018年的秋季学期，以正教授身份加入麻省理工学院数学系。\r\n\r\n这让人们不由地怀疑国内科研环境是不是真的留不住高端科研人才。另外也有人说，马毅教授的离职与大环境无关，是因为个人家庭变故原因。\r\n\r\n如果单从伯克利提供给马毅教授的待遇来看，吸引力并不大。据雷锋网AI科技评论了解，马毅教授此次入职伯克利的教职是科研教授(research professor)，而不是终身教授。科研教授与终身教授主要不同之处是，它是合同制，收入主要来源于申请的科研经费。综合以上分析，马毅教授接受该教职的邀请，应该是结合自身情况考虑多方面因素的结果。\r\n\r\n    马毅教授在上科大任职期间的工作表现\r\n\r\n    在马毅老师刚入职上科大，接受上科大信息学院专访时就说道： “加入上科大，我的初衷是想建立一支强大的研发团队，把学校信息领域的教学和科研做好。” 入职三年，马毅老师也确实做到了他所说的那样。据信息学院主页公布的人才引进动态来看，马老师作为信息学院的执行院长，自学院 13 年起招收第一届研究生，14 年起招收第一届本科生以来，学院教授增至 46 名、其中包括 3 名“青年千人\"，3名“上海千人”，包括马毅老师在内的 2 名“中央千人”，还有 5 名外籍教授。值得一提的是，在马老师卸任执行院长至今的几个月里，他依然着手组织了 SSIST 2017 与其他的一些重要活动，在学校中同学生交流，与教授们探讨研究的课题，积极地带学术圈子里的朋友来上科大参观交流。\r\n\r\n附马毅教授的个人生涯经历：\r\n\r\n1995 年获清华大学自动化学士学位，和应用数学辅修学士学位；\r\n\r\n1997 年获加利福利亚大学伯克利分校电子工程与计算机科学硕士学位；\r\n\r\n2000 年获加利福利亚大学伯克利分校数学硕士学位，同时获得电子工程与计算机科学博士学位。\r\n\r\n2000 至 2011 年，先后在美国伊利诺伊大学厄巴拿香槟分校电子与计算机工程系担任助理教授、副教授。\r\n\r\n2009 至 2014 年，任微软研究院计算机视觉组主任及首席研究员。\r\n\r\n2014年，全职加入上海科技大学。\r\n\r\n    马毅教授还是中央千人，上海千人计划中特聘学者，IEEE FELLOW。2016年，马毅教授分别入选Clarivate Analytics（原汤森路透知识产权与科技事业部）发布的“2016高被引科学家”、《科学》杂志的“最具影响力计算机科学作者”前50名榜单。他的主要研究方向是利用与高维数据分析，信号与图像处理相关的数学和统计工具；研究基于图像的三维重建和物体识别；应用于智能机器的自动导航、控制和人机交互等等。学术研究成果在谷歌学术上，截至2017年9月，论文已被引数为33965次。",
      "file": {
        "fieldname": "file",
        "originalname": "4.png",
        "encoding": "7bit",
        "mimetype": "image/png",
        "destination": "E:\\work\\born\\public\\upload\\news",
        "filename": "1513329096259-4.png",
        "path": "\\upload\\news\\1513329096259-4.png",
        "size": 52536
      },
      "createdAt": "2017-12-15T09:11:36.261Z",
      "updatedAt": "2017-12-15T09:11:36.261Z",
      "src": "\\upload\\news\\1513329096259-4.png"
    },
    {
      "id": "HJImzG-zG",
      "title": "华裔美国教授开除中国留学生，写长信称“就不该录取你”",
      "link": "",
      "publishedDate": "12/18/2017",
      "published": "true",
      "abstract": " 袁劲梅是一位来自美国的哲学教授。她现在是美国克瑞顿大学(Creighton University)的终身教授，曾任美国哲学协会“亚洲哲学和亚洲哲学家委员会”委员。近年来，她在海内外发表大量散文、诗歌、小说及哲学论文，作品曾获“联合文学奖新人奖”等多种奖项。克瑞顿大学近日开除了一位来自中国的研究生，而袁劲梅教授本人正是这位研究生的导师。她观察到中美大学教育的差别，同时郑重地给这位被开除的留学生写了一封信，坦诚地表达了她本人的观点。",
      "content": " 袁劲梅是一位来自美国的哲学教授。她现在是美国克瑞顿大学(Creighton University)的终身教授，曾任美国哲学协会“亚洲哲学和亚洲哲学家委员会”委员。近年来，她在海内外发表大量散文、诗歌、小说及哲学论文，作品曾获“联合文学奖新人奖”等多种奖项。克瑞顿大学近日开除了一位来自中国的研究生，而袁劲梅教授本人正是这位研究生的导师。她观察到中美大学教育的差别，同时郑重地给这位被开除的留学生写了一封信，坦诚地表达了她本人的观点。\r\n\r\n    美国留学，一言不合就被开。知道真相的我眼泪掉下来...2014-2015学年大约有8000名中国留学生被开除\r\n\r\n人人都想成为A+藤校生\r\n\r\n    历尽艰辛终于收到了藤校offer，满怀憧憬的上了藤校。只等着毕业、当上总经理，迎娶白富美，走上人生巅峰...然而上了藤校之后，才知道，上学容易，毕业难\r\n\r\n    根据WholeRen教育统计：\r\n\r\n美国高校在2012-2013学年共开除了1657名中国学生。\r\n\r\n    据BBC中文网报道：\r\n\r\n2014-2015学年大约有8000名中国留学生被学校开除，其中不乏在常春藤名校就读的学生。\r\n\r\n\r\n\r\n\r\n\r\n    被开除的并非都是“差生”，来自排名前100的名校生超过了60%，数据里收录的数十个被开除的学生甚至来自常青藤大学。\r\n\r\n大型州立大学，低龄留学生，都成为被开除的重灾区。\r\n\r\n\r\n\r\n    白皮书显示，近年来美国厚仁所接触到的被开除学生中：\r\n\r\n    13.7%来自俄亥俄州立大学哥伦布分校\r\n\r\n    12.1%来自伊利诺伊大学厄巴纳-香槟分校(UIUC)\r\n\r\n    10.0%来自亚利桑那大学\r\n\r\n    7.4%来自加州大学尔湾分校\r\n\r\n    6.8%来自波士顿大学\r\n\r\n\r\n\r\n▲被退学高危人群分布地图\r\n\r\n按照已有的1657个样本案例分析，被退学的学生主要集中两条线上：加州－俄勒冈州－华盛顿州、麻萨诸塞州－纽约－宾州－俄亥俄－印第安纳－伊利诺伊沿线，原因在于：\r\n\r\n    1. 54％的中国留美学生选择这些经济发达、就业机会多的地区读书，基数大。\r\n\r\n    2.世界顶尖高校云集聚集这些州，例如加州高校系统、纽约州立大学、宾州州立大学、马萨诸塞州的麻省理工学院和哈佛大学、佛罗里达州立大学等，排名高的学校对学生的要求也更加严格。所以在择校入读前，实际考虑自身的学术水平是否能够满足学校要求是很有必要的。\r\n\r\n\r\n\r\n\r\n\r\n\r\n\r\n被开除学生大多是在美国留学时间短、或刚到美留学的新生\r\n\r\n理工类专业和经济商管类专业的学生几乎各占三分之一，原因在于：\r\n\r\n\r\n\r\n    1.赴美选修理工、经济类专业的学生基数大\r\n\r\n    2.理工类和经济类专业就业前景好，受到了大多学生和家长的亲睐，但忽略了学生的兴趣爱好、专业基础等要素，反而不利于学生专注学业。\r\n\r\n\r\n\r\n虽然留美中国学生中研究生比较多，但实际工作接触到的本科被开除学生实际上更多。原因在于：\r\n\r\n\r\n\r\n    1.相对于研究生而言，本科生年龄较小、自我约束力差、学**和生活适应能力较薄弱。\r\n\r\n    2.大部分来求助的本科生学**态度有欠严谨，没有主动充分去了解中西文化、美国教学体制和学科设置等等。\r\n\r\n    3.硕士相较于本科生会更珍惜留学的时光。这是因为，研究生在美攻读学位年限一般比本科生短，项目最长不过两年，而毕业绩点要求又高，不得低于 3.0（相当于 B，均分 80）。这一切都使他们更加认真对待学业，因此其开除率比本科生来说较低。\r\n\r\n\r\n\r\n\r\n\r\n\r\n\r\n大部分原因在于:\r\n\r\n    学术不诚实\r\n\r\n\r\n\r\n\r\n\r\n    在美国高校，学术不诚信涉及的范围很广，包括抄袭、考试作弊或协同作弊（例如对答案）、代考/代课、成绩造假、想改成绩被举报、保留往届考卷、伪造导师签名等等。\r\n\r\n\r\n\r\n\r\n\r\n《华尔街日报》曾调研了50所拥有大量留学生的公立大学，并针对本科生涉嫌违反学术诚信规定的情况进行了统计。\r\n\r\n数据显示，留学生的作弊率是本地学生的至少两倍，最高的甚至达到了8倍。\r\n\r\n\r\n\r\n\r\n\r\n    去年，俄亥俄州立大学发现一名中国人在一个中文论坛上发广告贴说自己可以代人考试，且保证能得到A的成绩。\r\n\r\n他的开价也很高：每门考试500美元。该校一名发言人表示：“作弊并不仅限于中国学生，但我们发现，留学生作弊的比例更高。”\r\n\r\n值得注意的是，还有一类学术不诚信行为，中美两国有不同的解读。在SAT，托福等考试中，中国学生的备考已经成为一项产业。 中国学生和家长认为，刷题正是努力备考的表现。但美国人不这样认为，他们觉得这种投机取巧的行为，从本质上来说就是学术不诚信。\r\n\r\n另外，中国学生在中学甚至大学阶段都缺乏学术规范的教育。中国的学生，常常引用大段他人的文章而不加备注。这在美国大学，也被视为学术不诚信。\r\n\r\n学术表现差\r\n\r\n    根据《2015版留美中国学生现状白皮书》的统计，学术表现差是造成中国留学生被开除最主要的原因，占了总样本的57.56%，并普遍存在于各类学校。\r\n\r\n\r\n\r\n\r\n\r\n    美国教育制度的一大特点是关注学生成长的过程，不以单次的考试成绩评判学生，每次作业、测验甚至上课表现都会影响期终总成绩。只要学生平时认真上课，按时完成作业，单次的考试成绩不理想一般会导致挂科。报告称：“有些学生根本没有意识到美国大学开除制度的严肃性，往往抱着玩到最后一秒再突击的侥幸心态。而在美国大学，取得优异的成绩绝不是一蹴而就，或是可以凭侥幸取得的。”\r\n\r\n举个栗子\r\n\r\n    重庆某中学的李某，背超过200篇范文，重复做过4遍历年真题，高分考入名牌大学却1年挂8门\r\n\r\n入学后的各种问题\r\n\r\n做不出论文(论文成绩在期末成绩中占30%)\r\n\r\n无法融入小组(小组作业在整个考评中占25%)\r\n\r\n学期演讲困难(一学期要修3~5门课程，都要期末演讲)\r\n\r\n一学年9门考试挂8门被劝退\r\n\r\n    不管你是留美新生，还是老司机。只要是在美国都要注意\r\n\r\n学术：诚实\r\n\r\n    美国整个社会和各院校十分重视诚信。几乎所有高校都制定了学术诚信政策，并要求学生严格遵守政策上的各项规定，如有违反，必将严惩不贷。\r\n\r\n交通：驾车遵守法规\r\n\r\n在美国往往出门就上高速，行车速度快，和在拥挤的但是速度慢的马路上开车是两回事。\r\n\r\n此外，美国的交通规则与中国不尽相同不是驾车不遵守法规的借口，在遵守当地交通规则的同时，还要摒弃一些开车的坏习惯。\r\n\r\n毕竟，遵守当地的法律法规是入乡随俗的底线。\r\n\r\n    社交：社交网站上不要发表威胁性言论\r\n\r\n在中国，随便说几句狠话，威胁他人，可能不会被警察找。\r\n\r\n但在美国，因为一时激动随口而出这样不负责任的话，很可能被警方带走甚至引来牢狱之灾。\r\n\r\n    烟酒限制\r\n\r\n美国对可摄入烟酒的年龄限制严格，年满18周岁才可抽烟，年满21周岁才可喝酒。\r\n\r\n    中国留学生逐渐低龄化，很多未成年的学生到美国读书。\r\n\r\n背负着全家人的希望，拿着父母辛辛苦苦赚来的钱，搭上N次刷分拒录后愈发玻璃的心，远赴他乡、孤注一掷，怎么能随便就被退学呢？\r\n\r\n不管你是什么原因：不适应、压力太大、或者发现自己不喜欢这个专业...\r\n\r\n“你可以的、都有个适应期、会过去的、坚持坚持就过去了”",
      "file": {
        "fieldname": "file",
        "originalname": "2.png",
        "encoding": "7bit",
        "mimetype": "image/png",
        "destination": "E:\\work\\born\\public\\upload\\news",
        "filename": "1513329181793-2.png",
        "path": "\\upload\\news\\1513329181793-2.png",
        "size": 44984
      },
      "createdAt": "2017-12-15T09:13:01.842Z",
      "updatedAt": "2017-12-15T09:13:01.842Z",
      "src": "\\upload\\news\\1513329181793-2.png"
    },
    {
      "id": "rkp_zz-MG",
      "title": "特朗普VS伊朗：中东或更加动荡 美战略负担将增加",
      "link": "",
      "publishedDate": "12/23/2017",
      "published": "true",
      "abstract": "美国总统特朗普宣布了一件人们早已预料到的事：他不会认可伊朗遵守2015年7月与美国、中国、俄罗斯、法国、德国和英国签订的《全面联合行动计划》（JCPOA，即伊核协议）。他也不会认可作为该协定一部分的美国暂停制裁是合理的、符合美国核心国家利益的。",
      "content": " 美国总统特朗普宣布了一件人们早已预料到的事：他不会认可伊朗遵守2015年7月与美国、中国、俄罗斯、法国、德国和英国签订的《全面联合行动计划》（JCPOA，即伊核协议）。他也不会认可作为该协定一部分的美国暂停制裁是合理的、符合美国核心国家利益的。\r\n\r\n    澄清一下，这样的认可并不是JCPOA的要求。相反，这是美国国会在协议签署后不久所实施的一部法律的规定，每90天就要认可一次。同样重要的是要注意到，特朗普并没有从JCPOA本身退出。他选择了妥协：明确表达自己对这份协定的鄙夷，而不退出这份协定，也不重启作为该协定一部分被取消的制裁（如果这样做的话，等同于美国撤出该协定）。\r\n\r\n    接下来会发生什么尚不清楚。国会有60天时间重启部分或全部被暂停的制裁，但它不太可能这样做。但是，它有可能根据伊朗在叙利亚和域内其他地方的行为，引入新的制裁。与此相一致，特朗普还宣布他准备对伊朗伊斯兰革命卫队实施额外制裁。\r\n\r\n不论美国在什么时候，出于什么目的实施新的制裁，都有可能陷入孤军奋战。欧洲、中国和俄罗斯都不太可能加入美国的行列，不仅是出于金融自我利益的考虑，还是因为伊朗遵守JCPOA。这是国际调查员在联合国的主持下所做出的结论，并获得包括美国国防部长吉姆·马蒂斯（Jim Mattis）在内的美国高官的承认。\r\n\r\n一些美国人指出，伊朗没有遵守JCPOA的精神，这其实毫无意义：“精神”这个词没有法律地位。伊朗在域内的所作所为大多确实构成了合理的关注原因，但这并不是根据协议重启制裁的理由。\r\n\r\n    重新谈判JCPOA，延长某些约束条件的期限、让检查更加深入，并将检查覆盖面扩大到导弹绝对很具有吸引力。但实际上完全不具有可操作性，因为伊朗和其他大部分（或者说全部）JCPOA签署国都将拒绝这些要求。如果无法实现这样的改变，美国就有可能不再参与JCPOA，这样的威胁纯属虚张声势，即使兑现了也必然会失败。\r\n\r\n    所有这些都不是说JCPOA是一份好条约。尽管如此，特朗普决定不认可它仍然是毫无必要、毫无道理的。该协定是集体努力的产物。如今，美国单边主义可能导致未来结成反伊朗统一战线变得极端困难。\r\n\r\n特朗普的举动对于美国外交政策也十分不利。一个超级大国之所以是超级大国，一个必要的前提是其政策的连续性。反覆可能能够带来战术性优势，但必然是战略性负担。\r\n\r\n    还有一个更加紧迫的问题：如果美国开启了一个导致JCPOA崩溃的进程，使伊朗重新启动目前根据协议停止的核活动，就会爆发一场危机。\r\n\r\n尽管有这样那样的考虑，但只关注美国宣布了什么而不同时关注伊朗的动作，也是不正确的。从长期来看，挑战在于如何应对JCPOA的缺陷，特别是其中的日落条款。该协定“挂起”了核问题，而没有解决它。协议的重要条款将在8年或13年后失效。到那时，检查员就不能阻止伊朗部署多种核武器计划的前提条件，并且伊朗在不做出警告的情况下就可以启动计划。\r\n\r\n    一些人认为，在未来十年或15年中，伊朗的意图和行为将保持温和。不能做出这样的假设。相反，伊朗更有可能保持混合制度，政府与永久性宗教当局共存，同时，强大的军事力量和情报机构拥有巨大的政治影响力，并基本不为政府所控制。\r\n\r\n    因此，对付一个野心勃勃的强大的伊朗将引出其他一系列有无限多种可能的挑战，它们将构成更加动荡的中东。但是，没有JCPOA，这些挑战会变得更加艰巨。",
      "file": {
        "fieldname": "file",
        "originalname": "1.png",
        "encoding": "7bit",
        "mimetype": "image/png",
        "destination": "E:\\work\\born\\public\\upload\\news",
        "filename": "1513329268847-1.png",
        "path": "\\upload\\news\\1513329268847-1.png",
        "size": 32666
      },
      "createdAt": "2017-12-15T09:14:28.849Z",
      "updatedAt": "2017-12-15T09:14:28.849Z",
      "src": "\\upload\\news\\1513329268847-1.png"
    }
  ]
}