{
  "news": [
    {
      "id": "rJAKs1rMz",
      "title": "特朗普打破多年惯例带商贸团访华 29家公司随行",
      "link": "http://www.borninusa.cn/newsitem/278079108",
      "publishedDate": "12/20/2017",
      "published": "true",
      "abstract": "2017年1~9月，中美贸易总额2.89万亿人民币，增长了18.7%，其中中国对美出口增长了16.5%，从美国进口则增长了25%。]",
      "content": "<p>2017年1~9月，中美贸易总额2.89万亿人民币，增长了18.7%，其中中国对美出口增长了16.5%，从美国进口则增长了25%。]</p>\r\n<p>主要是能源和大宗商品企业 美总统访华多年未曾带商贸团。</p>\r\n<p>美国总统特朗普将于11月8日至10日对中国进行国事访问，同时还会带一支由29位企业高管组成的商贸代表团，代表团成员主要来自能源和大宗商品企业。这样的安排，和以往有些不同。</p>\r\n<p>“这是我记忆中首次出现总统带着贸易代表团访华的情况，此前都是商务部部长或农业部部长带团。”中国美国商会主席蔡瑞德（WilliamZarit）在接受第一财经记者采访时透露，正是商会向美国驻华大使和美国政府建议组建这样一个贸易代表团。</p>\r\n<p>蔡瑞德认为，本届美国政府及总统本身都是“非传统的”，希望美方在和中方签订具体合约的同时，也不要忘记讨论双边关系中市场准入等结构性问题。</p>\r\n<p>期待讨论结构性问题</p>\r\n<p>白宫方面的吹风记录，中美贸易将是特朗普此次访华的重要议题。</p>\r\n<p>目前，中国自美国进口的数额呈现增长趋势：按中方统计，2017年1~9月，中美贸易总额2.89万亿人民币，增长了18.7%，其中中国对美出口增长了16.5%，从美国进口则增长了25%。</p>\r\n<p>至于特朗普政府是否在中美经贸关系中过于强调贸易赤字，蔡瑞德告诉第一财经记者，以他的感官，目前情况已有转变：“我现在看到了一个更加平衡的处理方式，过去我看到的是，所有事情都是围绕着贸易赤字展开的。”</p>\r\n<p>“例如在我同商务部部长罗斯的会面中所听到的信息是，目前美国政府对于市场准入是感兴趣的。”蔡瑞德透露。</p>\r\n<p>“我想，在一届政府最开始的阶段是很容易把重点聚焦在赤字上的，不过现在大部分人都理解了，贸易赤字只是贸易不平衡的部分结果，虽然这有一定参考价值，但并不是事情的全部。”他表示。</p>\r\n<p>与此同时，蔡瑞德向记者表示，一方面中国美国商会认为，中美将签署的具体合同，体现了彼此间强劲的经济联系，但另一方面则希望不要让这种具体的成果掩盖了双边关系中的结构性问题。</p>\r\n<p>蔡瑞德表示，目前中美在贸易和投资上的确存在不平衡关系。无论是服务贸易还是货物贸易，美国都是全球最开放的市场之一，但美国的进口市场和投资环境方面略好一些。她还希望此次特朗普访华之旅能讨论中国的产业政策问题。</p>\r\n<p>中国美国商会发布的2016年度白皮书显示，60%的会员企业将中国列为前三大投资目的地之一。但蔡瑞德表示，在2012年，这个数字是78%。</p>\r\n<p>蔡瑞德担忧，如果在互惠待遇方面出现偏差，美政府也许会做出相应的反应，并有可能进一步关闭市场，没有人希望看到这一点。“我们最想避免的当然是贸易战。”</p>\r\n<p>目前，美国国会内部正在酝酿外国投资委员会（CFIUS）审查扩容改革，且相关国会议员丝毫不掩饰立法针对中资的动机。在草案中，美方将寻求扩大CFIUS需要进行审查的投资范围，新增包括合资及少数股权投资情况在内的审查内容。靠近军事基地的房地产交易也将被要求列入到审查范围内。而此前传出的具有明显倾向性的“关切国家”名单等提议已在审议过程中被删除。</p>\r\n<p>期待强有力的BIT</p>\r\n<p>美国财长姆努钦此前表示，在解决了美国牛肉对华出口等问题后，中美可以考虑继续开展BIT谈判。</p>\r\n<p>自2008年启动以来，中美BIT谈判至今已历时9年。2013年7月，中美两国宣布以“准入前国民待遇加负面清单模式”为基础进入实质性谈判阶段，被视为重大突破。两国最近一次交换负面清单是在2016年9月。</p>\r\n<p>“在我看来，中美彼此认为对方才是BIT被搁置的原因。”蔡瑞德对第一财经记者表示，BIT谈判貌似被放到了次要地位上，“美方认为中方提供的负面清单还是太长了，而中方则感觉美方好像不再关心BIT谈判了。”</p>\r\n<p>但在企业层面，在华的美国商会会员企业近几年都认为BIT是十分有益的。蔡瑞德表示，最重要的是达成一个强有力的协议。</p>\r\n<p>中国美国商会在其发布的《2017年美国企业在华白皮书》（下称《白皮书》）中提到，中美两国政府应争取及时达成一个高标准的双边投资协定。</p>\r\n<p>《白皮书》称，希望两国政府在BIT中列出简短的负面清单，只对真正敏感的安全领域做出明确界定以限制投资，并利用双边对话机制，创造给对方经济发展和就业做出更大贡献的机会。</p>\r\n<p>《白皮书》表示，鉴于目前美国国内的政治形势等因素，企业界的大力支持对BIT在美国获得批准至关重要。然而，要想获得美国企业界对BIT的支持，中方需要提出一个比目前更短、限制更少的负面清单。</p>\r\n<p>谁会跟着特朗普来华</p>\r\n<p>回溯中美外交历史可以发现，已有多年没有大型企业代表团随同美国总统出访中国。美方商界人士认为，既然欧洲国家领导人都在出访中国时为本国企业站台，那么美国也不应落后于人。</p>\r\n<p>蔡瑞德向第一财经记者确认了这个代表团将由29名企业高管组成，其中不少是能源企业，譬如美国第一个液化天然气出口终端开发商Cheniere的高管就位列其中。</p>\r\n<p>据悉，此次共有10家企业涉足天然气或其他能源领域。其他可能随团访华的企业还有，天然气公司DelfinMidstream、阿拉斯加管线开发公司、塔式光热发电技术开发商SolarReserve、核电巨头西屋电气、美国大宗商品贸易商FreepointCommodities、种业公司Stine、生物技术公司Drylet、污水处理公司Viroment、美国大豆出口协会、通用电气、霍尼韦尔、波音、高通、谷物公司ArcherDanielsMidland和化学品企业陶氏杜邦等。</p>\r\n",
      "file": {
        "fieldname": "file",
        "originalname": "0.png",
        "encoding": "7bit",
        "mimetype": "image/png",
        "destination": "E:\\work\\born\\public\\upload\\news",
        "filename": "1513581446360-0.png",
        "path": "\\upload\\news\\1513581446360-0.png",
        "size": 37582
      },
      "createdAt": "2017-12-18T07:17:26.384Z",
      "updatedAt": "2017-12-18T07:17:26.384Z",
      "src": "\\upload\\news\\1513581446360-0.png"
    },
    {
      "id": "HkylQxrfM",
      "title": "美国两名女子漂流太平洋数月后，日前终获美国军舰救援",
      "link": "http://www.borninusa.cn/newsitem/278074297",
      "publishedDate": "12/15/2017",
      "published": "true",
      "abstract": "美国两名女子漂流太平洋数月后，日前终获美国军舰救援",
      "content": "<p><img src=\"\\upload\\photos\\1513583348183-12.jpeg\" alt=\"\"></p>\r\n<p><img src=\"美国两名女子阿佩尔和费亚瓦在太平洋漂流了5个月后，日前终于获得美国军舰的救援。\\upload\\photos\\1513583282272-13.jpeg\" alt=\"\">\r\n<img src=\"\\upload\\photos\\1513583288026-14.jpeg\" alt=\"\"></p>\r\n<p><strong>美国两名女子阿佩尔和费亚瓦在太平洋漂流了5个月后，日前终于获得美国军舰的救援。</strong>\r\n<img src=\"\\upload\\photos\\1513583268849-11.jpeg\" alt=\"\"></p>\r\n<p><em>美国两名女子阿佩尔和费亚瓦在太平洋漂流了5个月后，日前终于获得美国军舰的救援。</em></p>\r\n",
      "file": {
        "fieldname": "file",
        "originalname": "12.jpeg",
        "encoding": "7bit",
        "mimetype": "image/jpeg",
        "destination": "E:\\work\\born\\public\\upload\\news",
        "filename": "1513584206197-12.jpeg",
        "path": "\\upload\\news\\1513584206197-12.jpeg",
        "size": 57919
      },
      "createdAt": "2017-12-18T07:48:55.131Z",
      "updatedAt": "2017-12-18T08:05:08.505Z",
      "src": "\\upload\\news\\1513584206197-12.jpeg"
    },
    {
      "id": "Sy1pQxSfG",
      "title": "留学生毕业后在美国工作变难 工签批准率创十年新低",
      "link": "",
      "publishedDate": "12/19/2017",
      "published": "true",
      "abstract": "留学生毕业后在美国工作变难 工签批准率创十年新低",
      "content": "<p>美国移民局（USCIS）为配合特朗普政府“雇用美国人”的政策，近日公布了基于就业的签证项目的发放情况数据，包括L-1、H-1B、EAD卡等项目。其中，备受留学生关注的是H-1B工作签证。作为美国最主要的工签类别，H-1B是美国为引进外国籍专业技术人员提供的临时工作签证。</p>\r\n<pre><code>根据H-1B签证十年间的发放趋势数据显示，2017财年H-1B签证批准率不足60%，相比起2016年超87%的批准率大幅下降，并创下10年来最低。然而，H-1B签证职位的工资却逐年提升，2017财年H-1B申请者的平均年薪超过9万美元，相比起5年前2012年的平均年薪77593美元有明显的上涨。另外，H-1B申请者中的绝大部分拥有大学以上学位，年龄集中在25~34岁，从事计算机相关行业的人数较多。\r\n\r\n美国收紧H-1B签证，是为了避免低技术低工资的临时外籍人员替代美国本土人士的就业，最受打击的是印度申请人。中国作为H-1B第二大申请群体，从数据上看，受到的影响没有印度严重。比2016财年的35720名中国人获批，2017财年目前获批的已有36362人，不降反升。近年来，美国STEM领域的人才需求量大，鼓励学生主修科学、技术、工程和数学领域，并提供多项优惠条件帮助这些学科的毕业生就业。在政策收紧的形势下，最受冲击的就是“混文凭”的学生。\r\n</code></pre>",
      "file": {
        "fieldname": "file",
        "originalname": "4.png",
        "encoding": "7bit",
        "mimetype": "image/png",
        "destination": "E:\\work\\born\\public\\upload\\news",
        "filename": "1513583543375-4.png",
        "path": "\\upload\\news\\1513583543375-4.png",
        "size": 52536
      },
      "createdAt": "2017-12-18T07:52:23.391Z",
      "updatedAt": "2017-12-18T07:52:23.391Z",
      "src": "\\upload\\news\\1513583543375-4.png"
    },
    {
      "id": "rJgENgrGG",
      "title": "特朗普VS伊朗：中东或更加动荡 美战略负担将增加",
      "link": "",
      "publishedDate": "12/20/2017",
      "published": "true",
      "abstract": "特朗普VS伊朗：中东或更加动荡 美战略负担将增加",
      "content": "<p>美国总统特朗普宣布了一件人们早已预料到的事：他不会认可伊朗遵守2015年7月与美国、中国、俄罗斯、法国、德国和英国签订的《全面联合行动计划》（JCPOA，即伊核协议）。他也不会认可作为该协定一部分的美国暂停制裁是合理的、符合美国核心国家利益的。</p>\r\n<pre><code>澄清一下，这样的认可并不是JCPOA的要求。相反，这是美国国会在协议签署后不久所实施的一部法律的规定，每90天就要认可一次。同样重要的是要注意到，特朗普并没有从JCPOA本身退出。他选择了妥协：明确表达自己对这份协定的鄙夷，而不退出这份协定，也不重启作为该协定一部分被取消的制裁（如果这样做的话，等同于美国撤出该协定）。\r\n\r\n接下来会发生什么尚不清楚。国会有60天时间重启部分或全部被暂停的制裁，但它不太可能这样做。但是，它有可能根据伊朗在叙利亚和域内其他地方的行为，引入新的制裁。与此相一致，特朗普还宣布他准备对伊朗伊斯兰革命卫队实施额外制裁。\r\n</code></pre><p>不论美国在什么时候，出于什么目的实施新的制裁，都有可能陷入孤军奋战。欧洲、中国和俄罗斯都不太可能加入美国的行列，不仅是出于金融自我利益的考虑，还是因为伊朗遵守JCPOA。这是国际调查员在联合国的主持下所做出的结论，并获得包括美国国防部长吉姆·马蒂斯（Jim Mattis）在内的美国高官的承认。</p>\r\n<p>一些美国人指出，伊朗没有遵守JCPOA的精神，这其实毫无意义：“精神”这个词没有法律地位。伊朗在域内的所作所为大多确实构成了合理的关注原因，但这并不是根据协议重启制裁的理由。</p>\r\n<pre><code>重新谈判JCPOA，延长某些约束条件的期限、让检查更加深入，并将检查覆盖面扩大到导弹绝对很具有吸引力。但实际上完全不具有可操作性，因为伊朗和其他大部分（或者说全部）JCPOA签署国都将拒绝这些要求。如果无法实现这样的改变，美国就有可能不再参与JCPOA，这样的威胁纯属虚张声势，即使兑现了也必然会失败。\r\n\r\n所有这些都不是说JCPOA是一份好条约。尽管如此，特朗普决定不认可它仍然是毫无必要、毫无道理的。该协定是集体努力的产物。如今，美国单边主义可能导致未来结成反伊朗统一战线变得极端困难。\r\n</code></pre><p>特朗普的举动对于美国外交政策也十分不利。一个超级大国之所以是超级大国，一个必要的前提是其政策的连续性。反覆可能能够带来战术性优势，但必然是战略性负担。</p>\r\n<pre><code>还有一个更加紧迫的问题：如果美国开启了一个导致JCPOA崩溃的进程，使伊朗重新启动目前根据协议停止的核活动，就会爆发一场危机。\r\n</code></pre><p>尽管有这样那样的考虑，但只关注美国宣布了什么而不同时关注伊朗的动作，也是不正确的。从长期来看，挑战在于如何应对JCPOA的缺陷，特别是其中的日落条款。该协定“挂起”了核问题，而没有解决它。协议的重要条款将在8年或13年后失效。到那时，检查员就不能阻止伊朗部署多种核武器计划的前提条件，并且伊朗在不做出警告的情况下就可以启动计划。</p>\r\n<pre><code>一些人认为，在未来十年或15年中，伊朗的意图和行为将保持温和。不能做出这样的假设。相反，伊朗更有可能保持混合制度，政府与永久性宗教当局共存，同时，强大的军事力量和情报机构拥有巨大的政治影响力，并基本不为政府所控制。\r\n\r\n因此，对付一个野心勃勃的强大的伊朗将引出其他一系列有无限多种可能的挑战，它们将构成更加动荡的中东。但是，没有JCPOA，这些挑战会变得更加艰巨。\r\n</code></pre>",
      "file": {
        "fieldname": "file",
        "originalname": "0.png",
        "encoding": "7bit",
        "mimetype": "image/png",
        "destination": "E:\\work\\born\\public\\upload\\news",
        "filename": "1513583655784-0.png",
        "path": "\\upload\\news\\1513583655784-0.png",
        "size": 37582
      },
      "createdAt": "2017-12-18T07:54:15.797Z",
      "updatedAt": "2017-12-18T07:54:15.797Z",
      "src": "\\upload\\news\\1513583655784-0.png"
    },
    {
      "id": "rk934gHMG",
      "title": "​计算机视觉著名学者马毅教授离职上科大，前往加州大学伯克利分校担任教职",
      "link": "http://www.borninusa.cn/newsitem/278063363",
      "publishedDate": "2017-12-18T16:00:00.000Z",
      "published": "true",
      "abstract": "​计算机视觉著名学者马毅教授离职上科大，前往加州大学伯克利分校担任教职",
      "content": "<p></p><p>10月15日，计算机视觉领域著名学者、上海科技大学信息科学与技术学院教授、国家“千人计划”入选者马毅博士在微博称，自己已正式决定接受美国加州大学伯克利分校电子工程与计算机系的教职，并将于明年年初入职。</p><p></p><p></p><p>微博上，马毅博士表述了他对新一份教职的想法：</p><p></p><pre><code>与家人商量，正式决定接受加州大学伯克利分校电子工程与计算机系的教职，年初入职。事业与家庭终能兼顾，实属幸事。历史充满了巧合：二十二年前，我第一次出国，就是从上海出发，去伯克利读书；想不到二十年后，我又将是从上海出发，到母校伯克利去教书。时过境迁，人是物非，回国九年，感触良多。前一次出行，无论从哪方面，都是我人生的一个新的起点；这一次，前途又将如何呢？</code></pre><p>马毅教授</p><pre><code>此微博一经公布，便引起了外界对马毅教授离职的各种猜测。知乎上也迅速有题主提出了“ 如何看待上海科技大学马毅教授宣布前往UC Berkeley任教？&quot;\r\n\r\n\r\n\r\n为何马毅教授的离职引起这么多人关注？\r\n\r\n原因之一可能是近期有不少学术界人士都选择了国外高校任职。\r\n\r\n2017年5月7日，清华大学结构生物学家颜宁博士从清华大学离职，接受美国普林斯顿大学邀请，受聘该校分子生物学系雪莉·蒂尔曼终身讲席教授的职位；\r\n\r\n2017年9月30日，麻省理工学院数学系主页消息证实了北京大学数学家许晨阳博士将在2018年的秋季学期，以正教授身份加入麻省理工学院数学系。</code></pre><p>这让人们不由地怀疑国内科研环境是不是真的留不住高端科研人才。另外也有人说，马毅教授的离职与大环境无关，是因为个人家庭变故原因。</p><p>如果单从伯克利提供给马毅教授的待遇来看，吸引力并不大。据雷锋网AI科技评论了解，马毅教授此次入职伯克利的教职是科研教授(research professor)，而不是终身教授。科研教授与终身教授主要不同之处是，它是合同制，收入主要来源于申请的科研经费。综合以上分析，马毅教授接受该教职的邀请，应该是结合自身情况考虑多方面因素的结果。</p><pre><code>马毅教授在上科大任职期间的工作表现\r\n\r\n在马毅老师刚入职上科大，接受上科大信息学院专访时就说道： “加入上科大，我的初衷是想建立一支强大的研发团队，把学校信息领域的教学和科研做好。” 入职三年，马毅老师也确实做到了他所说的那样。据信息学院主页公布的人才引进动态来看，马老师作为信息学院的执行院长，自学院 13 年起招收第一届研究生，14 年起招收第一届本科生以来，学院教授增至 46 名、其中包括 3 名“青年千人&quot;，3名“上海千人”，包括马毅老师在内的 2 名“中央千人”，还有 5 名外籍教授。值得一提的是，在马老师卸任执行院长至今的几个月里，他依然着手组织了 SSIST 2017 与其他的一些重要活动，在学校中同学生交流，与教授们探讨研究的课题，积极地带学术圈子里的朋友来上科大参观交流。</code></pre><p>附马毅教授的个人生涯经历：</p><p>1995 年获清华大学自动化学士学位，和应用数学辅修学士学位；</p><p>1997 年获加利福利亚大学伯克利分校电子工程与计算机科学硕士学位；</p><p>2000 年获加利福利亚大学伯克利分校数学硕士学位，同时获得电子工程与计算机科学博士学位。</p><p>2000 至 2011 年，先后在美国伊利诺伊大学厄巴拿香槟分校电子与计算机工程系担任助理教授、副教授。</p><p>2009 至 2014 年，任微软研究院计算机视觉组主任及首席研究员。</p><p>2014年，全职加入上海科技大学。</p><pre><code>马毅教授还是中央千人，上海千人计划中特聘学者，IEEE FELLOW。2016年，马毅教授分别入选Clarivate Analytics（原汤森路透知识产权与科技事业部）发布的“2016高被引科学家”、《科学》杂志的“最具影响力计算机科学作者”前50名榜单。他的主要研究方向是利用与高维数据分析，信号与图像处理相关的数学和统计工具；研究基于图像的三维重建和物体识别；应用于智能机器的自动导航、控制和人机交互等等。学术研究成果在谷歌学术上，截至2017年9月，论文已被引数为33965次。</code></pre>",
      "file": {
        "fieldname": "file",
        "originalname": "3.png",
        "encoding": "7bit",
        "mimetype": "image/png",
        "destination": "E:\\work\\born\\public\\upload\\news",
        "filename": "1513583793942-3.png",
        "path": "\\upload\\news\\1513583793942-3.png",
        "size": 57160
      },
      "createdAt": "2017-12-18T07:56:33.964Z",
      "updatedAt": "2017-12-19T07:12:28.688Z",
      "src": "\\upload\\news\\1513583793942-3.png"
    },
    {
      "id": "SkpNnVUzz",
      "title": "拖拽图片",
      "link": "",
      "publishedDate": "2017-12-12T00:00:00.000Z",
      "published": "true",
      "abstract": "拖拽图片",
      "content": "<p><img src=\"http://localhost:8087/upload/photos/1513667565866-3.png\"/></p>",
      "file": {
        "fieldname": "file",
        "originalname": "banner-his.png",
        "encoding": "7bit",
        "mimetype": "image/png",
        "destination": "E:\\work\\born\\public\\upload\\news",
        "filename": "1513667637300-banner-his.png",
        "path": "\\upload\\news\\1513667637300-banner-his.png",
        "size": 127895
      },
      "createdAt": "2017-12-19T07:13:57.315Z",
      "updatedAt": "2017-12-19T07:13:57.315Z",
      "src": "\\upload\\news\\1513667637300-banner-his.png"
    }
  ]
}