{
  "pages": [
    {
      "id": "r12hlnhbf",
      "name": "home",
      "title": "主页",
      "pathto": "/home",
      "hide": "false",
      "postion": "1",
      "type": "main",
      "createdAt": "2017-12-12T01:28:19.942Z",
      "updatedAt": "2017-12-16T07:16:32.342Z",
      "contents": [
        "BkwOH-bzM",
        "B1raabbff",
        "Bk1IeHGzM",
        "BkKo-SMGf",
        "H1bf7SzMM",
        "Hy5EQHMMM",
        "r1zrOHfzf"
      ]
    },
    {
      "id": "SyNdyqQfz",
      "name": "process",
      "title": "赴美流程 ",
      "pathto": "/process",
      "hide": "false",
      "postion": "1",
      "type": "_main_",
      "createdAt": "2017-12-17T06:32:12.126Z",
      "updatedAt": "2017-12-17T06:54:57.876Z",
      "contents": [
        "ryZPz97Gf",
        "r1ZPXqmGz",
        "Sy1aQ57fM",
        "B19wVqXGG",
        "Hk6j4cQGf"
      ]
    }
  ]
}