{
  "pages": [
    {
      "id": "ryKtt24Mz",
      "name": "home",
      "title": "主页",
      "pathto": "/home",
      "hide": "false",
      "postion": "1",
      "type": "_main_",
      "notUC": "true",
      "createdAt": "2017-12-18T03:44:00.588Z",
      "updatedAt": "2018-01-11T09:29:11.178Z",
      "subs": [],
      "contents": [
        "r13qSsNVM",
        "Sy2gBjVNG",
        "B1W0bocE4G",
        "HyFd2cEVG",
        "rJii4i44z",
        "r1T2h5VEG"
      ]
    },
    {
      "id": "BJCit24fz",
      "name": "process",
      "title": "赴美流程",
      "pathto": "/process",
      "hide": "true",
      "postion": "2",
      "type": "_main_",
      "notUC": "true",
      "createdAt": "2017-12-18T03:44:38.460Z",
      "updatedAt": "2018-01-11T09:33:45.408Z",
      "subs": [],
      "contents": [
        "SyW3bk244M",
        "SJsQ1n44M",
        "SJt4J2E4G",
        "SkGIJh4Vz",
        "rkWvJnEVz"
      ]
    },
    {
      "id": "r1T6t34Mz",
      "name": "activity",
      "title": "在美活动",
      "pathto": "/activity",
      "hide": "false",
      "postion": "3",
      "type": "_main_",
      "notUC": "true",
      "createdAt": "2017-12-18T03:45:09.309Z",
      "updatedAt": "2017-12-18T03:45:09.309Z"
    },
    {
      "id": "BkVx52Ezz",
      "name": "service",
      "title": "回国服务",
      "pathto": "/service",
      "hide": "false",
      "postion": "4",
      "type": "_main_",
      "notUC": "true",
      "createdAt": "2017-12-18T03:45:47.729Z",
      "updatedAt": "2018-01-11T09:34:01.491Z",
      "subs": [],
      "contents": [
        "SJbmdkhVNf"
      ]
    },
    {
      "id": "Hk6ZcnVzf",
      "name": "metusa",
      "title": "遇见美利坚",
      "pathto": "/metusa",
      "hide": "false",
      "postion": "5",
      "type": "_main_",
      "notUC": "true",
      "createdAt": "2017-12-18T03:46:13.320Z",
      "updatedAt": "2017-12-18T03:46:13.320Z"
    },
    {
      "id": "B1CXc3VMM",
      "name": "news",
      "title": "新闻资讯",
      "pathto": "/news",
      "hide": "false",
      "postion": "6",
      "type": "_main_",
      "notUC": "true",
      "createdAt": "2017-12-18T03:46:46.102Z",
      "updatedAt": "2017-12-18T03:46:46.102Z"
    },
    {
      "id": "Bk8rqn4Mf",
      "name": "fqa",
      "title": "赴美问答",
      "pathto": "/fqa",
      "hide": "false",
      "postion": "7",
      "type": "_main_",
      "notUC": "true",
      "createdAt": "2017-12-18T03:47:09.707Z",
      "updatedAt": "2017-12-21T07:59:31.303Z"
    },
    {
      "id": "rkNUc24zM",
      "name": "about",
      "title": "关于我们",
      "pathto": "/about",
      "hide": "false",
      "postion": "8",
      "type": "_main_",
      "notUC": "true",
      "createdAt": "2017-12-18T03:47:23.977Z",
      "updatedAt": "2018-01-11T09:33:53.646Z",
      "subs": [],
      "contents": [
        "ByWrnCs4Ez",
        "B1m0CsEVf",
        "HyZey24Ef"
      ]
    }
  ]
}