{
  "pages": [
    {
      "id": "ryKtt24Mz",
      "name": "home",
      "title": "主页",
      "pathto": "/home",
      "hide": "false",
      "postion": "1",
      "type": "_main_",
      "notUC": "true",
      "createdAt": "2017-12-18T03:44:00.588Z",
      "updatedAt": "2017-12-19T06:03:34.762Z",
      "contents": [
        "S1-SrbBMG",
        "SJNwHWSGM",
        "HkipB-rGz",
        "ByYSsZrzG",
        "B1Z9i-SMM",
        "SkxyD-8GG",
        "SJHMIbBMM"
      ],
      "subs": []
    },
    {
      "id": "BJCit24fz",
      "name": "process",
      "title": "赴美流程",
      "pathto": "/process",
      "hide": "true",
      "postion": "2",
      "type": "_main_",
      "notUC": "true",
      "createdAt": "2017-12-18T03:44:38.460Z",
      "updatedAt": "2017-12-19T05:43:13.509Z",
      "subs": [],
      "contents": [
        "SyrjhJLzM",
        "SywiOgLMM",
        "B1UadlIzM",
        "r1G-ckUff",
        "rk0A8mIzG"
      ]
    },
    {
      "id": "r1T6t34Mz",
      "name": "activity",
      "title": "在美活动",
      "pathto": "/activity",
      "hide": "false",
      "postion": "3",
      "type": "_main_",
      "notUC": "true",
      "createdAt": "2017-12-18T03:45:09.309Z",
      "updatedAt": "2017-12-18T03:45:09.309Z"
    },
    {
      "id": "BkVx52Ezz",
      "name": "service",
      "title": "回国服务",
      "pathto": "/service",
      "hide": "false",
      "postion": "4",
      "type": "_main_",
      "notUC": "true",
      "createdAt": "2017-12-18T03:45:47.729Z",
      "updatedAt": "2017-12-19T02:49:03.687Z",
      "subs": [],
      "contents": [
        "ByAOMgUGz"
      ]
    },
    {
      "id": "Hk6ZcnVzf",
      "name": "metusa",
      "title": "遇见美利坚",
      "pathto": "/metusa",
      "hide": "false",
      "postion": "5",
      "type": "_main_",
      "notUC": "true",
      "createdAt": "2017-12-18T03:46:13.320Z",
      "updatedAt": "2017-12-18T03:46:13.320Z"
    },
    {
      "id": "B1CXc3VMM",
      "name": "news",
      "title": "新闻资讯",
      "pathto": "/news",
      "hide": "false",
      "postion": "6",
      "type": "_main_",
      "notUC": "true",
      "createdAt": "2017-12-18T03:46:46.102Z",
      "updatedAt": "2017-12-18T03:46:46.102Z"
    },
    {
      "id": "Bk8rqn4Mf",
      "name": "fqa",
      "title": "赴美回答",
      "pathto": "/fqa",
      "hide": "false",
      "postion": "7",
      "type": "_main_",
      "notUC": "true",
      "createdAt": "2017-12-18T03:47:09.707Z",
      "updatedAt": "2017-12-18T03:47:09.707Z"
    },
    {
      "id": "rkNUc24zM",
      "name": "about",
      "title": "关于我们",
      "pathto": "/about",
      "hide": "false",
      "postion": "8",
      "type": "_main_",
      "notUC": "true",
      "createdAt": "2017-12-18T03:47:23.977Z",
      "updatedAt": "2017-12-18T09:45:35.588Z",
      "contents": [
        "SJ0hTWSzG",
        "H1VCa-rzM"
      ]
    }
  ]
}