{
  "photos": [
    {
      "id": "Sybl11rfz",
      "name": "DIY赴美生子适合哪些人，有哪些好处和弊端？",
      "description": "DIY赴美生子适合哪些人，有哪些好处和弊端？",
      "category": "photos_slide",
      "file": {
        "fieldname": "file",
        "originalname": "banner01.jpg",
        "encoding": "7bit",
        "mimetype": "image/jpeg",
        "destination": "E:\\work\\born\\public\\upload\\photos",
        "filename": "1513578216658-banner01.jpg",
        "path": "\\upload\\photos\\1513578216658-banner01.jpg",
        "size": 739418
      },
      "createdAt": "2017-12-18T06:23:36.700Z",
      "updatedAt": "2017-12-18T06:23:36.700Z",
      "src": "\\upload\\photos\\1513578216658-banner01.jpg"
    },
    {
      "id": "S1pW1kHfz",
      "name": "usd5万等于一个美籍宝宝+全家移民美国",
      "description": "usd5万等于一个美籍宝宝+全家移民美国",
      "category": "photos_slide",
      "file": {
        "fieldname": "file",
        "originalname": "banner02.jpg",
        "encoding": "7bit",
        "mimetype": "image/jpeg",
        "destination": "E:\\work\\born\\public\\upload\\photos",
        "filename": "1513578244632-banner02.jpg",
        "path": "\\upload\\photos\\1513578244632-banner02.jpg",
        "size": 549755
      },
      "createdAt": "2017-12-18T06:24:04.663Z",
      "updatedAt": "2017-12-18T06:24:04.663Z",
      "src": "\\upload\\photos\\1513578244632-banner02.jpg"
    },
    {
      "id": "H1FQ11HzG",
      "name": "盘点那些生在美国和赴美生子的名人",
      "description": "盘点那些生在美国和赴美生子的名人",
      "category": "photos_slide",
      "file": {
        "fieldname": "file",
        "originalname": "banner03.jpg",
        "encoding": "7bit",
        "mimetype": "image/jpeg",
        "destination": "E:\\work\\born\\public\\upload\\photos",
        "filename": "1513578272551-banner03.jpg",
        "path": "\\upload\\photos\\1513578272551-banner03.jpg",
        "size": 498390
      },
      "createdAt": "2017-12-18T06:24:32.581Z",
      "updatedAt": "2017-12-18T06:24:32.581Z",
      "src": "\\upload\\photos\\1513578272551-banner03.jpg"
    },
    {
      "id": "rJ5gR1rzG",
      "name": "",
      "description": "",
      "category": "photos_content",
      "file": {
        "fieldname": "file",
        "originalname": "6.png",
        "encoding": "7bit",
        "mimetype": "image/png",
        "destination": "E:\\work\\born\\public\\upload\\photos",
        "filename": "1513582065501-6.png",
        "path": "\\upload\\photos\\1513582065501-6.png",
        "size": 456524
      },
      "createdAt": "2017-12-18T07:27:45.523Z",
      "updatedAt": "2017-12-18T07:27:45.523Z",
      "src": "\\upload\\photos\\1513582065501-6.png"
    },
    {
      "id": "rkx-0JBGf",
      "name": "",
      "description": "",
      "category": "photos_content",
      "file": {
        "fieldname": "file",
        "originalname": "7.png",
        "encoding": "7bit",
        "mimetype": "image/png",
        "destination": "E:\\work\\born\\public\\upload\\photos",
        "filename": "1513582071712-7.png",
        "path": "\\upload\\photos\\1513582071712-7.png",
        "size": 571012
      },
      "createdAt": "2017-12-18T07:27:51.794Z",
      "updatedAt": "2017-12-18T07:27:51.794Z",
      "src": "\\upload\\photos\\1513582071712-7.png"
    },
    {
      "id": "HyBbAJSzf",
      "name": "",
      "description": "",
      "category": "photos_content",
      "file": {
        "fieldname": "file",
        "originalname": "8.png",
        "encoding": "7bit",
        "mimetype": "image/png",
        "destination": "E:\\work\\born\\public\\upload\\photos",
        "filename": "1513582077131-8.png",
        "path": "\\upload\\photos\\1513582077131-8.png",
        "size": 633041
      },
      "createdAt": "2017-12-18T07:27:57.168Z",
      "updatedAt": "2017-12-18T07:27:57.168Z",
      "src": "\\upload\\photos\\1513582077131-8.png"
    },
    {
      "id": "rygH0yrff",
      "name": "",
      "description": "",
      "category": "photos_content",
      "file": {
        "fieldname": "file",
        "originalname": "8.png",
        "encoding": "7bit",
        "mimetype": "image/png",
        "destination": "E:\\work\\born\\public\\upload\\photos",
        "filename": "1513582136259-8.png",
        "path": "\\upload\\photos\\1513582136259-8.png",
        "size": 633041
      },
      "createdAt": "2017-12-18T07:28:56.304Z",
      "updatedAt": "2017-12-18T07:28:56.304Z",
      "src": "\\upload\\photos\\1513582136259-8.png"
    },
    {
      "id": "SypoflHzG",
      "name": "",
      "description": "",
      "category": "photos_content",
      "file": {
        "fieldname": "file",
        "originalname": "11.jpeg",
        "encoding": "7bit",
        "mimetype": "image/jpeg",
        "destination": "E:\\work\\born\\public\\upload\\photos",
        "filename": "1513583268849-11.jpeg",
        "path": "\\upload\\photos\\1513583268849-11.jpeg",
        "size": 71348
      },
      "createdAt": "2017-12-18T07:47:48.876Z",
      "updatedAt": "2017-12-18T07:47:48.876Z",
      "src": "\\upload\\photos\\1513583268849-11.jpeg"
    },
    {
      "id": "BJq2Mxrzf",
      "name": "",
      "description": "",
      "category": "photos_content",
      "file": {
        "fieldname": "file",
        "originalname": "13.jpeg",
        "encoding": "7bit",
        "mimetype": "image/jpeg",
        "destination": "E:\\work\\born\\public\\upload\\photos",
        "filename": "1513583282272-13.jpeg",
        "path": "\\upload\\photos\\1513583282272-13.jpeg",
        "size": 49444
      },
      "createdAt": "2017-12-18T07:48:02.284Z",
      "updatedAt": "2017-12-18T07:48:02.284Z",
      "src": "\\upload\\photos\\1513583282272-13.jpeg"
    },
    {
      "id": "rylpMeBff",
      "name": "",
      "description": "",
      "category": "photos_content",
      "file": {
        "fieldname": "file",
        "originalname": "14.jpeg",
        "encoding": "7bit",
        "mimetype": "image/jpeg",
        "destination": "E:\\work\\born\\public\\upload\\photos",
        "filename": "1513583288026-14.jpeg",
        "path": "\\upload\\photos\\1513583288026-14.jpeg",
        "size": 64969
      },
      "createdAt": "2017-12-18T07:48:08.037Z",
      "updatedAt": "2017-12-18T07:48:08.037Z",
      "src": "\\upload\\photos\\1513583288026-14.jpeg"
    },
    {
      "id": "rJnxQeSMG",
      "name": "",
      "description": "",
      "category": "photos_content",
      "file": {
        "fieldname": "file",
        "originalname": "12.jpeg",
        "encoding": "7bit",
        "mimetype": "image/jpeg",
        "destination": "E:\\work\\born\\public\\upload\\photos",
        "filename": "1513583348183-12.jpeg",
        "path": "\\upload\\photos\\1513583348183-12.jpeg",
        "size": 57919
      },
      "createdAt": "2017-12-18T07:49:08.200Z",
      "updatedAt": "2017-12-18T07:49:08.200Z",
      "src": "\\upload\\photos\\1513583348183-12.jpeg"
    },
    {
      "id": "HJOFPxSzM",
      "name": "",
      "description": "",
      "category": "photos_content",
      "file": {
        "fieldname": "file",
        "originalname": "10359175_IMG_5284.jpeg",
        "encoding": "7bit",
        "mimetype": "image/jpeg",
        "destination": "E:\\work\\born\\public\\upload\\photos",
        "filename": "1513584512431-10359175_IMG_5284.jpeg",
        "path": "\\upload\\photos\\1513584512431-10359175_IMG_5284.jpeg",
        "size": 1071513
      },
      "createdAt": "2017-12-18T08:08:32.480Z",
      "updatedAt": "2017-12-18T08:08:32.480Z",
      "src": "\\upload\\photos\\1513584512431-10359175_IMG_5284.jpeg"
    },
    {
      "id": "SkCKverMG",
      "name": "",
      "description": "",
      "category": "photos_content",
      "file": {
        "fieldname": "file",
        "originalname": "10441554_IMG_5282.jpeg",
        "encoding": "7bit",
        "mimetype": "image/jpeg",
        "destination": "E:\\work\\born\\public\\upload\\photos",
        "filename": "1513584517948-10441554_IMG_5282.jpeg",
        "path": "\\upload\\photos\\1513584517948-10441554_IMG_5282.jpeg",
        "size": 1095011
      },
      "createdAt": "2017-12-18T08:08:37.994Z",
      "updatedAt": "2017-12-18T08:08:37.994Z",
      "src": "\\upload\\photos\\1513584517948-10441554_IMG_5282.jpeg"
    },
    {
      "id": "Hy7qweHGG",
      "name": "",
      "description": "",
      "category": "photos_content",
      "file": {
        "fieldname": "file",
        "originalname": "10441555_IMG_52832.jpeg",
        "encoding": "7bit",
        "mimetype": "image/jpeg",
        "destination": "E:\\work\\born\\public\\upload\\photos",
        "filename": "1513584522874-10441555_IMG_52832.jpeg",
        "path": "\\upload\\photos\\1513584522874-10441555_IMG_52832.jpeg",
        "size": 1198988
      },
      "createdAt": "2017-12-18T08:08:42.974Z",
      "updatedAt": "2017-12-18T08:08:42.974Z",
      "src": "\\upload\\photos\\1513584522874-10441555_IMG_52832.jpeg"
    },
    {
      "id": "Bys0dgBGM",
      "name": "",
      "description": "",
      "category": "photos_content",
      "file": {
        "fieldname": "file",
        "originalname": "10361429_IMG_5268.jpeg",
        "encoding": "7bit",
        "mimetype": "image/jpeg",
        "destination": "E:\\work\\born\\public\\upload\\photos",
        "filename": "1513584850977-10361429_IMG_5268.jpeg",
        "path": "\\upload\\photos\\1513584850977-10361429_IMG_5268.jpeg",
        "size": 130146
      },
      "createdAt": "2017-12-18T08:14:11.017Z",
      "updatedAt": "2017-12-18T08:14:11.017Z",
      "src": "\\upload\\photos\\1513584850977-10361429_IMG_5268.jpeg"
    },
    {
      "id": "S1dbqgSGM",
      "name": "",
      "description": "",
      "category": "photos_content",
      "file": {
        "fieldname": "file",
        "originalname": "10359175_IMG_5284.jpeg",
        "encoding": "7bit",
        "mimetype": "image/jpeg",
        "destination": "E:\\work\\born\\public\\upload\\photos",
        "filename": "1513585152306-10359175_IMG_5284.jpeg",
        "path": "\\upload\\photos\\1513585152306-10359175_IMG_5284.jpeg",
        "size": 1071513
      },
      "createdAt": "2017-12-18T08:19:12.354Z",
      "updatedAt": "2017-12-18T08:19:12.354Z",
      "src": "\\upload\\photos\\1513585152306-10359175_IMG_5284.jpeg"
    },
    {
      "id": "B1oWierGM",
      "name": "",
      "description": "",
      "category": "photos_content",
      "file": {
        "fieldname": "file",
        "originalname": "10361232_IMG_5277.jpeg",
        "encoding": "7bit",
        "mimetype": "image/jpeg",
        "destination": "E:\\work\\born\\public\\upload\\photos",
        "filename": "1513585410896-10361232_IMG_5277.jpeg",
        "path": "\\upload\\photos\\1513585410896-10361232_IMG_5277.jpeg",
        "size": 983711
      },
      "createdAt": "2017-12-18T08:23:30.941Z",
      "updatedAt": "2017-12-18T08:23:30.941Z",
      "src": "\\upload\\photos\\1513585410896-10361232_IMG_5277.jpeg"
    },
    {
      "id": "rJlfseHGG",
      "name": "",
      "description": "",
      "category": "photos_content",
      "file": {
        "fieldname": "file",
        "originalname": "10359126_IMG_5275.jpeg",
        "encoding": "7bit",
        "mimetype": "image/jpeg",
        "destination": "E:\\work\\born\\public\\upload\\photos",
        "filename": "1513585416313-10359126_IMG_5275.jpeg",
        "path": "\\upload\\photos\\1513585416313-10359126_IMG_5275.jpeg",
        "size": 989272
      },
      "createdAt": "2017-12-18T08:23:36.360Z",
      "updatedAt": "2017-12-18T08:23:36.360Z",
      "src": "\\upload\\photos\\1513585416313-10359126_IMG_5275.jpeg"
    },
    {
      "id": "HJlmjeHMz",
      "name": "",
      "description": "",
      "category": "photos_content",
      "file": {
        "fieldname": "file",
        "originalname": "1.jpeg",
        "encoding": "7bit",
        "mimetype": "image/jpeg",
        "destination": "E:\\work\\born\\public\\upload\\photos",
        "filename": "1513585431951-1.jpeg",
        "path": "\\upload\\photos\\1513585431951-1.jpeg",
        "size": 1093914
      },
      "createdAt": "2017-12-18T08:23:52.003Z",
      "updatedAt": "2017-12-18T08:23:52.003Z",
      "src": "\\upload\\photos\\1513585431951-1.jpeg"
    },
    {
      "id": "SyLN2gSzz",
      "name": "",
      "description": "",
      "category": "photos_content",
      "file": {
        "fieldname": "file",
        "originalname": "10714563_6.png",
        "encoding": "7bit",
        "mimetype": "image/png",
        "destination": "E:\\work\\born\\public\\upload\\photos",
        "filename": "1513585710313-10714563_6.png",
        "path": "\\upload\\photos\\1513585710313-10714563_6.png",
        "size": 1590455
      },
      "createdAt": "2017-12-18T08:28:30.422Z",
      "updatedAt": "2017-12-18T08:28:30.422Z",
      "src": "\\upload\\photos\\1513585710313-10714563_6.png"
    },
    {
      "id": "SkEyeZBzG",
      "name": "",
      "description": "",
      "category": "photos_content",
      "file": {
        "fieldname": "file",
        "originalname": "10113990_IMG_1706.jpeg",
        "encoding": "7bit",
        "mimetype": "image/jpeg",
        "destination": "E:\\work\\born\\public\\upload\\photos",
        "filename": "1513586652455-10113990_IMG_1706.jpeg",
        "path": "\\upload\\photos\\1513586652455-10113990_IMG_1706.jpeg",
        "size": 168628
      },
      "createdAt": "2017-12-18T08:44:12.482Z",
      "updatedAt": "2017-12-18T08:44:12.482Z",
      "src": "\\upload\\photos\\1513586652455-10113990_IMG_1706.jpeg"
    },
    {
      "id": "rkpxeWSGf",
      "name": "",
      "description": "",
      "category": "photos_content",
      "file": {
        "fieldname": "file",
        "originalname": "10113992_IMG_1707.jpeg",
        "encoding": "7bit",
        "mimetype": "image/jpeg",
        "destination": "E:\\work\\born\\public\\upload\\photos",
        "filename": "1513586676600-10113992_IMG_1707.jpeg",
        "path": "\\upload\\photos\\1513586676600-10113992_IMG_1707.jpeg",
        "size": 216829
      },
      "createdAt": "2017-12-18T08:44:36.614Z",
      "updatedAt": "2017-12-18T08:44:36.614Z",
      "src": "\\upload\\photos\\1513586676600-10113992_IMG_1707.jpeg"
    },
    {
      "id": "BkQZxZSzz",
      "name": "",
      "description": "",
      "category": "photos_content",
      "file": {
        "fieldname": "file",
        "originalname": "10114000_IMG_1708.jpeg",
        "encoding": "7bit",
        "mimetype": "image/jpeg",
        "destination": "E:\\work\\born\\public\\upload\\photos",
        "filename": "1513586682553-10114000_IMG_1708.jpeg",
        "path": "\\upload\\photos\\1513586682553-10114000_IMG_1708.jpeg",
        "size": 209960
      },
      "createdAt": "2017-12-18T08:44:42.578Z",
      "updatedAt": "2017-12-18T08:44:42.578Z",
      "src": "\\upload\\photos\\1513586682553-10114000_IMG_1708.jpeg"
    },
    {
      "id": "SJ_ZxbSfz",
      "name": "",
      "description": "",
      "category": "photos_content",
      "file": {
        "fieldname": "file",
        "originalname": "10114005_IMG_1709.jpeg",
        "encoding": "7bit",
        "mimetype": "image/jpeg",
        "destination": "E:\\work\\born\\public\\upload\\photos",
        "filename": "1513586688117-10114005_IMG_1709.jpeg",
        "path": "\\upload\\photos\\1513586688117-10114005_IMG_1709.jpeg",
        "size": 208883
      },
      "createdAt": "2017-12-18T08:44:48.142Z",
      "updatedAt": "2017-12-18T08:44:48.142Z",
      "src": "\\upload\\photos\\1513586688117-10114005_IMG_1709.jpeg"
    },
    {
      "id": "rJT-eWBGG",
      "name": "",
      "description": "",
      "category": "photos_content",
      "file": {
        "fieldname": "file",
        "originalname": "10114010_IMG_1710.jpeg",
        "encoding": "7bit",
        "mimetype": "image/jpeg",
        "destination": "E:\\work\\born\\public\\upload\\photos",
        "filename": "1513586693235-10114010_IMG_1710.jpeg",
        "path": "\\upload\\photos\\1513586693235-10114010_IMG_1710.jpeg",
        "size": 202140
      },
      "createdAt": "2017-12-18T08:44:53.254Z",
      "updatedAt": "2017-12-18T08:44:53.254Z",
      "src": "\\upload\\photos\\1513586693235-10114010_IMG_1710.jpeg"
    },
    {
      "id": "ByfGgWBzz",
      "name": "",
      "description": "",
      "category": "photos_content",
      "file": {
        "fieldname": "file",
        "originalname": "10114017_IMG_1712.jpeg",
        "encoding": "7bit",
        "mimetype": "image/jpeg",
        "destination": "E:\\work\\born\\public\\upload\\photos",
        "filename": "1513586697782-10114017_IMG_1712.jpeg",
        "path": "\\upload\\photos\\1513586697782-10114017_IMG_1712.jpeg",
        "size": 265842
      },
      "createdAt": "2017-12-18T08:44:57.802Z",
      "updatedAt": "2017-12-18T08:44:57.802Z",
      "src": "\\upload\\photos\\1513586697782-10114017_IMG_1712.jpeg"
    },
    {
      "id": "ryLzlWrGM",
      "name": "",
      "description": "",
      "category": "photos_content",
      "file": {
        "fieldname": "file",
        "originalname": "10114018_IMG_1713.jpeg",
        "encoding": "7bit",
        "mimetype": "image/jpeg",
        "destination": "E:\\work\\born\\public\\upload\\photos",
        "filename": "1513586702184-10114018_IMG_1713.jpeg",
        "path": "\\upload\\photos\\1513586702184-10114018_IMG_1713.jpeg",
        "size": 205943
      },
      "createdAt": "2017-12-18T08:45:02.195Z",
      "updatedAt": "2017-12-18T08:45:02.195Z",
      "src": "\\upload\\photos\\1513586702184-10114018_IMG_1713.jpeg"
    },
    {
      "file": {
        "fieldname": "file",
        "originalname": "1.jpeg",
        "encoding": "7bit",
        "mimetype": "image/jpeg",
        "destination": "E:\\work\\born\\public\\upload\\photos",
        "filename": "1513647030276-1.jpeg",
        "path": "\\upload\\photos\\1513647030276-1.jpeg",
        "size": 422402
      },
      "id": "BJRni1Lfz",
      "createdAt": "2017-12-19T01:30:30.351Z",
      "updatedAt": "2017-12-19T01:30:30.351Z",
      "src": "\\upload\\photos\\1513647030276-1.jpeg"
    },
    {
      "file": {
        "fieldname": "file",
        "originalname": "3.jpeg",
        "encoding": "7bit",
        "mimetype": "image/jpeg",
        "destination": "E:\\work\\born\\public\\upload\\photos",
        "filename": "1513647080567-3.jpeg",
        "path": "\\upload\\photos\\1513647080567-3.jpeg",
        "size": 351061
      },
      "id": "BybenyUfz",
      "createdAt": "2017-12-19T01:31:20.577Z",
      "updatedAt": "2017-12-19T01:31:20.577Z",
      "src": "\\upload\\photos\\1513647080567-3.jpeg"
    },
    {
      "file": {
        "fieldname": "file",
        "originalname": "1.jpeg",
        "encoding": "7bit",
        "mimetype": "image/jpeg",
        "destination": "E:\\work\\born\\public\\upload\\photos",
        "filename": "1513647147012-1.jpeg",
        "path": "\\upload\\photos\\1513647147012-1.jpeg",
        "size": 422402
      },
      "id": "rymVhk8ff",
      "createdAt": "2017-12-19T01:32:27.041Z",
      "updatedAt": "2017-12-19T01:32:27.041Z",
      "src": "\\upload\\photos\\1513647147012-1.jpeg"
    },
    {
      "file": {
        "fieldname": "file",
        "originalname": "2.jpeg",
        "encoding": "7bit",
        "mimetype": "image/jpeg",
        "destination": "E:\\work\\born\\public\\upload\\photos",
        "filename": "1513647192441-2.jpeg",
        "path": "\\upload\\photos\\1513647192441-2.jpeg",
        "size": 40659
      },
      "id": "SkeDhyLMG",
      "createdAt": "2017-12-19T01:33:12.444Z",
      "updatedAt": "2017-12-19T01:33:12.444Z",
      "src": "\\upload\\photos\\1513647192441-2.jpeg"
    },
    {
      "file": {
        "fieldname": "file",
        "originalname": "证件办理流程.jpg",
        "encoding": "7bit",
        "mimetype": "image/jpeg",
        "destination": "E:\\work\\born\\public\\upload\\photos",
        "filename": "1513647453050-证件办理流程.jpg",
        "path": "\\upload\\photos\\1513647453050-证件办理流程.jpg",
        "size": 54923
      },
      "id": "rkrv6J8fG",
      "createdAt": "2017-12-19T01:37:33.057Z",
      "updatedAt": "2017-12-19T01:37:33.057Z",
      "src": "\\upload\\photos\\1513647453050-证件办理流程.jpg"
    },
    {
      "file": {
        "fieldname": "file",
        "originalname": "10312261_嘉惠尔医院.jpeg",
        "encoding": "7bit",
        "mimetype": "image/jpeg",
        "destination": "E:\\work\\born\\public\\upload\\photos",
        "filename": "1513647586011-10312261_嘉惠尔医院.jpeg",
        "path": "\\upload\\photos\\1513647586011-10312261_嘉惠尔医院.jpeg",
        "size": 55373
      },
      "id": "H15y0kUGM",
      "createdAt": "2017-12-19T01:39:46.015Z",
      "updatedAt": "2017-12-19T01:39:46.015Z",
      "src": "\\upload\\photos\\1513647586011-10312261_嘉惠尔医院.jpeg"
    },
    {
      "file": {
        "fieldname": "file",
        "originalname": "10312263_长老医院.jpeg",
        "encoding": "7bit",
        "mimetype": "image/jpeg",
        "destination": "E:\\work\\born\\public\\upload\\photos",
        "filename": "1513647705439-10312263_长老医院.jpeg",
        "path": "\\upload\\photos\\1513647705439-10312263_长老医院.jpeg",
        "size": 40237
      },
      "id": "rJ-wAk8MG",
      "createdAt": "2017-12-19T01:41:45.486Z",
      "updatedAt": "2017-12-19T01:41:45.486Z",
      "src": "\\upload\\photos\\1513647705439-10312263_长老医院.jpeg"
    },
    {
      "file": {
        "fieldname": "file",
        "originalname": "10312262_圣盖博医院.jpeg",
        "encoding": "7bit",
        "mimetype": "image/jpeg",
        "destination": "E:\\work\\born\\public\\upload\\photos",
        "filename": "1513647786315-10312262_圣盖博医院.jpeg",
        "path": "\\upload\\photos\\1513647786315-10312262_圣盖博医院.jpeg",
        "size": 309306
      },
      "id": "S1MnAk8GG",
      "createdAt": "2017-12-19T01:43:06.324Z",
      "updatedAt": "2017-12-19T01:43:06.324Z",
      "src": "\\upload\\photos\\1513647786315-10312262_圣盖博医院.jpeg"
    },
    {
      "file": {
        "fieldname": "file",
        "originalname": "10312264_WHMC-Ext.jpeg",
        "encoding": "7bit",
        "mimetype": "image/jpeg",
        "destination": "E:\\work\\born\\public\\upload\\photos",
        "filename": "1513647838870-10312264_WHMC-Ext.jpeg",
        "path": "\\upload\\photos\\1513647838870-10312264_WHMC-Ext.jpeg",
        "size": 72579
      },
      "id": "HkDJkg8MM",
      "createdAt": "2017-12-19T01:43:58.872Z",
      "updatedAt": "2017-12-19T01:43:58.872Z",
      "src": "\\upload\\photos\\1513647838870-10312264_WHMC-Ext.jpeg"
    },
    {
      "file": {
        "fieldname": "file",
        "originalname": "2.png",
        "encoding": "7bit",
        "mimetype": "image/png",
        "destination": "E:\\work\\born\\public\\upload\\photos",
        "filename": "1513648122013-2.png",
        "path": "\\upload\\photos\\1513648122013-2.png",
        "size": 798407
      },
      "id": "Bkz-leLfG",
      "createdAt": "2017-12-19T01:48:42.051Z",
      "updatedAt": "2017-12-19T01:48:42.051Z",
      "src": "\\upload\\photos\\1513648122013-2.png"
    },
    {
      "id": "HJQuZV8Mf",
      "name": "",
      "description": "",
      "category": "photos_slide",
      "file": {
        "fieldname": "file",
        "originalname": "newsbanner.jpg",
        "encoding": "7bit",
        "mimetype": "image/jpeg",
        "destination": "E:\\work\\born\\public\\upload\\photos",
        "filename": "1513664875134-newsbanner.jpg",
        "path": "\\upload\\photos\\1513664875134-newsbanner.jpg",
        "size": 173316
      },
      "createdAt": "2017-12-19T06:27:55.268Z",
      "updatedAt": "2017-12-19T06:27:55.268Z",
      "src": "\\upload\\photos\\1513664875134-newsbanner.jpg"
    },
    {
      "id": "HJ9_9ELGG",
      "name": "",
      "page": "process",
      "description": "",
      "category": "photos_page",
      "file": {
        "fieldname": "file",
        "originalname": "newsbanner.jpg",
        "encoding": "7bit",
        "mimetype": "image/jpeg",
        "destination": "E:\\work\\born\\public\\upload\\photos",
        "filename": "1513667185507-newsbanner.jpg",
        "path": "\\upload\\photos\\1513667185507-newsbanner.jpg",
        "size": 173316
      },
      "createdAt": "2017-12-19T07:06:25.532Z",
      "updatedAt": "2017-12-19T07:06:25.532Z",
      "src": "\\upload\\photos\\1513667185507-newsbanner.jpg"
    },
    {
      "id": "BkFY9EUGf",
      "name": "",
      "page": "about",
      "description": "",
      "category": "photos_page",
      "file": {
        "fieldname": "file",
        "originalname": "newsbanner.jpg",
        "encoding": "7bit",
        "mimetype": "image/jpeg",
        "destination": "E:\\work\\born\\public\\upload\\photos",
        "filename": "1513667201092-newsbanner.jpg",
        "path": "\\upload\\photos\\1513667201092-newsbanner.jpg",
        "size": 173316
      },
      "createdAt": "2017-12-19T07:06:41.108Z",
      "updatedAt": "2017-12-19T07:06:41.108Z",
      "src": "\\upload\\photos\\1513667201092-newsbanner.jpg"
    },
    {
      "id": "SJjq9VUMM",
      "name": "",
      "page": "service",
      "description": "",
      "category": "photos_page",
      "file": {
        "fieldname": "file",
        "originalname": "newsbanner.jpg",
        "encoding": "7bit",
        "mimetype": "image/jpeg",
        "destination": "E:\\work\\born\\public\\upload\\photos",
        "filename": "1513667219237-newsbanner.jpg",
        "path": "\\upload\\photos\\1513667219237-newsbanner.jpg",
        "size": 173316
      },
      "createdAt": "2017-12-19T07:06:59.256Z",
      "updatedAt": "2017-12-19T07:06:59.256Z",
      "src": "\\upload\\photos\\1513667219237-newsbanner.jpg"
    },
    {
      "file": {
        "fieldname": "file",
        "originalname": "3.png",
        "encoding": "7bit",
        "mimetype": "image/png",
        "destination": "E:\\work\\born\\public\\upload\\photos",
        "filename": "1513667565866-3.png",
        "path": "\\upload\\photos\\1513667565866-3.png",
        "size": 52668
      },
      "id": "B18xh4IMM",
      "createdAt": "2017-12-19T07:12:45.914Z",
      "updatedAt": "2017-12-19T07:12:45.914Z",
      "src": "\\upload\\photos\\1513667565866-3.png"
    }
  ]
}