{
  "photos": [
    {
      "id": "r1r40ZbMf",
      "name": "Rancho Cucamonga别墅",
      "description": "Rancho Cucamonga别墅",
      "file": {
        "fieldname": "file",
        "originalname": "y1.png",
        "encoding": "7bit",
        "mimetype": "image/png",
        "destination": "E:\\work\\born\\public\\upload\\photos",
        "filename": "1513328172513-y1.png",
        "path": "\\upload\\photos\\1513328172513-y1.png",
        "size": 170524
      },
      "createdAt": "2017-12-15T08:56:12.539Z",
      "updatedAt": "2017-12-15T08:56:12.539Z",
      "src": "\\upload\\photos\\1513328172513-y1.png"
    },
    {
      "id": "S1FLRW-zG",
      "name": "尔湾豪华公寓",
      "description": "尔湾豪华公寓",
      "file": {
        "fieldname": "file",
        "originalname": "y2.png",
        "encoding": "7bit",
        "mimetype": "image/png",
        "destination": "E:\\work\\born\\public\\upload\\photos",
        "filename": "1513328209397-y2.png",
        "path": "\\upload\\photos\\1513328209397-y2.png",
        "size": 218554
      },
      "createdAt": "2017-12-15T08:56:49.406Z",
      "updatedAt": "2017-12-15T08:56:49.406Z",
      "src": "\\upload\\photos\\1513328209397-y2.png"
    },
    {
      "id": "SJo_0-bGf",
      "name": "尔湾豪华别墅",
      "description": "尔湾豪华别墅",
      "file": {
        "fieldname": "file",
        "originalname": "y3.png",
        "encoding": "7bit",
        "mimetype": "image/png",
        "destination": "E:\\work\\born\\public\\upload\\photos",
        "filename": "1513328242661-y3.png",
        "path": "\\upload\\photos\\1513328242661-y3.png",
        "size": 217480
      },
      "createdAt": "2017-12-15T08:57:22.671Z",
      "updatedAt": "2017-12-15T08:57:22.671Z",
      "src": "\\upload\\photos\\1513328242661-y3.png"
    },
    {
      "id": "S1YXaEzzz",
      "name": "home-banner1",
      "description": "home-banner1",
      "file": {
        "fieldname": "file",
        "originalname": "banner01.jpg",
        "encoding": "7bit",
        "mimetype": "image/jpeg",
        "destination": "/Users/vitoli/work/born/public/upload/photos",
        "filename": "1513405728881-banner01.jpg",
        "path": "/upload/photos/1513405728881-banner01.jpg",
        "size": 739418
      },
      "createdAt": "2017-12-16T06:28:48.913Z",
      "updatedAt": "2017-12-16T06:28:48.913Z",
      "src": "/upload/photos/1513405728881-banner01.jpg"
    },
    {
      "id": "SymSaVMff",
      "name": "home-banner2",
      "description": "home-banner2",
      "file": {
        "fieldname": "file",
        "originalname": "banner02.jpg",
        "encoding": "7bit",
        "mimetype": "image/jpeg",
        "destination": "/Users/vitoli/work/born/public/upload/photos",
        "filename": "1513405754967-banner02.jpg",
        "path": "/upload/photos/1513405754967-banner02.jpg",
        "size": 549755
      },
      "createdAt": "2017-12-16T06:29:14.993Z",
      "updatedAt": "2017-12-16T06:29:14.993Z",
      "src": "/upload/photos/1513405754967-banner02.jpg"
    },
    {
      "id": "SJUIa4zMG",
      "name": "home-banner3",
      "description": "home-banner3",
      "file": {
        "fieldname": "file",
        "originalname": "banner03.jpg",
        "encoding": "7bit",
        "mimetype": "image/jpeg",
        "destination": "/Users/vitoli/work/born/public/upload/photos",
        "filename": "1513405773801-banner03.jpg",
        "path": "/upload/photos/1513405773801-banner03.jpg",
        "size": 498390
      },
      "createdAt": "2017-12-16T06:29:33.877Z",
      "updatedAt": "2017-12-16T06:29:33.877Z",
      "src": "/upload/photos/1513405773801-banner03.jpg"
    }
  ]
}