{
  "photos": [
    {
      "id": "H1WRBZKVVM",
      "name": "banner1",
      "link": "http://localhost:8087/process",
      "description": "banner1",
      "category": "photos_slide",
      "file": {
        "fieldname": "file",
        "originalname": "banner01.jpg",
        "encoding": "7bit",
        "mimetype": "image/jpeg",
        "destination": "E:\\work\\born\\public\\upload\\photos",
        "filename": "1515651397597-banner01.jpg",
        "path": "\\upload\\photos\\1515651397597-banner01.jpg",
        "size": 739418
      },
      "uniqName": "banner1_photos_slide",
      "createdAt": "2018-01-11T06:16:37.706Z",
      "updatedAt": "2018-01-11T06:16:37.706Z",
      "src": "\\upload\\photos\\1515651397597-banner01.jpg"
    },
    {
      "id": "BJfpmYEVM",
      "name": "赴美流程",
      "page": "process",
      "description": "",
      "category": "photos_page",
      "file": {
        "fieldname": "file",
        "originalname": "gaikuangbanner.jpg",
        "encoding": "7bit",
        "mimetype": "image/jpeg",
        "destination": "E:\\work\\born\\public\\upload\\photos",
        "filename": "1515652025480-gaikuangbanner.jpg",
        "path": "\\upload\\photos\\1515652025480-gaikuangbanner.jpg",
        "size": 173316
      },
      "uniqName": "赴美流程_photos_page",
      "createdAt": "2018-01-11T06:27:05.526Z",
      "updatedAt": "2018-01-11T06:27:05.526Z",
      "src": "\\upload\\photos\\1515652025480-gaikuangbanner.jpg"
    },
    {
      "id": "rJMkEt4Nf",
      "name": "回国服务",
      "page": "service",
      "description": "",
      "category": "photos_page",
      "file": {
        "fieldname": "file",
        "originalname": "gaikuangbanner.jpg",
        "encoding": "7bit",
        "mimetype": "image/jpeg",
        "destination": "E:\\work\\born\\public\\upload\\photos",
        "filename": "1515652057420-gaikuangbanner.jpg",
        "path": "\\upload\\photos\\1515652057420-gaikuangbanner.jpg",
        "size": 173316
      },
      "uniqName": "回国服务_",
      "createdAt": "2018-01-11T06:27:37.519Z",
      "updatedAt": "2018-01-11T06:59:16.271Z",
      "src": "\\upload\\photos\\1515652057420-gaikuangbanner.jpg"
    },
    {
      "id": "S1i94FV4M",
      "name": "关于我们",
      "page": "about",
      "description": "",
      "category": "photos_page",
      "file": {
        "fieldname": "file",
        "originalname": "gaikuangbanner.jpg",
        "encoding": "7bit",
        "mimetype": "image/jpeg",
        "destination": "E:\\work\\born\\public\\upload\\photos",
        "filename": "1515652242692-gaikuangbanner.jpg",
        "path": "\\upload\\photos\\1515652242692-gaikuangbanner.jpg",
        "size": 173316
      },
      "uniqName": "关于我们_photos_page",
      "createdAt": "2018-01-11T06:30:42.743Z",
      "updatedAt": "2018-01-11T06:30:42.743Z",
      "src": "\\upload\\photos\\1515652242692-gaikuangbanner.jpg"
    },
    {
      "id": "ryzyrF4VM",
      "name": "banne2",
      "link": "",
      "description": "banne2",
      "category": "photos_slide",
      "file": {
        "fieldname": "file",
        "originalname": "banner02.jpg",
        "encoding": "7bit",
        "mimetype": "image/jpeg",
        "destination": "E:\\work\\born\\public\\upload\\photos",
        "filename": "1515652313624-banner02.jpg",
        "path": "\\upload\\photos\\1515652313624-banner02.jpg",
        "size": 549755
      },
      "uniqName": "banne2_photos_slide",
      "createdAt": "2018-01-11T06:31:53.675Z",
      "updatedAt": "2018-01-11T06:31:53.675Z",
      "src": "\\upload\\photos\\1515652313624-banner02.jpg"
    },
    {
      "id": "HJwgBYN4f",
      "name": "banner3",
      "link": "",
      "description": "banner3",
      "category": "photos_slide",
      "file": {
        "fieldname": "file",
        "originalname": "banner03.jpg",
        "encoding": "7bit",
        "mimetype": "image/jpeg",
        "destination": "E:\\work\\born\\public\\upload\\photos",
        "filename": "1515652335113-banner03.jpg",
        "path": "\\upload\\photos\\1515652335113-banner03.jpg",
        "size": 498390
      },
      "uniqName": "banner3_photos_slide",
      "createdAt": "2018-01-11T06:32:15.164Z",
      "updatedAt": "2018-01-11T06:32:15.164Z",
      "src": "\\upload\\photos\\1515652335113-banner03.jpg"
    }
  ]
}