{
  "posts": [
    {
      "id": "Skoudk-zz",
      "title": "去美国",
      "publishedDate": "12/20/2017",
      "published": "false",
      "abstract": "go",
      "content": "\t哈哈哈 ",
      "file": {
        "fieldname": "file",
        "originalname": "证件办理流程.jpg",
        "encoding": "7bit",
        "mimetype": "image/jpeg",
        "destination": "E:\\work\\born\\public\\upload",
        "filename": "1513318515262-证件办理流程.jpg",
        "path": "\\upload\\1513318515262-证件办理流程.jpg",
        "size": 54923
      },
      "createdAt": "2017-12-15T06:15:15.286Z",
      "updatedAt": "2017-12-15T06:15:15.286Z",
      "src": "\\upload\\1513318515262-证件办理流程.jpg"
    },
    {
      "id": "S1dWSZ-ff",
      "title": "赴美生子的优势",
      "publishedDate": "12/15/2017",
      "published": "true",
      "abstract": "赴美生子流程全介绍 ",
      "content": "赴美生子流程全介绍 ",
      "file": {
        "fieldname": "file",
        "originalname": "240370-1305210J94350.png",
        "encoding": "7bit",
        "mimetype": "image/png",
        "destination": "E:\\work\\born\\public\\upload\\posts",
        "filename": "1513325823640-240370-1305210J94350.png",
        "path": "\\upload\\posts\\1513325823640-240370-1305210J94350.png",
        "size": 101444
      },
      "createdAt": "2017-12-15T08:17:03.677Z",
      "updatedAt": "2017-12-15T08:17:03.677Z",
      "src": "\\upload\\posts\\1513325823640-240370-1305210J94350.png"
    },
    {
      "id": "SysXHbWzG",
      "title": "赴美生子的安全合法性",
      "publishedDate": "12/15/2017",
      "published": "true",
      "abstract": "赴美生子的安全合法性",
      "content": "赴美生子的安全合法性",
      "file": {
        "fieldname": "file",
        "originalname": "235104-1305100HP046.png",
        "encoding": "7bit",
        "mimetype": "image/png",
        "destination": "E:\\work\\born\\public\\upload\\posts",
        "filename": "1513325859125-235104-1305100HP046.png",
        "path": "\\upload\\posts\\1513325859125-235104-1305100HP046.png",
        "size": 153492
      },
      "createdAt": "2017-12-15T08:17:39.134Z",
      "updatedAt": "2017-12-15T08:17:39.134Z",
      "src": "\\upload\\posts\\1513325859125-235104-1305100HP046.png"
    },
    {
      "id": "B1BHBbZfM",
      "title": "赴美的流程",
      "publishedDate": "12/15/2017",
      "published": "true",
      "abstract": "赴美的流程",
      "content": "赴美的流程",
      "file": {
        "fieldname": "file",
        "originalname": "235104-1305100HP046.png",
        "encoding": "7bit",
        "mimetype": "image/png",
        "destination": "E:\\work\\born\\public\\upload\\posts",
        "filename": "1513325885485-235104-1305100HP046.png",
        "path": "\\upload\\posts\\1513325885485-235104-1305100HP046.png",
        "size": 153492
      },
      "createdAt": "2017-12-15T08:18:05.488Z",
      "updatedAt": "2017-12-15T08:18:05.488Z",
      "src": "\\upload\\posts\\1513325885485-235104-1305100HP046.png"
    },
    {
      "id": "S1awWBzGG",
      "title": "Rancho Cucamonga别墅",
      "publishedDate": "12/16/2017",
      "published": "true",
      "abstract": "Rancho Cucamonga别墅",
      "content": "Rancho Cucamonga别墅",
      "category": "env",
      "file": {
        "fieldname": "file",
        "originalname": "y1.png",
        "encoding": "7bit",
        "mimetype": "image/png",
        "destination": "/Users/vitoli/work/born/public/upload/posts",
        "filename": "1513406821402-y1.png",
        "path": "/upload/posts/1513406821402-y1.png",
        "size": 170524
      },
      "createdAt": "2017-12-16T06:47:01.498Z",
      "updatedAt": "2017-12-16T06:47:01.498Z",
      "src": "/upload/posts/1513406821402-y1.png"
    },
    {
      "id": "Skxt-HMMf",
      "title": "尔湾豪华公寓",
      "publishedDate": "12/16/2017",
      "published": "true",
      "abstract": "尔湾豪华公寓",
      "content": "尔湾豪华公寓",
      "category": "env",
      "file": {
        "fieldname": "file",
        "originalname": "y2.png",
        "encoding": "7bit",
        "mimetype": "image/png",
        "destination": "/Users/vitoli/work/born/public/upload/posts",
        "filename": "1513406839515-y2.png",
        "path": "/upload/posts/1513406839515-y2.png",
        "size": 218554
      },
      "createdAt": "2017-12-16T06:47:19.529Z",
      "updatedAt": "2017-12-16T06:47:19.529Z",
      "src": "/upload/posts/1513406839515-y2.png"
    },
    {
      "id": "H1V9ZSffz",
      "title": "尔湾豪华别墅",
      "publishedDate": "12/16/2017",
      "published": "true",
      "abstract": "尔湾豪华别墅",
      "content": "尔湾豪华别墅",
      "category": "env",
      "file": {
        "fieldname": "file",
        "originalname": "y3.png",
        "encoding": "7bit",
        "mimetype": "image/png",
        "destination": "/Users/vitoli/work/born/public/upload/posts",
        "filename": "1513406860088-y3.png",
        "path": "/upload/posts/1513406860088-y3.png",
        "size": 217480
      },
      "createdAt": "2017-12-16T06:47:40.100Z",
      "updatedAt": "2017-12-16T06:47:40.100Z",
      "src": "/upload/posts/1513406860088-y3.png"
    },
    {
      "id": "Sy9WzSzMM",
      "title": "新疆赴美生子生美国际月子中心庆祝美宝满月",
      "publishedDate": "12/16/2017",
      "published": "true",
      "abstract": "洛杉矶生美国际月子中心Rancho Cucamonga别墅里来自新疆乌鲁木齐的赴美产子客人为自家的小美宝庆祝满月啦 ， 妈妈这次是来美国生二宝的， 大宝是位小王子，二宝也是哦，哥俩以后可以一起...",
      "content": "洛杉矶生美国际月子中心Rancho Cucamonga别墅里来自新疆乌鲁木齐的赴美产子客人为自家的小美宝庆祝满月啦 ， 妈妈这次是来美国生二宝的， 大宝是位小王子，二宝也是哦，哥俩以后可以一起...洛杉矶生美国际月子中心Rancho Cucamonga别墅里来自新疆乌鲁木齐的赴美产子客人为自家的小美宝庆祝满月啦 ， 妈妈这次是来美国生二宝的， 大宝是位小王子，二宝也是哦，哥俩以后可以一起...洛杉矶生美国际月子中心Rancho Cucamonga别墅里来自新疆乌鲁木齐的赴美产子客人为自家的小美宝庆祝满月啦 ， 妈妈这次是来美国生二宝的， 大宝是位小王子，二宝也是哦，哥俩以后可以一起...",
      "category": "activity",
      "file": {
        "fieldname": "file",
        "originalname": "10361431_IMG_6166.jpeg",
        "encoding": "7bit",
        "mimetype": "image/jpeg",
        "destination": "/Users/vitoli/work/born/public/upload/posts",
        "filename": "1513406977660-10361431_IMG_6166.jpeg",
        "path": "/upload/posts/1513406977660-10361431_IMG_6166.jpeg",
        "size": 153071
      },
      "createdAt": "2017-12-16T06:49:37.667Z",
      "updatedAt": "2017-12-16T06:49:37.667Z",
      "src": "/upload/posts/1513406977660-10361431_IMG_6166.jpeg"
    },
    {
      "id": "H1ohGHMGG",
      "title": "内蒙古客人赴美生子后携满月宝宝回国",
      "publishedDate": "12/16/2017",
      "published": "true",
      "abstract": "内蒙古客人赴美生子后携满月宝宝回国",
      "content": "来自内蒙古呼和浩特的刘太太是个85后，毕业于英国斯特林大学，现任银行客户经理。刘先生则毕业于英国拉夫堡大学。夫妻俩都在国外知名大学深造过，年轻有为，对于国外的学习和生活环境都比较适应。",
      "category": "activity",
      "file": {
        "fieldname": "file",
        "originalname": "10361431_IMG_6166.jpeg",
        "encoding": "7bit",
        "mimetype": "image/jpeg",
        "destination": "/Users/vitoli/work/born/public/upload/posts",
        "filename": "1513407154726-10361431_IMG_6166.jpeg",
        "path": "/upload/posts/1513407154726-10361431_IMG_6166.jpeg",
        "size": 153071
      },
      "createdAt": "2017-12-16T06:52:34.739Z",
      "updatedAt": "2017-12-16T06:52:34.739Z",
      "src": "/upload/posts/1513407154726-10361431_IMG_6166.jpeg"
    },
    {
      "id": "rJP0zSzGz",
      "title": "都有哪些明星是在美国生的宝宝",
      "publishedDate": "12/16/2017",
      "published": "true",
      "abstract": "都有哪些明星是在美国生的宝宝",
      "content": "都有哪些明星是在美国生的宝宝",
      "category": "activity",
      "file": {
        "fieldname": "file",
        "originalname": "10361431_IMG_6166.jpeg",
        "encoding": "7bit",
        "mimetype": "image/jpeg",
        "destination": "/Users/vitoli/work/born/public/upload/posts",
        "filename": "1513407182628-10361431_IMG_6166.jpeg",
        "path": "/upload/posts/1513407182628-10361431_IMG_6166.jpeg",
        "size": 153071
      },
      "createdAt": "2017-12-16T06:53:02.632Z",
      "updatedAt": "2017-12-16T06:53:02.632Z",
      "src": "/upload/posts/1513407182628-10361431_IMG_6166.jpeg"
    },
    {
      "id": "BJ8y7rMMM",
      "title": "北京吴小姐二胎赴美生子顺利生产",
      "publishedDate": "12/16/2017",
      "published": "true",
      "abstract": "北京吴小姐二胎赴美生子顺利生产",
      "content": "北京吴小姐二胎赴美生子顺利生产",
      "category": "activity",
      "file": {
        "fieldname": "file",
        "originalname": "10361431_IMG_6166.jpeg",
        "encoding": "7bit",
        "mimetype": "image/jpeg",
        "destination": "/Users/vitoli/work/born/public/upload/posts",
        "filename": "1513407197840-10361431_IMG_6166.jpeg",
        "path": "/upload/posts/1513407197840-10361431_IMG_6166.jpeg",
        "size": 153071
      },
      "createdAt": "2017-12-16T06:53:17.844Z",
      "updatedAt": "2017-12-16T06:53:17.844Z",
      "src": "/upload/posts/1513407197840-10361431_IMG_6166.jpeg"
    },
    {
      "id": "rkYgXrMMz",
      "title": "苏州客人持赴美生子诚实签入境产下女宝",
      "publishedDate": "12/16/2017",
      "published": "true",
      "abstract": "苏州客人持赴美生子诚实签入境产下女宝",
      "content": "苏州客人持赴美生子诚实签入境产下女宝",
      "category": "activity",
      "file": {
        "fieldname": "file",
        "originalname": "10361431_IMG_6166.jpeg",
        "encoding": "7bit",
        "mimetype": "image/jpeg",
        "destination": "/Users/vitoli/work/born/public/upload/posts",
        "filename": "1513407216756-10361431_IMG_6166.jpeg",
        "path": "/upload/posts/1513407216756-10361431_IMG_6166.jpeg",
        "size": 153071
      },
      "createdAt": "2017-12-16T06:53:36.759Z",
      "updatedAt": "2017-12-16T06:53:36.759Z",
      "src": "/upload/posts/1513407216756-10361431_IMG_6166.jpeg"
    },
    {
      "id": "Skgi7SGGf",
      "title": "省心",
      "publishedDate": "12/16/2017",
      "published": "true",
      "abstract": "一站式定制服务",
      "content": "售前咨询，轻松美签，顺利过关",
      "category": "service",
      "file": {
        "fieldname": "file",
        "originalname": "part10_01.png",
        "encoding": "7bit",
        "mimetype": "image/png",
        "destination": "/Users/vitoli/work/born/public/upload/posts",
        "filename": "1513407384447-part10_01.png",
        "path": "/upload/posts/1513407384447-part10_01.png",
        "size": 4837
      },
      "createdAt": "2017-12-16T06:56:24.449Z",
      "updatedAt": "2017-12-16T06:56:24.449Z",
      "src": "/upload/posts/1513407384447-part10_01.png"
    }
  ]
}