{
  "posts": [
    {
      "id": "B1Z_ZugSGz",
      "title": "半夜叫个必胜客",
      "publishedDate": "12/18/2017",
      "published": "true",
      "abstract": "半夜叫个必胜客",
      "content": "<p><p><img src=\"\\upload\\photos\\1513585152306-10359175_IMG_5284.jpeg\" alt=\"\"><p><p><p><img src=\"\\upload\\photos\\1513584512431-10359175_IMG_5284.jpeg\" alt=\"\">\r\n<img src=\"\\upload\\photos\\1513584517948-10441554_IMG_5282.jpeg\" alt=\"\"><del>芝士意面和烧饼</del>\r\n  已经是夜里11：00啦，不知道是不是白天玩的太嗨，妈妈们现在还是睡不着，于是我们的工作人员Ellis为妈妈们叫了必胜客的披萨和意面烧饼，只有蘑菇口味的啦，妈妈们超爱吃，一转眼的功夫就已经被瓜分了，要知道，这热量可是相当的高啊，你们两位妈妈可真是好胃口啊！今天Ellis是瞒着老板的哦，因为妈妈们如果吃的太多，可能会导致宝宝超重，生产的时候可能会困难，所以在体重上，尽管产检时候医生会进行检查，但是我们生美的工作人员仍然每天会对妈妈们的体重进行监控记录，并且对饮食做科学适当的调整。不过看着妈妈们吃的这么开心，就不责怪Ellis了，我不会告诉老板的哦。。</p></p></p></p></p>\r\n<pre><code>有了肯德基，生活好滋味！！不对，是必胜客。。。\r\n</code></pre>",
      "category": "posts_activity",
      "file": {
        "fieldname": "file",
        "originalname": "1.jpeg",
        "encoding": "7bit",
        "mimetype": "image/jpeg",
        "destination": "E:\\work\\born\\public\\upload\\posts",
        "filename": "1513585461851-1.jpeg",
        "path": "\\upload\\posts\\1513585461851-1.jpeg",
        "size": 1093914
      },
      "createdAt": "2017-12-18T08:10:40.142Z",
      "updatedAt": "2017-12-18T08:24:21.949Z",
      "src": "\\upload\\posts\\1513585461851-1.jpeg"
    },
    {
      "id": "Hk3aOlBMM",
      "title": "浦东国际机场直飞洛杉矶",
      "publishedDate": "12/19/2017",
      "published": "true",
      "abstract": "浦东国际机场直飞洛杉矶",
      "content": "<p><img src=\"\\upload\\photos\\1513584850977-10361429_IMG_5268.jpeg\" alt=\"\"><p> 来自南京的李女士及其爱人，即将从上海浦东国际机场直飞洛杉矶，乘坐的是美联航，对，就是那个美联航！哈哈哈，不用担心啦，发生冲突的只是小概率事件呢。</p></p>\r\n<pre><code>李女士已经怀孕31周，对于乘坐国际航班来说，时间已经是比较靠后的喽，因为一般国际航班要在32周以前乘坐较为稳妥，因为在长途飞过程中有可能会有突发状况，例如乱流，有可能会导致妈妈不适，疼痛，等紧急状况。\r\n\r\n此次李女士选择的是我们生美国际提供的白金套餐，在美期间，接送机，产检，餐饮，证件办理，旅游，购物等，都是不收取任何费用的哦，并且也无须付给我们工作人员任何小费。\r\n\r\n我们生美国际赴美生子都是直飞美国，中途不会周转，因为转机对于妈妈们而言还是非常辛苦的，我们一切合法合规，所以根本不用担心会被美国海关遣返。因为没有转机，所以也不会存在二次消费，让赴美生子的爸爸妈妈们能够早日踏上美国，把心中的石头放下来，这样才能安心。\r\n\r\n我们预祝李女士及其爱人，旅途顺利，我们在洛杉矶国际机场等着您！\r\n</code></pre>",
      "category": "posts_activity",
      "file": {
        "fieldname": "file",
        "originalname": "10361429_IMG_5268.jpeg",
        "encoding": "7bit",
        "mimetype": "image/jpeg",
        "destination": "E:\\work\\born\\public\\upload\\posts",
        "filename": "1513584896874-10361429_IMG_5268.jpeg",
        "path": "\\upload\\posts\\1513584896874-10361429_IMG_5268.jpeg",
        "size": 130146
      },
      "createdAt": "2017-12-18T08:13:56.470Z",
      "updatedAt": "2017-12-18T08:14:56.892Z",
      "src": "\\upload\\posts\\1513584896874-10361429_IMG_5268.jpeg"
    },
    {
      "id": "SkXgslBGM",
      "title": "平安抵达洛杉矶国际机场",
      "publishedDate": "12/19/2017",
      "published": "true",
      "abstract": "平安抵达洛杉矶国际机场",
      "content": "<pre><code>                （LAX）洛杉矶国际机场\r\n</code></pre><p><img src=\"\\upload\\photos\\1513585410896-10361232_IMG_5277.jpeg\" alt=\"\">\r\n                    下午6:00，洛杉矶阳光依旧明亮\r\n                    <img src=\"\\upload\\photos\\1513585416313-10359126_IMG_5275.jpeg\" alt=\"\"></p>\r\n<p><p>福特皮卡</p></p>\r\n<pre><code>来自南京的李女士一家一家平安抵达，洛杉矶国际机场，飞机在预定时间抵达，海关也非常顺利的通过，因为有我们为妈妈们提供的赴美生子专业医疗保险，海关都没有问太多，直接放行；\r\n\r\n李女士感慨，洛杉矶的天气真好，天空蔚蓝。李女士的爱人目光则放在了福特的皮卡上，男人嘛，爱车！\r\n\r\n接下来李女士就要和我们都工作人员一起前往别墅喽！我们大奔奔已经恭候已久啦\r\n</code></pre>",
      "category": "posts_activity",
      "file": {
        "fieldname": "file",
        "originalname": "10361232_IMG_5277.jpeg",
        "encoding": "7bit",
        "mimetype": "image/jpeg",
        "destination": "E:\\work\\born\\public\\upload\\posts",
        "filename": "1513585586970-10361232_IMG_5277.jpeg",
        "path": "\\upload\\posts\\1513585586970-10361232_IMG_5277.jpeg",
        "size": 983711
      },
      "createdAt": "2017-12-18T08:23:06.905Z",
      "updatedAt": "2017-12-18T08:26:27.035Z",
      "src": "\\upload\\posts\\1513585586970-10361232_IMG_5277.jpeg"
    },
    {
      "id": "rkbGQ6eBMz",
      "title": "赴美生子不可错过的景点之大峡谷国家公园 Grand Canyon National Park",
      "publishedDate": "12/19/2017",
      "published": "true",
      "abstract": "赴美生子不可错过的景点之大峡谷国家公园（Grand Canyon National Park）。",
      "content": "<pre><code>赴美生子不可错过的景点之大峡谷国家公园（Grand Canyon National Park）。\r\n\r\n大峡谷国家公园（Grand Canyon National Park）位于美国西南部亚利桑那州的西北角， 于1919年2月26日建立，在1979年被列为世界自然遗产，以深达数千米，由科罗拉多河耗费万年所切割出来的科罗拉多大峡谷景观闻名于世。\r\n作为亚利桑那州最具标志性的地标景观，园内景观各式各样，其中包括鬼斧神工般的科罗拉多大峡谷，蜿蜒向前的科罗拉多河支流以及附近奇妙的地貌地形，无一不是游客欣赏大自然杰作的好去处。峡谷的奇特景色，浩瀚气魄，举世无双。由于河水的冲刷，河谷地层在结构、硬软上的差异，致使漫长的峡谷，百态杂陈，有的地方宽展，有的地方狭隘；有的地方尖如宝塔，有的地方堆如础石；有的如奇峰兀立，有的如洞穴天成。每年都会有将近5百万的游客慕名而来，亲身体验园内的美景。2011年更是多达4,298,178人次的参观人数，作为美国境内最富盛名的旅游景区之一的“大峡谷国家公园”，它的公共景区被合理的规划成了北部景区和南部景区。\r\n</code></pre>",
      "category": "posts_meet",
      "file": {
        "fieldname": "file",
        "originalname": "10590803_IMG_2102.jpeg",
        "encoding": "7bit",
        "mimetype": "image/jpeg",
        "destination": "E:\\work\\born\\public\\upload\\posts",
        "filename": "1513585946432-10590803_IMG_2102.jpeg",
        "path": "\\upload\\posts\\1513585946432-10590803_IMG_2102.jpeg",
        "size": 707952
      },
      "createdAt": "2017-12-18T08:32:26.470Z",
      "updatedAt": "2017-12-18T08:32:26.470Z",
      "src": "\\upload\\posts\\1513585946432-10590803_IMG_2102.jpeg"
    },
    {
      "id": "rJGFaxSGf",
      "title": "比佛利山庄（Beverly Hills）",
      "publishedDate": "12/18/2017",
      "published": "true",
      "abstract": "赴美生子来加州，其中不得不去的地方之一就是比佛利山庄（Beverly Hills），想要体验她真正的魅力吗？那就跟随我们生美国际的脚步一起来吧！虽然这座小城不足6平方英里，但其优美的西班牙建筑，宽阔的棕榈成荫的街道，庞大的豪宅和昂贵的商店，一定会给您感受到她的传奇色彩—这里是影视明星和其他名流的家园。在这里，您会发现罗迪欧大道，以及大型奢侈品购物处所，比如蒂芙尼公司和哈利·温斯顿等。另外还有诸多奢侈服装品牌，包括阿玛尼和杰尼亚等。",
      "content": "<pre><code>赴美生子来加州，其中不得不去的地方之一就是比佛利山庄（Beverly Hills），想要体验她真正的魅力吗？那就跟随我们生美国际的脚步一起来吧！虽然这座小城不足6平方英里，但其优美的西班牙建筑，宽阔的棕榈成荫的街道，庞大的豪宅和昂贵的商店，一定会给您感受到她的传奇色彩—这里是影视明星和其他名流的家园。在这里，您会发现罗迪欧大道，以及大型奢侈品购物处所，比如蒂芙尼公司和哈利·温斯顿等。另外还有诸多奢侈服装品牌，包括阿玛尼和杰尼亚等。\r\n\r\n在比佛利山，豪华的罗迪欧大道 (Rodeo Drive) 是必去的地方之一（即使是只逛不买），入驻的品牌包括Prada、YSL和Versace等。内行的购物者通常还会去比佛利 (Beverly) 和佳能大道 (Canon Drives)，这里也有着许多优雅美丽的商店，同时也是加州名流荟萃的场所。\r\n\r\n比弗利山（英语：Beverly Hills），在国内又叫贝弗利希尔斯；台湾叫比佛利山；港澳译作比华利山，是一座位于美国加州洛杉矶县西边的城市。比弗利山和邻近的西好莱坞被洛杉矶市完全包围。这个区域的高级住宅区被称为“白金三角”，是由比弗利山、洛杉矶的贝莱尔（Bel-Air）以及荷尔贝山（Holmby Hills）三个地区组成。于 1906年10月22日 被整合，人口总数10年前约为34,980人，占地面积约5.7 平方英里（10 平方公里）。\r\n</code></pre><p>City of Beverly Hills, California</p>\r\n<p>比弗利山的威尔檞大道</p>\r\n<pre><code>其实与好莱坞所描述有所不同，比弗利山并不是所有人都非常富有。虽然一部分洛杉矶县最大的私人住宅座落在比弗利山市里，但仅占了整个城市的10%。其他的住宅包括毗联式的出租公寓和小于92坪（278平方米）的独立式住宅。在洛杉矶县内有较比弗利山更富有的区域。比弗利山的平均收入为71,000美元，比洛杉矶县的平均收入多18,000美元。\r\n</code></pre><p>2007年，科威不动产（Coldwell Banker）将比弗利山列为全美最昂贵的住宅市场，一栋中型住宅的售价超过220万美元。</p>\r\n<p>比弗利山日落大道</p>\r\n<p>比弗利山四周被洛杉矶的多座城市围绕着，东北部与西好莱坞隔着达西尼大道（Doheny Boulevard）相接，西好莱坞知名的“日落街道”（Sunset Strip）也包含比弗利山的“日落大道”（Sunset Boulevard）。</p>\r\n<p>主要的干道包括了威尔夏大道（Wilshire Boulevard）、圣塔莫尼卡大道（Santa Monica Boulevard）和日落大道（Sunset Boulevard）。购物区包括比弗利街（Beverly Drive）和罗迪欧街（Rodeo Drive）。冷水峡谷街（Coldwater Canyon Drive）是比弗利山通往圣费尔南多谷的主要道路。</p>\r\n<pre><code>大部分的居民住在比弗利山的“平地区”（flats），是指日落大道以南相对平坦的地区。但位于日落大道以北的住宅比其他地区的价格高出许多，而比弗利山最昂贵的住宅都位于丘陵地上。威尔夏大道将“平地区”分为两个区域，当地称为“轨道北边”（north of the track）或“轨道南边”（south of the track），这是由于过去威尔夏大道上一度有红线铁路（Redline stockcar）使用的列车轨道。威尔夏大道以南的区域是比弗利山最多公寓建筑的地方，同时也是房屋价值最低的区域。\r\n</code></pre><p>除了比弗利山饭店和比弗利希尔顿饭店（Beverly Hilton Hotel）之外，所有的商业设施和政府办公室皆位于圣塔莫尼卡大道的南边。靠近比弗利山市区的还有著名的洛杉矶乡村俱乐部（Country Club），拥有两座高尔夫球场。</p>\r\n<pre><code>根据2005年的人口普查结果，比弗利山的人口共有34,980人。城市人口的种族构成为80.06%的白人、1.77%的黑人或非裔美国人、0.13%的美国原住民、9.05%的亚洲人，以及1.50%的其他种族和4.63%的拉丁美裔人。\r\n\r\n其中18岁以下的居民占了总人口的20.0%、18至24岁占了6.3%、25至44岁为29.3%、45至64岁为26.8%，而65岁以上的则占了17.6%。平均年龄为41岁。\r\n\r\n该地区住宅单位年收入的中间值是$70,945美元，是典型的上层中产阶级收入数字，不过租赁住宅却占了全市房屋数量的56.6%，而租屋者的平均住宅单位年收入为$48,179，仅稍微高于全美国的平均年收入。自有房屋者的住宅单位年收入平均则高达$125,707美元。\r\n\r\n而该地区的家庭（family）年收入中间值为$102,611美元。男性的收入中间值$72,004美元较女性的$46,217来得高。平均的个人年收入（per capita income）为$65,507美元。9.1%的人口低于贫困线，大多数都是超过65岁的居民。\r\n\r\n描述比弗利山富裕家庭青少年的知名影集《飞越比弗利》的英文原名为“90210”，但实际上90210并不是全美国或全加州最富裕地区的邮递区号（加州最富裕地区的邮递区号为艾瑟顿（Atherton）的94027，而全美最富裕的邮递区号是佛州迈阿密海滩的33139）。\r\n\r\n\r\n比弗利山有21,426名注册选民，其中约50.3%是民主党员，25.9%是共和党员，剩余的2.8%为其他政党。由于支持民主党的民众占绝大多数，比弗利山是南加州地区自由主义色彩较为浓厚的城市。比弗利山是一个通用法（general law）城市，管理架构为市议会（City Council）的五名成员治理，包含市长与副市长。市议会聘请市经理负责政策与服务的执行。每年三月市议会会召开会议，并从成员中选出市长和副市长。由于诸多名人聚居于此，所以时常可以看到名人参与谈论当地的政治议题。\r\n</code></pre><p>比弗利山警察</p>\r\n<pre><code>比弗利山警察局有权在市内进行法律的强制执行，曾经和知名人物发生争执与打斗，不得不说，美国的警察确实很强悍。比弗利山警察局曾在1986年的喜剧电影《进出比弗利山》（Down and Out in Beverly Hills）和《比弗利山超级警探》（Beverly Hills Cop）中出现。\r\n</code></pre><p>曾经或目前居住于此的著名人物有：</p>\r\n<pre><code>▪    洁西卡·艾巴\r\n\r\n▪    克莉丝汀·阿奎莱拉\r\n\r\n▪    珍妮佛·安妮斯顿\r\n\r\n▪    露西·波儿（Lucille Ball）\r\n\r\n▪    汤玛斯·班格拉特（Thomas Bangalter，傻瓜朋克成员）\r\n\r\n▪    大卫·贝克汉和维多莉亚·贝克汉\r\n\r\n▪    贝瑞·邦兹\r\n\r\n▪    汤姆·克鲁斯\r\n\r\n▪    艾伦·德杰尼勒斯\r\n\r\n▪    奥黛丽·赫本\r\n\r\n▪    芭黎丝·希尔顿\r\n\r\n▪    海蒂·克隆和席尔\r\n\r\n▪    珍娜·杰克森\r\n\r\n▪麦可·杰克森\r\n\r\n▪    杰·雷诺（Jay Leno）\r\n\r\n▪    莫尼卡·莱文斯基\r\n\r\n▪    琳赛·萝涵\r\n\r\n▪    乔治·卢卡斯\r\n\r\n▪    保罗·麦卡特尼\r\n\r\n▪    玛丹娜\r\n\r\n▪    黛米·摩尔\r\n\r\n▪    奥齐·奥斯本\r\n\r\n▪    谢尔盖·拉赫玛尼诺夫\r\n\r\n▪    席维斯·史特龙\r\n\r\n▪    哈利·斯泰尔斯\r\n\r\n▪    关·史蒂芬妮和盖文·罗斯戴尔（Gavin Rossdale）\r\n\r\n▪    小甜甜布兰妮\r\n\r\n▪    泰拉·班克斯\r\n\r\n▪    戈尔·维达尔\r\n\r\n▪    布兰达·宋\r\n\r\n▪    洁西卡·辛普森\r\n\r\n▪    卢根·利文（Logan Lerman）\r\n</code></pre><p>奥黛丽·赫本</p>\r\n<p>相关影视作品有</p>\r\n<pre><code>▪    比弗利山超级警探 (Beverly Hills Cop)\r\n\r\n▪    比弗利忍者 (Beverly Hills Ninja)\r\n\r\n▪    比弗利拜金狗 (Beverly Hills Chihuahua)\r\n\r\n▪    校园娇娃 （&quot;Totally Spies”）\r\n\r\n▪    飞越比弗利 (Beverly Hills, 90210)\r\n\r\n▪    90210\r\n\r\n所以来到这里，你可能在某个商场或者餐厅，咖啡馆遇见某个明星的概率非常高哦。\r\n</code></pre>",
      "category": "posts_meet",
      "file": {
        "fieldname": "file",
        "originalname": "2.jpeg",
        "encoding": "7bit",
        "mimetype": "image/jpeg",
        "destination": "E:\\work\\born\\public\\upload\\posts",
        "filename": "1513586042016-2.jpeg",
        "path": "\\upload\\posts\\1513586042016-2.jpeg",
        "size": 1071448
      },
      "createdAt": "2017-12-18T08:34:02.071Z",
      "updatedAt": "2017-12-18T08:34:02.071Z",
      "src": "\\upload\\posts\\1513586042016-2.jpeg"
    },
    {
      "id": "ByehTxSGG",
      "title": "时代广场",
      "publishedDate": "12/19/2017",
      "published": "true",
      "abstract": "时代广场（Times Square）是在世界上最知名的聚集地，包括6个街区，百老汇和第七大道都从这里经过，因而创造了绚烂夺目的景象。虽然纽约的商业是城市之重，时代广场的音乐剧却是一派欣欣向荣。",
      "content": "<p>时代广场</p>\r\n<p>时代广场（Times Square）是在世界上最知名的聚集地，包括6个街区，百老汇和第七大道都从这里经过，因而创造了绚烂夺目的景象。虽然纽约的商业是城市之重，时代广场的音乐剧却是一派欣欣向荣。</p>\r\n<p>时代广场（Times Square，又译为时报广场）是美国纽约曼哈顿的一个商业中心，位于百老汇大道与第七大道会合处。时报广场的名称源自《纽约时报》（New York Times，又译为“纽约时代报”）早期在此设立的总部大楼，因此中文译名有时会根据报社而译为“时报广场”，或根据英文原名“Times”直译为“时代广场”。时代广场又被誉为“世界的十字路口”。</p>\r\n<p>时代广场曼哈顿的近邻社区</p>\r\n<p>2013年的时代广场</p>\r\n<pre><code>《纽约时报》发行人阿道夫·奥克斯将该报的总部迁到第四十二街，当时称为朗埃克广场（Longacre Square）上的一座新建大楼里。其发行人奥克斯成功游说时任市长的小乔治·布林顿·麦克莱伦（George B. McClellan, Jr.）在当地设立地铁站，并在1904年4月8日将朗埃克广场正式更名为时报广场。只在三星期后，第四十六街与百老汇交界的一间银行的外墙，就出现了广场上第一张广告。\r\n</code></pre><p>自1913年起，《纽约时报》不再于时报广场上的大楼办公，但其总部仍然在该区内。那座大楼一度被称为联合化工大楼，现在称为时报广场一座，更成为每年最后一天降球仪式的地点。降球仪式始于1907年12月31日，自此以后时报广场更成为纽约市庆祝新年时的主要地点。当晚数以十万计的人群都会聚集观看由 Waterford Crystal 出品的水晶球从高处降到地面，象征新一年的开始。这取代了之前（1904年12月31日到1907年1月1日）市政府以安全为由而取缔的大型烟火汇演。在第二次世界大战期间，由于战时灯光管制，仪式被暂时简化为一分钟静默，随即播放教堂钟声的录音。</p>\r\n<p>时报广场快速发展成为聚集剧院、音乐厅、以及特色酒店的文化集中地。“时报广场迅速成为了纽约的市集，一个人们聚集、等待、和庆祝大事的地方，无论是棒球世界大赛还是总统选举的时候。”詹姆斯·特劳布（James Traub）在《魔鬼游乐场：时报广场利乐一世纪》（The Devil&#39;s Playground: A Century of Pleasure and Profit in Times Square）中写道。欧文·柏林（Irving Berlin）、弗雷德·阿斯泰尔、查理·卓别林：这些都是1910年代和1920年代跟时报广场有密切关系的名字。</p>\r\n<p>随着1930年代大萧条到临，广场气氛出现转变。时报广场充斥着色情表演场所、通宵放映成人视频的电影院、以及售卖廉价旅游纪念品的商店。传媒人戴蒙·鲁尼恩（Damon Runyon）所著的故事集《红男绿女》反映了这时的转变。以后的数十年内，时报广场被很多人视为危险的地带。时报广场继而从1960年代到1990年代成为纽约市危险与败坏的象征。有很多题材黑暗而具影响力的电影，如《午夜牛郎》和《计程车司机》等，其中不少情节都在时报广场取景。而区内的不良电影院放映低级电影，更是家常便饭。</p>\r\n<p>到了1990年代中期，市长鲁迪·朱利安尼开展净化该区的工作，包括封闭色情场所、加强治安、以及开设更多适合游客的观光点。当地政府曾经发出行政命令，驱逐第四十二街附近林立的色情商店。很多场所因此被迫关闭，或者迁到布鲁克林区或皇后区等工业地区，取而代之则是比较高级的商业活动。</p>\r\n<p>今日的时报广场</p>\r\n<p>百老汇上的剧院、大量耀眼的霓虹光管广告、以及电视式的宣传版，已经深入成为象征纽约的标志，反映曼哈顿强烈的都市特性。时报广场是市内唯一在规划法令内，要求业主“必须”悬挂亮眼宣传版的地区。时报广场宣传版的密度，与拉斯维加斯可相比拟。</p>\r\n<p>1992年时报广场联盟（Times Square Alliance，前称“时报广场改善营商区”，Times Square Business Improvement District，简称BID）成立，旨在透过团结当地企业的力量，改善该区的营商与卫生环境。时报广场现在已经成为游客热点的集中地，包括美国广播公司节目《早安美国》（Good Morning America）的直播现场、玩具反斗城和好时巧克力专卖店，各式的异国美食餐厅，以及数间电影院。时报广场也吸引了一些大规模的财经、出版、和媒体企业在该区设立总部。驻守的大批员警改善了当地的治安。获得新生的时报广场无疑更安全更被人接受，然而也有人指该区已经失去原来的光芒，被净化为一个“迪士尼化”的广场。</p>\r\n<p>众多宣传版中，其中一个著名的是位于时报广场四座纳斯达克交易所外的纳斯达克标志与股市行情表屏幕。屏幕用了3700万美元制作，屏幕高达120呎（36.6米），于2000年1月揭幕启用。光是租用这个位置，就花费纳斯达克每年至少200万美元。在广告市场内这其实已经算是一个优惠的价格，因为广告“出现”的次数远超于其他类型的广告所能达到的。</p>\r\n<p>2002年，即将离任的市长鲁迪·朱利安尼，在1月1日零时过后，监督接任市长迈克尔·布隆伯格的就职宣誓仪式。这是2001至2002年度新年庆典的一部分。当时有50万人见证了这个时刻。由于纽约曾遭九一一袭击事件，当时有多达7000名纽约市员警驻守广场，是正常新年时警力的两倍。</p>\r\n<p>著名地标</p>\r\n<p>公司总部</p>\r\n<p>以下为在时报广场设立总部或分部的公司，很多都是人们耳熟能详的企业</p>\r\n<pre><code>▪    六面旗\r\n\r\n▪    康得纳斯出版公司\r\n\r\n▪    钻石管理与技术顾问（英语：Diamond Management &amp; Technology Consultants）（Diamond Management &amp; Technology Consultants）\r\n\r\n▪    安永会计师事务所\r\n\r\n▪    Instinet（英语：Instinet）\r\n\r\n▪    雷曼兄弟\r\n\r\n▪    摩根士丹利\r\n\r\n▪    贝恩策略顾问\r\n\r\n▪    MTV电视网\r\n\r\n▪纽约时报\r\n\r\n▪    世达律师事务所\r\n\r\n▪    路透社\r\n\r\n▪    必百瑞（英语：Pillsbury Winthrop Shaw Pittman）（Pillsbury Winthrop Shaw Pittman LLP）\r\n\r\n▪    维亚康姆\r\n</code></pre><p>设施</p>\r\n<pre><code>▪    时报广场摄影棚\r\n\r\n▪    One Astor Plaza（MTV纽约摄影棚）\r\n\r\n▪    麦当劳时报广场分店\r\n\r\n▪    TKTS（百老汇音乐剧售票亭）\r\n\r\n▪    雪佛兰钟（映在电子屏幕上的类比钟）\r\n</code></pre><p>广告看板</p>\r\n<p>时报广场是艺术和商业聚集的地方，街道上充斥的许多炫丽的广告招牌，以吸引路人的目光。</p>\r\n<pre><code>▪    可口可乐看板\r\n\r\n▪    国际牌 Astrovision\r\n\r\n▪百威啤酒\r\n\r\n▪    维珍手机看板\r\n\r\n▪    三星电子\r\n\r\n▪    HSBC香港上海汇丰银行\r\n\r\n▪    TOSHIBA\r\n</code></pre><p>近年来也吸引了众多中国企业及机构的注意，并在此处投放广告以及形象片。一些特别的广告及形象片如下：</p>\r\n<pre><code>▪    中国国家形象广告“人物篇”\r\n\r\n▪    中国世界文化遗产形象片\r\n\r\n▪    上海、成都、苏州等城市形象片\r\n\r\n▪    中国人民大学形象片\r\n\r\n▪    银联品牌形象片\r\n</code></pre><p>时报广场夜景</p>\r\n<p>时报广场的影响</p>\r\n<pre><code>由于时报广场的高知名度，世界上不少著名城市的都有商场或建筑物取名为“时代广场”（英文同样是Times Square），例如日本百货业者高岛屋在新宿车站旁的分店、也是当地地标之一的高岛屋时代广场（Takashimaya Times Square）。在香港有两个同名的商场，分别是铜锣湾的时代广场与屯门时代广场。中国大陆更有多达26个城市有时代广场：包括广州时代广场、大连时代广场、成都时代广场、湛江时代广场、廊坊时代广场、大庆时代广场、苏州圆融时代广场、大上海时代广场、温州时代广场、宜昌时代广场、西湖时代广场、威海时代广场、定州时代广场、新疆世纪金花时代广场（在乌鲁木齐）、余姚时代广场、南昌时代广场、汕头时代广场、重庆时代广场、温岭时代广场、瑞安市时代广场、乐清时代广场、永年时代广场、武汉时代广场、济南时代广场、鄂尔多斯时代广场、太仓时代广场。台湾亦有多个建筑物以时代广场为名。一些大城市也有其时代广场例如：伦敦、新加坡、吉隆坡成功时代广场、槟岛时代广场。\r\n</code></pre>",
      "category": "posts_meet",
      "file": {
        "fieldname": "file",
        "originalname": "10667236_100140222.jpeg",
        "encoding": "7bit",
        "mimetype": "image/jpeg",
        "destination": "E:\\work\\born\\public\\upload\\posts",
        "filename": "1513586088194-10667236_100140222.jpeg",
        "path": "\\upload\\posts\\1513586088194-10667236_100140222.jpeg",
        "size": 135167
      },
      "createdAt": "2017-12-18T08:34:48.231Z",
      "updatedAt": "2017-12-18T08:34:48.231Z",
      "src": "\\upload\\posts\\1513586088194-10667236_100140222.jpeg"
    },
    {
      "id": "BJfDReSMz",
      "title": "金门大桥",
      "publishedDate": "12/19/2017",
      "published": "true",
      "abstract": "金门大桥",
      "content": "<p>  金门大桥（英语：Golden Gate Bridge）是美国旧金山的地标。它跨越联接旧金山湾和太平洋的金门海峡，南端连接旧金山的北端，北端接通加州的马林县。金門大橋的桥墩跨距长1280.2米，建成时曾是世界上跨距最大的悬索桥，宽度27.5米，双向共6条行車线，桥身呈褐红色，金门大桥拥有世界第四高的桥塔，高达227.4米，全桥总长度是2737.4米。</p>\r\n<pre><code>金门大桥最初的构想来源于桥梁工程师约瑟夫·斯特劳斯（英语：Joseph Strauss (engineer)。斯特劳斯在此前设计了400多座内陆的小型桥梁。他花了10多年时间游说北加州的居民。这座桥的其他主要设计者包括決定其艺术造型和颜色的艾尔文·莫罗、合作进行复杂数学推算的工程師查尔斯·埃里斯、桥梁设计师里昂·莫伊塞弗。\r\n\r\n大桥于1933年1月5日开始施工，1937年4月完工，同年5月27日对外开放予行人。斯特劳斯在南桥墩浇筑混凝土之前放入了一块取自他的母校俄亥俄州辛辛那提大学的砖头。翌日，随着罗斯福总统在华盛顿按下一個电钮，该大桥正式对外开放予汽车使用。\r\n</code></pre><p>旧金山市地区的选民们以自己的住宅、农场和公司为抵押，发行了最初的3500万美元的工程、债券。1977年，最后一笔债券被付清，其中3500万美元的本金和3900万美元的利息全來自过桥费的收入。</p>\r\n<pre><code>该桥施工时的一项独特的设计是桥下有一个安全网。施工中有11人摔死，而19人则因安全网而获救。这19人成为了一个「去地狱的半路俱乐部」（Halfway to Hell Club）的荣誉会员。\r\n\r\n1957年之前金门大桥是世界上最长的悬索桥，两个桥墩在1964年之前拥有世界上悬索桥中最长的跨度。这两个桥墩直到不久之前还是世界上最高的悬索桥桥墩。\r\n\r\n金门大桥桥身的颜色为国际橘，因建筑师艾尔文·莫罗认为此色既和周边环境协调，又可使大桥在金门海峡常见的大雾中显得更醒目。由于这座大桥新颖的结构和超凡脱俗的外观，它被国际桥梁工程界公认为是美的典范，更被美国建筑工程师协会评为现代的世界奇迹之一。它也是世界上最上镜的大桥之一。\r\n\r\n金门大桥的维护工作中，给桥身不断涂刷油漆是其中一项重要内容。2011年5月开始首次进行整体重漆，仍然使用国际橘。预计将耗费四年完工。这是金门大桥开通近75年来首次重漆。\r\n\r\n金门大桥的维护工作还包括不断的加固工作，在1989年底发生Loma Prieta大地震（英语：1989 Loma Prieta earthquake）后，当局聘请专家对金门大桥的脆弱性进行了详细评估，并制定了加固计划，分三期工程实施，第二期加固工程已于2006年中完成。\r\n</code></pre><p>金门大桥夜景。远处是旧金山市区</p>\r\n<p>雾中的金门大桥</p>\r\n<p>金门大桥全景</p>\r\n<p>金门大桥北端</p>\r\n<p>阳光下的金门大桥</p>\r\n<p>金门大桥是世界上最著名的自杀场所之一，当金门大桥上自杀的人数在1993年达到1000人之后便不再有正式统计。估计在2008年已达1300多人。在2005年之前的5年，平均每两个星期就有一个人从大桥上跳下投海。从67米高的桥面上跳下4秒后，自杀者会以每小时120公里的速度冲落海面。截至2013年，共有33人自殺未死。2005年3月11日，金门大桥管理会決定投资200万美元，研究安装护栏的可行性。但因为经济衰退，该计划的实施被延迟。</p>\r\n<pre><code>然而，你可能不知道的是，这样一座在今天被誉为当今世界的“新七大奇迹”之一，被国际桥梁工程界公认为是美的典范，世界上最上镜的大桥之一悬索桥。曾经却被称作“不可能完成的任务”。最终这座美丽的大桥在狂浪与劲风、迷雾与岩石整整4年的历练打磨后，于1937年与世人见面，投入使用。而它美丽的名字“金门大桥”来源于太平洋与旧金山湾交织处的金门海峡。彻底打破不可能的任务魔咒！\r\n\r\n在今天，总长约2700米的金门大桥，每天都见证着约12万的车流来往穿梭。桥上还专门设有人行通道和自行车道，可以满足爱步行或爱骑自行车的朋友近距离感受这座大桥，并欣赏旧金山的迷人风景。不仅如此，大桥南侧有个展示馆，内有游客中心、教育展览.......你根本想不到一座大桥也能这么好玩！自然，它成为了全球出镜率最高的地标建筑之一也毫无悬念！不夸张的说，游历再丰富的你也会爱上这个美丽的弧度！\r\n\r\n也是赴美生子的朋友们不可错过的景点！\r\n</code></pre><p>温馨提示：</p>\r\n<p>驾车过桥需要通行费，为6美金，单向前往旧金山方向收费，反向不收费，如果使用电子收费FasTrak则收取6.25美金。行人和自行车免费；</p>\r\n<p>随身带件外套（因为即使是夏季的旧金山，天气也有些微凉）尤其是赴美生子的孕妇更要注意保暖。</p>\r\n<p>要在金门大桥上远眺旧金山的城市天际线，将城市的美好与大海的宽阔尽收眼底。</p>\r\n<p>如果想拍金门大桥的全身靓照，可以从以下几个“秘密照相点”进行拍摄（它们都免费对公众开放）：分别是，Crissy Field、Baker Beach、China Beach、Lands End、旧金山要塞Lover’s Lane、笛扬博物馆Hamon Education Tower观景台以及Fort Point。</p>\r\n",
      "category": "posts_meet",
      "file": {
        "fieldname": "file",
        "originalname": "10597425_4.jpeg",
        "encoding": "7bit",
        "mimetype": "image/jpeg",
        "destination": "E:\\work\\born\\public\\upload\\posts",
        "filename": "1513586266383-10597425_4.jpeg",
        "path": "\\upload\\posts\\1513586266383-10597425_4.jpeg",
        "size": 101817
      },
      "createdAt": "2017-12-18T08:37:46.399Z",
      "updatedAt": "2017-12-18T08:37:46.399Z",
      "src": "\\upload\\posts\\1513586266383-10597425_4.jpeg"
    },
    {
      "id": "S1_2RxSfG",
      "title": "天使之城-洛杉矶（Los Angeles)",
      "publishedDate": "12/19/2017",
      "published": "true",
      "abstract": "天使之城-洛杉矶（Los Angeles)",
      "content": "<p>   洛杉矶(Los Angeles),简称洛城，位于美国加州南部，人口约397万，加州第一大城，美国第二大城市，仅次于纽约。面积约469平方英里（1214.9平方公里)。</p>\r\n<p>洛杉矶都会区包括洛杉矶，长滩，安那郡共有人口1331万，大洛杉矶地区则达到1870万；</p>\r\n<pre><code>洛杉矶于1781年建立，曾先后属于西班牙与墨西哥，后来美墨战争结束，墨西哥将包括洛杉矶在内的上加利福尼亚卖给美国。1850年4月4日，洛杉矶正式建市，比加州加入联邦还早了5个月。\r\n\r\n今天，洛杉矶已发展成为全世界的文化，科学，技术，体育，国际贸易和高等教育中心之一，拥有世界知名的各种专业与文化领域的机构。整个大洛杉矶地区在电影，电视，音乐等文化娱乐产业更是蓬勃发展，奠定了洛杉矶国际声誉和全球地位的基础。\r\n\r\n截止2014年，洛杉矶的生产总值达到8605亿美金，排名世界第三。\r\n\r\n洛杉矶坐落与美国加州南部，濒临太平洋东侧的圣佩德罗湾和圣莫尼卡湾沿岸，背靠圣盖博山，包括洛杉矶县，橙县，河滨县，圣伯纳丁县，文图拉县等地区。在这些县中，较为知名的有比华利山庄，帕萨迪纳，长滩等，共有超过100个大小城镇，总面积超10567平方公里。洛杉矶地理位置极佳，位于三面环山，一面临海的开阔盆地，除局部丘陵，地面平坦，平均海拔84米。\r\n\r\n洛杉矶位于地中海气候带，气候温和，终年干燥少雨，只是冬季雨量稍多。全年阳光明媚，极少结冰，降雪概率更是绝无仅有。昼夜温差较大，日间气温较高，冬季日间气温也有约20摄氏度，夏季经常在35摄氏度左右。\r\n\r\n每年2月是最潮湿的季节。\r\n</code></pre><p>从穆赫兰道俯瞰洛杉矶全景，从左到右依次：圣安纳山脉，市区，好莱坞，威尔谢尔大道，洛杉矶港，帕罗斯维德斯半岛，圣卡塔利那岛，洛杉矶国际机场</p>\r\n<p>洛杉矶旅游景点众多，有唐人街，小东京，迪士尼音乐厅，柯达剧院，盖蒂博物馆，洛杉矶纪念体育馆，中国戏院，好莱坞地标，好莱坞大道，洛杉矶市政厅，好莱坞露天剧场，斯台普斯中心以及洛杉矶诞生地。</p>\r\n<pre><code>圣盖博是洛杉矶华人社区中心，华人聚集地，大部分商店由华人经营，中餐水准可与港台大陆媲美。\r\n</code></pre><p>比弗利山是洛杉矶高级住宅密集区，由于近好莱坞，许多影视明星居住于此，区内风景环境优良但房价高昂。</p>\r\n<p>罗迪欧大道，位于比华利山庄中心，是全洛杉矶最昂贵的购物街，大量精品专卖店聚集于此。</p>\r\n<p>世纪城</p>\r\n<p>全球第一座迪士尼游乐园</p>\r\n<p>洛杉矶市中心</p>\r\n<p>好莱坞</p>\r\n<p>胜他跑马场</p>\r\n<p>六旗魔术山游乐园</p>\r\n<p>梅尔罗斯大道，洛杉矶特有商业街，有很多稀奇古怪的商品和成人用品，</p>\r\n<p>圣莫妮卡广场</p>\r\n<p>环球影城</p>\r\n<p>威尼斯海滩，洛杉矶近郊著名海滩之一，以健美人士与街头艺人集中而闻名。</p>\r\n<p>西木区，加州大学洛杉矶分校（UCLA)所在地</p>\r\n<p>格里菲斯公园，洛杉矶最大的公园，巨大的休闲中心。</p>\r\n<pre><code>其中好莱坞世界闻名，星光大道更是留下了众多华人明星的身影，李小龙，成龙最为著名；中国戏院的门前也有众多影视明星的手印，脚印和签名。\r\n\r\n洛杉矶有数家知名博物馆，拉布雷亚沥青坑（la brea tar pits)——这里发掘出了很多史前动物的化石；\r\n\r\n                                                洛杉矶县立艺术博物馆（los angeles county museum of art)——美国西部最大的艺术博物馆；\r\n\r\n                                                盖提美术馆（J.Paul Getty Museum）,收藏了很多欧洲名画和雕像；\r\n\r\n                                                诺顿.西蒙博物馆（Norton Simon Museum）——位于帕萨迪纳境内；\r\n\r\n其境内较为出名的自然景观，海峡群岛国家公园（Channel Islands National Park）——距离洛杉矶很近的一个小岛；\r\n\r\n                                                    大熊湖(Big Bear Lake)——知名的滑雪胜地；\r\n\r\n                                                    马里布海滩（Malibu）——洛杉矶近郊的知名海滩度假区，高级住宅密集，电影钢铁侠中，托尼的别墅就在此，另外，Miley Cyrus 的新歌也与其同名；\r\n\r\n洛杉矶因有好莱坞，所以电影制作闻名于世。洛杉矶时报(Los Angeles Times)也同样富有盛名。这里的艺术活动不断，每年夏天晚上，在碗形剧场（Hollywood Bowl）都会有著名音乐家举行音乐会，并且会有烟火点缀。90年代，还举行过“为中国喝彩”(Bravo China)的音乐会。\r\n\r\n由于华人移民的不断增加，华人文化在此也随之丰富起来。90年代初，洛杉矶的华人电台屈指可数，并且还有关闭的电台，到了90年代中期已有诸多中文电台，现在中文电视台的卫星电视，有线电视，无线电视已经全部覆盖。中文报纸的数量也如雨后春笋般涌现。\r\n\r\n华人经济也不断的发展起来，在这里华人商品，华人商店随处可见，中文招牌更是比比皆是；产品种类丰富，港澳台，大陆均有。华人现阶段主要聚居在东部的圣盖博地区（San Gabriel Valley),其中蒙特利公园(Monterey Park ),阿罕布拉(Alhambra)，圣盖博(San Gabriel)，柔似蜜(Rosemead)，天普市(Temple City )，亚凯迪亚(Arcadia)，圣马利诺(San Marino)，南帕萨迪纳(South Pasadena)，哈仙达岗(Hacienda Heights)，罗兰岗(Rowland Heights)，钻石吧(Diamond Bar)，核桃市(Walnut)这些地区为主。\r\n\r\n特别值得一提的是蒙特利公园(Monterey Park),又称蒙市，当地居民超过半数是华裔，目前全市前5位市议员中有4位是华裔，曾经的警察局长也是华裔，所以蒙市也是美国有史以来华人特色最为浓厚，华人自主权最强的城市。故顺理成章的成为华人社区中心，并且取代了传统的中国城(China Town)的地位。曾经的中国城，因市政府要建火车站而被征用，只留下了一间房子改为华美博物馆。当年宋美龄在此做过演说。当年成龙主演的电影尖峰时刻（Rush Hour）也曾在此附近取景。\r\n\r\n历史上，洛杉矶举办过两届奥运会，分别是1932年和1984年，并且还将举办2028年的奥运会。\r\n</code></pre><p>洛杉矶宗教种类繁多，包括伊斯兰教，佛教，印度教，袄教，锡克教，巴哈伊教，各种东正教，苏菲派等等；其中佛教徒人数在全美名列第一；</p>\r\n<pre><code>在教育方面，加州理工学院，南加州大学，加州大学，均坐落于此；\r\n</code></pre>",
      "category": "posts_meet",
      "file": {
        "fieldname": "file",
        "originalname": "10590803_IMG_2102.jpeg",
        "encoding": "7bit",
        "mimetype": "image/jpeg",
        "destination": "E:\\work\\born\\public\\upload\\posts",
        "filename": "1513586352308-10590803_IMG_2102.jpeg",
        "path": "\\upload\\posts\\1513586352308-10590803_IMG_2102.jpeg",
        "size": 707952
      },
      "createdAt": "2017-12-18T08:39:12.339Z",
      "updatedAt": "2017-12-18T08:39:12.339Z",
      "src": "\\upload\\posts\\1513586352308-10590803_IMG_2102.jpeg"
    },
    {
      "id": "BybxHkZHMf",
      "title": "待产市区别墅",
      "publishedDate": "12/18/2017",
      "published": "true",
      "abstract": "该处待产别墅位于社区中心位置，面积约200平，邻里友善，鸡犬相闻，地地道道的美国人为邻，英语好的妈妈们闲来无事可以聊聊天，了解了解当地人的文化，生活习惯等， ",
      "content": "<p><p> 该处待产别墅位于社区中心位置，面积约200平，邻里友善，鸡犬相闻，地地道道的美国人为邻，英语好的妈妈们闲来无事可以聊聊天，了解了解当地人的文化，生活习惯等，        没准还能交到一些好朋友，往小了说是打发时间，往大了说就是促进中美文化交流事业的发展啊，生孩子的过程中还客串了一把中美关系友好大使，功在当代，利在千秋！</p>\r\n<img src=\"\\upload\\photos\\1513586652455-10113990_IMG_1706.jpeg\" alt=\"\">\r\n别墅外景\r\n<img src=\"\\upload\\photos\\1513586676600-10113992_IMG_1707.jpeg\" alt=\"\">\r\n客厅餐厅</p>\r\n",
      "category": "posts_env",
      "file": {
        "fieldname": "file",
        "originalname": "1.jpeg",
        "encoding": "7bit",
        "mimetype": "image/jpeg",
        "destination": "E:\\work\\born\\public\\upload\\posts",
        "filename": "1513586488281-1.jpeg",
        "path": "\\upload\\posts\\1513586488281-1.jpeg",
        "size": 168628
      },
      "createdAt": "2017-12-18T08:41:28.312Z",
      "updatedAt": "2017-12-18T08:46:42.964Z",
      "src": "\\upload\\posts\\1513586488281-1.jpeg"
    },
    {
      "id": "Sy1al-HGf",
      "title": "待产半山别墅",
      "publishedDate": "12/15/2017",
      "published": "false",
      "abstract": "待产半山别墅",
      "content": "<p><img src=\"\\upload\\photos\\1513586693235-10114010_IMG_1710.jpeg\" alt=\"\">\r\n别墅正面\r\n<img src=\"\\upload\\photos\\1513586697782-10114017_IMG_1712.jpeg\" alt=\"\">\r\n客厅</p>\r\n",
      "category": "posts_env",
      "file": {
        "fieldname": "file",
        "originalname": "2.jpeg",
        "encoding": "7bit",
        "mimetype": "image/jpeg",
        "destination": "E:\\work\\born\\public\\upload\\posts",
        "filename": "1513586903212-2.jpeg",
        "path": "\\upload\\posts\\1513586903212-2.jpeg",
        "size": 237326
      },
      "createdAt": "2017-12-18T08:47:51.037Z",
      "updatedAt": "2017-12-18T08:48:23.285Z",
      "src": "\\upload\\posts\\1513586903212-2.jpeg"
    },
    {
      "id": "H1jM-bHzG",
      "title": "待产近海别墅",
      "publishedDate": "12/19/2017",
      "published": "true",
      "abstract": "近海待产别墅，开车至海边仅20分钟，200平左右占地面积，周边华人超市，购物中心，餐厅齐全；\r\n\r\n妈妈们在此待产，每天可以至海边散散步，吹吹海风，看看夕阳海浪，惬意生活不过如此！",
      "content": "<p>近海待产别墅，开车至海边仅20分钟，200平左右占地面积，周边华人超市，购物中心，餐厅齐全；</p>\r\n<p>妈妈们在此待产，每天可以至海边散散步，吹吹海风，看看夕阳海浪，惬意生活不过如此！<img src=\"\\upload\\photos\\1513586682553-10114000_IMG_1708.jpeg\" alt=\"\"></p>\r\n",
      "category": "posts_env",
      "file": {
        "fieldname": "file",
        "originalname": "3.jpeg",
        "encoding": "7bit",
        "mimetype": "image/jpeg",
        "destination": "E:\\work\\born\\public\\upload\\posts",
        "filename": "1513586962687-3.jpeg",
        "path": "\\upload\\posts\\1513586962687-3.jpeg",
        "size": 127164
      },
      "createdAt": "2017-12-18T08:49:22.696Z",
      "updatedAt": "2017-12-18T08:49:22.696Z",
      "src": "\\upload\\posts\\1513586962687-3.jpeg"
    },
    {
      "id": "rkurbWSff",
      "title": "待产登顶别墅",
      "publishedDate": "12/18/2017",
      "published": "true",
      "abstract": "位于山顶的待产别墅，视野超阔，非常安静，占地约2050平左右，妈妈们在此待产，享受安静生活之余，偶尔登顶远眺，心情想必也会是极佳的！",
      "content": "<p>位于山顶的待产别墅，视野超阔，非常安静，占地约2050平左右，妈妈们在此待产，享受安静生活之余，偶尔登顶远眺，心情想必也会是极佳的！<img src=\"\\upload\\photos\\1513586702184-10114018_IMG_1713.jpeg\" alt=\"\"></p>\r\n",
      "category": "posts_env",
      "file": {
        "fieldname": "file",
        "originalname": "4.jpeg",
        "encoding": "7bit",
        "mimetype": "image/jpeg",
        "destination": "E:\\work\\born\\public\\upload\\posts",
        "filename": "1513587007701-4.jpeg",
        "path": "\\upload\\posts\\1513587007701-4.jpeg",
        "size": 377729
      },
      "createdAt": "2017-12-18T08:50:07.731Z",
      "updatedAt": "2017-12-18T08:50:07.731Z",
      "src": "\\upload\\posts\\1513587007701-4.jpeg"
    },
    {
      "id": "BkNOZbSfM",
      "title": "顶级豪华待产别墅",
      "publishedDate": "12/28/2017",
      "published": "true",
      "abstract": "    该处别墅的图片经过我们专业的美工处理，看起来非常梦幻！效果大赞，占地460平左右，泳池，车库，花园等一应俱全，真正的奢华体验。市面价值在200万美金以上，对面有顶级的高中，满分学区，登顶即可眺望整个南加州！壮丽风光一览无余，对于待产的妈妈而言，再合适不过了",
      "content": "<pre><code>该处别墅的图片经过我们专业的美工处理，看起来非常梦幻！效果大赞，占地460平左右，泳池，车库，花园等一应俱全，真正的奢华体验。市面价值在200万美金以上，对面有顶级的高中，满分学区，登顶即可眺望整个南加州！壮丽风光一览无余，对于待产的妈妈而言，再合适不过了![](\\upload\\photos\\1513586697782-10114017_IMG_1712.jpeg)\r\n</code></pre>",
      "category": "posts_env",
      "file": {
        "fieldname": "file",
        "originalname": "5.jpeg",
        "encoding": "7bit",
        "mimetype": "image/jpeg",
        "destination": "E:\\work\\born\\public\\upload\\posts",
        "filename": "1513587051862-5.jpeg",
        "path": "\\upload\\posts\\1513587051862-5.jpeg",
        "size": 118045
      },
      "createdAt": "2017-12-18T08:50:51.874Z",
      "updatedAt": "2017-12-18T08:50:51.874Z",
      "src": "\\upload\\posts\\1513587051862-5.jpeg"
    },
    {
      "id": "BJaqbZSMz",
      "title": "待产繁华别墅",
      "publishedDate": "12/26/2017",
      "published": "true",
      "abstract": "该处待产别墅价值约190万美金，周边有学校，购物中心，高尔夫球场，运动场，博物馆，湖泊等便利设施，非常方便，环境也是十分的宜人；\r\n\r\n    每当夕阳西下的时候，妈妈们由我们安保工作人员的陪同，结伴出行，或散步，或购物，好不惬意",
      "content": "<p>该处待产别墅价值约190万美金，周边有学校，购物中心，高尔夫球场，运动场，博物馆，湖泊等便利设施，非常方便，环境也是十分的宜人；</p>\r\n<pre><code>每当夕阳西下的时候，妈妈们由我们安保工作人员的陪同，结伴出行，或散步，或购物，好不惬意![](\\upload\\photos\\1513586693235-10114010_IMG_1710.jpeg)\r\n</code></pre>",
      "category": "posts_env",
      "file": {
        "fieldname": "file",
        "originalname": "6.jpeg",
        "encoding": "7bit",
        "mimetype": "image/jpeg",
        "destination": "E:\\work\\born\\public\\upload\\posts",
        "filename": "1513587092861-6.jpeg",
        "path": "\\upload\\posts\\1513587092861-6.jpeg",
        "size": 255797
      },
      "createdAt": "2017-12-18T08:51:32.922Z",
      "updatedAt": "2017-12-18T08:51:32.922Z",
      "src": "\\upload\\posts\\1513587092861-6.jpeg"
    },
    {
      "id": "ryuI5ZBfz",
      "title": "洛杉矶动物园",
      "publishedDate": "12/19/2017",
      "published": "true",
      "abstract": "近日洛杉矶的温度一直维持在30度左右，但是尽管如此，妈妈们外出游玩的心情仍然停不下来。这不，这次我们来动物园寻找童年的感觉啦！",
      "content": "<p>  近日洛杉矶的温度一直维持在30度左右，但是尽管如此，妈妈们外出游玩的心情仍然停不下来。这不，这次我们来动物园寻找童年的感觉啦！<img src=\"\\upload\\photos\\1513585416313-10359126_IMG_5275.jpeg\" alt=\"\"></p>\r\n",
      "category": "posts_activity",
      "file": {
        "fieldname": "file",
        "originalname": "5.jpeg",
        "encoding": "7bit",
        "mimetype": "image/jpeg",
        "destination": "E:\\work\\born\\public\\upload\\posts",
        "filename": "1513589327900-5.jpeg",
        "path": "\\upload\\posts\\1513589327900-5.jpeg",
        "size": 1464080
      },
      "createdAt": "2017-12-18T09:28:48.021Z",
      "updatedAt": "2017-12-18T09:28:48.021Z",
      "src": "\\upload\\posts\\1513589327900-5.jpeg"
    },
    {
      "id": "B1MA5Wrff",
      "title": "天使降临",
      "publishedDate": "",
      "published": "true",
      "abstract": " 经过三个月的等待，我们来自无锡的妈妈，终于迎来小天使，宝宝体重3kg，很标准哦，各项指标均正常，这一切都归功于妈妈的努力。",
      "content": "<p> 经过三个月的等待，我们来自无锡的妈妈，终于迎来小天使，宝宝体重3kg，很标准哦，各项指标均正常，这一切都归功于妈妈的努力。</p>\r\n<p>宝宝已经打完疫苗，我们也精心为宝宝准备啦毛毯，尿片，安全座椅以及奶粉，接下来的日子里，我们会和妈妈一起呵护宝宝一天天成长。</p>\r\n",
      "category": "posts_activity",
      "file": {
        "fieldname": "file",
        "originalname": "10361431_IMG_6166.jpeg",
        "encoding": "7bit",
        "mimetype": "image/jpeg",
        "destination": "E:\\work\\born\\public\\upload\\posts",
        "filename": "1513589449750-10361431_IMG_6166.jpeg",
        "path": "\\upload\\posts\\1513589449750-10361431_IMG_6166.jpeg",
        "size": 153071
      },
      "createdAt": "2017-12-18T09:30:49.769Z",
      "updatedAt": "2017-12-18T09:30:49.769Z",
      "src": "\\upload\\posts\\1513589449750-10361431_IMG_6166.jpeg"
    },
    {
      "id": "rkZr2CWBzz",
      "title": "1.选择机构",
      "publishedDate": "12/19/2017",
      "published": "true",
      "abstract": "选择一家专业的赴美生子机构会让你事半功倍，无论是签证还是海关，都可以大大提高通过率，没有鱼龙混杂的攻略，也不用担心海外被坑，无人相助，更不用担心回国后无人搭理，陪伴你的只有顺利和安心。",
      "content": "<p>选择一家专业的赴美生子机构会让你事半功倍，无论是签证还是海关，都可以大大提高通过率，没有鱼龙混杂的攻略，也不用担心海外被坑，无人相助，更不用担心回国后无人搭理，陪伴你的只有顺利和安心。</p>\r\n",
      "category": "posts_process",
      "file": {
        "fieldname": "file",
        "originalname": "picture1_his.png",
        "encoding": "7bit",
        "mimetype": "image/png",
        "destination": "E:\\work\\born\\public\\upload\\posts",
        "filename": "1513590444777-picture1_his.png",
        "path": "\\upload\\posts\\1513590444777-picture1_his.png",
        "size": 14958
      },
      "createdAt": "2017-12-18T09:47:24.821Z",
      "updatedAt": "2017-12-18T09:47:24.821Z",
      "src": "\\upload\\posts\\1513590444777-picture1_his.png"
    },
    {
      "id": "BJ1JkzHzM",
      "title": "2.签证申请",
      "publishedDate": "12/19/2017",
      "published": "true",
      "abstract": "这一步能顺利通过，那么其他都好说，所以请重视这一步！",
      "content": "<p>这一步能顺利通过，那么其他都好说，所以请重视这一步！</p>\r\n",
      "category": "posts_process",
      "file": {
        "fieldname": "file",
        "originalname": "picture2_his.png",
        "encoding": "7bit",
        "mimetype": "image/png",
        "destination": "E:\\work\\born\\public\\upload\\posts",
        "filename": "1513590486840-picture2_his.png",
        "path": "\\upload\\posts\\1513590486840-picture2_his.png",
        "size": 12945
      },
      "createdAt": "2017-12-18T09:48:06.848Z",
      "updatedAt": "2017-12-18T09:48:06.848Z",
      "src": "\\upload\\posts\\1513590486840-picture2_his.png"
    },
    {
      "id": "SyWbJzSfG",
      "title": "3.通过海关",
      "publishedDate": "12/20/2017",
      "published": "true",
      "abstract": "有句话叫做，美国签证官只能决定是否给你签证，但是美国海关才能决定你是否能踏入美国领土！在这里如果进了小黑屋，毫不夸张的说，可能会是你最无助的时候，没有隐私可言，也没有律师可言帮你，所以这一步，你可以紧张起来。",
      "content": "<p>有句话叫做，美国签证官只能决定是否给你签证，但是美国海关才能决定你是否能踏入美国领土！在这里如果进了小黑屋，毫不夸张的说，可能会是你最无助的时候，没有隐私可言，也没有律师可言帮你，所以这一步，你可以紧张起来。</p>\r\n",
      "category": "posts_process",
      "file": {
        "fieldname": "file",
        "originalname": "picture3_his.png",
        "encoding": "7bit",
        "mimetype": "image/png",
        "destination": "E:\\work\\born\\public\\upload\\posts",
        "filename": "1513590520921-picture3_his.png",
        "path": "\\upload\\posts\\1513590520921-picture3_his.png",
        "size": 36948
      },
      "createdAt": "2017-12-18T09:48:40.934Z",
      "updatedAt": "2017-12-18T09:48:40.934Z",
      "src": "\\upload\\posts\\1513590520921-picture3_his.png"
    },
    {
      "id": "rkoQJfSGM",
      "title": "4.抵达美国",
      "publishedDate": "12/19/2017",
      "published": "true",
      "abstract": "可以放松了",
      "content": "<p>可以放松了</p>\r\n",
      "category": "posts_process",
      "file": {
        "fieldname": "file",
        "originalname": "picture4_his.png",
        "encoding": "7bit",
        "mimetype": "image/png",
        "destination": "E:\\work\\born\\public\\upload\\posts",
        "filename": "1513590562607-picture4_his.png",
        "path": "\\upload\\posts\\1513590562607-picture4_his.png",
        "size": 62723
      },
      "createdAt": "2017-12-18T09:49:22.618Z",
      "updatedAt": "2017-12-18T09:49:22.618Z",
      "src": "\\upload\\posts\\1513590562607-picture4_his.png"
    },
    {
      "id": "SJzwJfrMf",
      "title": "5.预约产检",
      "publishedDate": "12/19/2017",
      "published": "true",
      "abstract": "伴随着第一次产检的结束，王子还是你的公主已经揭晓，爸妈们可以准备孩子出生后要有的物品了。",
      "content": "<p>伴随着第一次产检的结束，王子还是你的公主已经揭晓，爸妈们可以准备孩子出生后要有的物品了。</p>\r\n",
      "category": "posts_process",
      "file": {
        "fieldname": "file",
        "originalname": "history07Img.png",
        "encoding": "7bit",
        "mimetype": "image/png",
        "destination": "E:\\work\\born\\public\\upload\\posts",
        "filename": "1513590618313-history07Img.png",
        "path": "\\upload\\posts\\1513590618313-history07Img.png",
        "size": 137342
      },
      "createdAt": "2017-12-18T09:50:18.321Z",
      "updatedAt": "2017-12-18T09:50:18.321Z",
      "src": "\\upload\\posts\\1513590618313-history07Img.png"
    },
    {
      "id": "rJWpkzSGG",
      "title": "6.静养待产",
      "publishedDate": "12/19/2017",
      "published": "true",
      "abstract": "吃、喝、玩、了！当然不要忘记控制体重！。",
      "content": "<p>吃、喝、玩、了！当然不要忘记控制体重！。</p>\r\n",
      "category": "posts_process",
      "file": {
        "fieldname": "file",
        "originalname": "picture5_his.png",
        "encoding": "7bit",
        "mimetype": "image/png",
        "destination": "E:\\work\\born\\public\\upload\\posts",
        "filename": "1513590713121-picture5_his.png",
        "path": "\\upload\\posts\\1513590713121-picture5_his.png",
        "size": 138048
      },
      "createdAt": "2017-12-18T09:51:53.212Z",
      "updatedAt": "2017-12-18T09:51:53.212Z",
      "src": "\\upload\\posts\\1513590713121-picture5_his.png"
    },
    {
      "id": "B1P-gMSfz",
      "title": "7.宝宝出生",
      "publishedDate": "",
      "published": "true",
      "abstract": "一生中最幸福的时刻！妈妈辛苦了，好好休息。",
      "content": "<p>一生中最幸福的时刻！妈妈辛苦了，好好休息。</p>\r\n",
      "category": "posts_process",
      "file": {
        "fieldname": "file",
        "originalname": "picture6_his.png",
        "encoding": "7bit",
        "mimetype": "image/png",
        "destination": "E:\\work\\born\\public\\upload\\posts",
        "filename": "1513590783384-picture6_his.png",
        "path": "\\upload\\posts\\1513590783384-picture6_his.png",
        "size": 52723
      },
      "createdAt": "2017-12-18T09:53:03.394Z",
      "updatedAt": "2017-12-18T09:53:03.394Z",
      "src": "\\upload\\posts\\1513590783384-picture6_his.png"
    }
  ]
}