{
  "qas": [
    {
      "id": "SJJF8WWMz",
      "title": "赴美咨询",
      "publishedDate": "12/15/2017",
      "published": "true",
      "abstract": "\r\n赴美咨询\r\n\r\n赴美生子常见问答：签证、机票、保险、过海关，产检分娩、宝宝证件办理、回国如何上户口等等",
      "content": "\r\n赴美咨询\r\n\r\n赴美生子常见问答：签证、机票、保险、过海关，产检分娩、宝宝证件办理、回国如何上户口等等\r\n赴美咨询\r\n\r\n赴美生子常见问答：签证、机票、保险、过海关，产检分娩、宝宝证件办理、回国如何上户口等等",
      "createdAt": "2017-12-15T08:23:18.984Z",
      "updatedAt": "2017-12-15T08:23:18.984Z"
    },
    {
      "id": "rJ5hIbWGz",
      "title": "赴美签证",
      "publishedDate": "12/16/2017",
      "published": "true",
      "abstract": "资深顾问详细评估客人条件，免费辅导办理赴美生子诚实签，通过率高达90%以上。",
      "content": "资深顾问详细评估客人条件，免费辅导办理赴美生子诚实签，通过率高达90%以上。资深顾问详细评估客人条件，免费辅导办理赴美生子诚实签，通过率高达90%以上。",
      "file": {
        "fieldname": "file",
        "originalname": "y2.png",
        "encoding": "7bit",
        "mimetype": "image/png",
        "destination": "E:\\work\\born\\public\\upload\\qas",
        "filename": "1513326258437-y2.png",
        "path": "\\upload\\qas\\1513326258437-y2.png",
        "size": 218554
      },
      "createdAt": "2017-12-15T08:24:18.446Z",
      "updatedAt": "2017-12-15T08:24:18.446Z",
      "src": "\\upload\\qas\\1513326258437-y2.png"
    },
    {
      "id": "rJjevbZMz",
      "title": "美宝美妈",
      "publishedDate": "12/16/2017",
      "published": "true",
      "abstract": "宝宝落地美国籍，赢在起跑线，未来更多选择；科学贴心的孕期护理让妈妈在美国舒适待产生活。",
      "content": "宝宝落地美国籍，赢在起跑线，未来更多选择；科学贴心的孕期护理让妈妈在美国舒适待产生活。宝宝落地美国籍，赢在起跑线，未来更多选择；科学贴心的孕期护理让妈妈在美国舒适待产生活。",
      "file": {
        "fieldname": "file",
        "originalname": "banner04.jpg",
        "encoding": "7bit",
        "mimetype": "image/jpeg",
        "destination": "E:\\work\\born\\public\\upload\\qas",
        "filename": "1513326322861-banner04.jpg",
        "path": "\\upload\\qas\\1513326322861-banner04.jpg",
        "size": 369308
      },
      "createdAt": "2017-12-15T08:25:22.920Z",
      "updatedAt": "2017-12-15T08:25:22.920Z",
      "src": "\\upload\\qas\\1513326322861-banner04.jpg"
    },
    {
      "id": "SyRHPbbGM",
      "title": "美国生活",
      "publishedDate": "12/21/2017",
      "published": "false",
      "abstract": "美国生活",
      "content": "定期组织外出购物游玩，各大商场、热门景点、网红餐厅一网打尽！",
      "file": {
        "fieldname": "file",
        "originalname": "banner03.jpg",
        "encoding": "7bit",
        "mimetype": "image/jpeg",
        "destination": "E:\\work\\born\\public\\upload\\qas",
        "filename": "1513326405614-banner03.jpg",
        "path": "\\upload\\qas\\1513326405614-banner03.jpg",
        "size": 498390
      },
      "createdAt": "2017-12-15T08:26:45.681Z",
      "updatedAt": "2017-12-15T08:26:45.681Z",
      "src": "\\upload\\qas\\1513326405614-banner03.jpg"
    },
    {
      "id": "rJcuvWWMG",
      "title": "出生之后",
      "publishedDate": "12/16/2017",
      "published": "true",
      "abstract": "月子中心免费帮助宝宝办理证件，回国后协助上户口，继续跟踪服务，指导美宝家庭未来身份规划。\r\n",
      "content": "月子中心免费帮助宝宝办理证件，回国后协助上户口，继续跟踪服务，指导美宝家庭未来身份规划。\r\n月子中心免费帮助宝宝办理证件，回国后协助上户口，继续跟踪服务，指导美宝家庭未来身份规划。\r\n",
      "file": {
        "fieldname": "file",
        "originalname": "y2.png",
        "encoding": "7bit",
        "mimetype": "image/png",
        "destination": "E:\\work\\born\\public\\upload\\qas",
        "filename": "1513326449820-y2.png",
        "path": "\\upload\\qas\\1513326449820-y2.png",
        "size": 218554
      },
      "createdAt": "2017-12-15T08:27:29.824Z",
      "updatedAt": "2017-12-15T08:27:29.824Z",
      "src": "\\upload\\qas\\1513326449820-y2.png"
    }
  ]
}