{
  "qas": [
    {
      "id": "rkWkhYEVG",
      "title": "赴美生子FQA（一）",
      "publishedDate": "2018-01-11T07:01:44.804Z",
      "published": "true",
      "abstract": "Q：赴美生子，是否合法？\r\n\r\nA:完全合法。在美国出生的孩子获得美国国籍是根据美国宪法第十四修正案自动获得的，合法合理，关于这一点，我们在此前有专门一篇文章做过详细介绍，参阅《赴美生子是什么》。",
      "content": "<p style=\"margin-top: 0px; margin-bottom: 0px; white-space: normal; -webkit-text-stroke: rgb(51, 51, 51); padding: 0px; word-wrap: break-word; word-break: normal; font-size: 14px; font-family: &quot;PingFang SC&quot;; line-height: 2em;\"><span style=\"font-size: 18px; font-family: 华文宋体, STSong;\"><span style=\"line-height: normal;\">Q</span>：赴美生子，是否合法？</span></p><p style=\"margin-top: 0px; margin-bottom: 0px; white-space: normal; -webkit-text-stroke: rgb(51, 51, 51); padding: 0px; word-wrap: break-word; word-break: normal; font-size: 14px; font-family: &quot;PingFang SC&quot;; line-height: 2em;\"><span style=\"font-size: 18px; font-family: 华文宋体, STSong;\"><span style=\"line-height: normal; font-family: &quot;Helvetica Neue&quot;;\">A:</span>完全合法。在美国出生的孩子获得美国国籍是根据美国宪法第十四修正案自动获得的，合法合理。</span></p><p style=\"margin-top: 0px; margin-bottom: 0px; white-space: normal; -webkit-text-stroke: rgb(51, 51, 51); padding: 0px; word-wrap: break-word; word-break: normal; font-size: 14px; font-family: &quot;PingFang SC&quot;; line-height: 2em;\"><span style=\"font-size: 18px; font-family: 华文宋体, STSong;\"><span style=\"line-height: normal; font-family: &quot;Helvetica Neue&quot;;\">Q</span>：赴美生子，为什么很多人去？</span></p><p style=\"margin-top: 0px; margin-bottom: 0px; white-space: normal; -webkit-text-stroke: rgb(51, 51, 51); padding: 0px; word-wrap: break-word; word-break: normal; font-size: 14px; font-family: &quot;PingFang SC&quot;; line-height: 2em;\"><span style=\"font-size: 18px; font-family: 华文宋体, STSong;\"><span style=\"line-height: normal; font-family: &quot;Helvetica Neue&quot;;\">A:</span>这个就是说美国国籍的优势了，参阅本站文章《赴美生子有哪些好处》</span></p><p style=\"margin-top: 0px; margin-bottom: 0px; white-space: normal; -webkit-text-stroke: rgb(51, 51, 51); padding: 0px; word-wrap: break-word; word-break: normal; font-size: 14px; font-family: &quot;PingFang SC&quot;; line-height: 2em;\"><span style=\"font-size: 18px; font-family: 华文宋体, STSong;\"><span style=\"line-height: normal; font-family: &quot;Helvetica Neue&quot;;\">1.</span>自由不设限，这个并非美国特有的优点，所有西方发达国家对于生育都没有任何限制，爱生多少生多少；</span></p><p style=\"margin-top: 0px; margin-bottom: 0px; white-space: normal; -webkit-text-stroke: rgb(51, 51, 51); padding: 0px; word-wrap: break-word; word-break: normal; font-size: 14px; font-family: &quot;PingFang SC&quot;; line-height: 2em;\"><span style=\"font-size: 18px; font-family: 华文宋体, STSong;\"><span style=\"line-height: normal; font-family: &quot;Helvetica Neue&quot;;\">2.</span>教育质量与环境，在教育这一方面，美国独领全球，全球名列前茅的高校基本全在美国，大家耳熟能详的哈佛，斯坦福，麻省理工，加州伯克利，常春藤名校等等，美国的教育环境注重对个体兴趣的发掘，崇尚个人自由，对于培养具有较高独立性，自主、有创造力的人才非常有帮助。</span></p><p style=\"margin-top: 0px; margin-bottom: 0px; white-space: normal; -webkit-text-stroke: rgb(51, 51, 51); padding: 0px; word-wrap: break-word; word-break: normal; font-size: 14px; font-family: &quot;PingFang SC&quot;; line-height: 2em;\"><span style=\"font-size: 18px; font-family: 华文宋体, STSong;\"><span style=\"line-height: normal; font-family: &quot;Helvetica Neue&quot;;\">3.</span>医疗环境，美国医疗环境也是处于领先地位，医院医疗设施齐全，医生每年也要受到专门机构的严格监管和筛查，且医药分离，不用担心医生或者医院为了多获利而过度医疗，在国内看起来很高大上的项目在美国则非常普通，生孩子的产房，基本可以和国内大型医院的<span style=\"line-height: normal; font-family: &quot;Helvetica Neue&quot;;\">vip</span>病房媲美。</span></p><p style=\"margin-top: 0px; margin-bottom: 0px; white-space: normal; -webkit-text-stroke: rgb(51, 51, 51); padding: 0px; word-wrap: break-word; word-break: normal; font-size: 14px; font-family: &quot;PingFang SC&quot;; line-height: 2em;\"><span style=\"font-size: 18px; font-family: 华文宋体, STSong;\"><span style=\"line-height: normal; font-family: &quot;Helvetica Neue&quot;;\">Q</span>：特朗普就任美国总统了，还能去美国生孩子吗？</span></p><p style=\"margin-top: 0px; margin-bottom: 0px; white-space: normal; -webkit-text-stroke: rgb(51, 51, 51); padding: 0px; word-wrap: break-word; word-break: normal; font-size: 14px; font-family: &quot;PingFang SC&quot;; line-height: 2em;\"><span style=\"font-size: 18px; font-family: 华文宋体, STSong;\"><span style=\"line-height: normal; font-family: &quot;Helvetica Neue&quot;;\">A:</span>当然能，特朗普总统已经就任快一年了，对赴美生子没有带来任何影响，而且特朗普总统也只是在竞选宣言中说过要加强对非法移民的打击力度。并且已经在实施，赴美生子不是非法移民，不会受到任何不公平，不合法的对待，美国执法机构，更加而不会针对赴美生子人群，目前未见有任何限制赴美生子的迹象。</span></p><p style=\"margin-top: 0px; margin-bottom: 0px; white-space: normal; -webkit-text-stroke: rgb(51, 51, 51); padding: 0px; word-wrap: break-word; word-break: normal; font-size: 14px; font-family: &quot;PingFang SC&quot;; line-height: 2em;\"><span style=\"font-size: 18px; font-family: 华文宋体, STSong;\"><span style=\"line-height: normal; font-family: &quot;Helvetica Neue&quot;;\">Q</span>：未来，赴美生子会有那些新变化？</span></p><p style=\"margin-top: 0px; margin-bottom: 0px; white-space: normal; -webkit-text-stroke: rgb(51, 51, 51); padding: 0px; word-wrap: break-word; word-break: normal; font-size: 14px; font-family: &quot;PingFang SC&quot;; line-height: 2em;\"><span style=\"font-size: 18px; font-family: 华文宋体, STSong;\"><span style=\"line-height: normal; font-family: &quot;Helvetica Neue&quot;;\">A:</span>人多价涨！从目前来看赴美生子从原来明星、富人渐渐的延伸到现在的中产阶层，中国的中产阶级也是逐渐变大的一个群体，很多人开始渐渐的对赴美生子有了了解，发现这并非某一阶层的专有，所以数量必将会上涨，随之而来的则是赴美生子费用会上涨！例如在美国的月子中心，直营机构，医生，医院，或是其他相关产业的服务等等，并且伴随着汇率的持续上涨，总体费用必将上升。</span></p><p style=\"margin-top: 0px; margin-bottom: 0px; white-space: normal; -webkit-text-stroke: rgb(51, 51, 51); padding: 0px; word-wrap: break-word; word-break: normal; font-size: 14px; font-family: &quot;PingFang SC&quot;; line-height: 2em;\"><span style=\"font-size: 18px; font-family: 华文宋体, STSong;\"><span style=\"line-height: normal; font-family: &quot;Helvetica Neue&quot;;\">Q</span>：什么样的群体适合赴美生子？</span></p><p style=\"margin-top: 0px; margin-bottom: 0px; white-space: normal; -webkit-text-stroke: rgb(51, 51, 51); padding: 0px; word-wrap: break-word; word-break: normal; font-size: 14px; font-family: &quot;PingFang SC&quot;; line-height: 2em;\"><span style=\"font-size: 18px; font-family: 华文宋体, STSong;\"><span style=\"line-height: normal; font-family: &quot;Helvetica Neue&quot;;\">A:</span>赴美生子归根结底还是为了孩子的未来，让孩子的未来能多一个选择，在群体上并没有所谓的适合与否，并不是说一定都要身价数百万以上才可以去美国生宝宝，主要还是看未来的打算，如果未来有去美国生活的打算，即使现在收入不高，也是可以去美国生孩子，因为随着不断的努力生活收入都会越来越高，虽然现在去美国生孩子相比于在国内而言可能是很大一笔支出，可能要一两年的收入，但是放到长远来看，对比长期给孩子的投入来看也就不算什么了。所以如果做父母的有明确的目标，不要担心现在收入不够高，赴美生子一样可以考虑，而且我们生美国际提供的最低档套餐总的花费也就走<span style=\"line-height: normal; font-family: &quot;Helvetica Neue&quot;;\">15</span>万左右，并非遥不可及。</span></p><div><span style=\"font-size: 18px; font-family: 华文宋体, STSong;\"><br/></span></div><p><br/></p>",
      "file": {
        "fieldname": "file",
        "originalname": "2.png",
        "encoding": "7bit",
        "mimetype": "image/png",
        "destination": "E:\\work\\born\\public\\upload\\qas",
        "filename": "1515654104774-2.png",
        "path": "\\upload\\qas\\1515654104774-2.png",
        "size": 161313
      },
      "createdAt": "2018-01-11T07:01:44.805Z",
      "updatedAt": "2018-01-11T07:01:44.805Z",
      "src": "\\upload\\qas\\1515654104774-2.png"
    },
    {
      "id": "ryx42tVNG",
      "title": "赴美生子FQA（二）",
      "publishedDate": "2018-01-11T07:03:03.742Z",
      "published": "true",
      "abstract": "Q：如果现在还没怀孕，但是有在赴美生子，现在可以做些什么呢？\r\n\r\nA:保险和签证，趁着还没有怀孕可以买一份保险，然后再去把美国签证办下来，这个保险不是普通意义上的保险，而是专门针对赴美生子人群的保险，通常是有合资保险公司才有销售，国内一般的保险公司是没有此项业务的，很多人可能都听说过美国的医疗费用非常高，叫个救护车可能都要1000美金，这个并非空穴来风，但是对于美国人而言，如果你有保险，医疗费用在账单上体现的金额虽然非常大，但是实际都是由保险公司来直接结算的，个人承担的非常低，所以并非想象那样吓人，但是对于赴美生子的中国人来说，肯定是不可能有美国保险的，那么生孩子就需要自费，自费价格从几千到上万美金不等，这个保险就是用来报销这笔费用的，这个保险只能在怀孕前购买，并且有一定的等待期。买了这这种保险对于办理美国签证，也会有较大帮助，美国签证现在是十年内不限次，可以提前办理，未来怀孕了，到了快生产前几个月就可以直接前往美国了，避免了其他的未知变数。\r\n",
      "content": "<p style=\"margin-top: 0px; margin-bottom: 0px; white-space: normal; -webkit-text-stroke: rgb(51, 51, 51); padding: 0px; word-wrap: break-word; word-break: normal; font-size: 14px; font-family: &quot;PingFang SC&quot;; line-height: 2em;\"><span style=\"font-size: 18px; font-family: 华文宋体, STSong;\"><span style=\"line-height: normal;\">Q</span>：如果现在还没怀孕，但是有在赴美生子，现在可以做些什么呢？</span></p><p style=\"margin-top: 0px; margin-bottom: 0px; white-space: normal; -webkit-text-stroke: rgb(51, 51, 51); padding: 0px; word-wrap: break-word; word-break: normal; font-size: 14px; font-family: &quot;PingFang SC&quot;; line-height: 2em;\"><span style=\"font-size: 18px; font-family: 华文宋体, STSong;\"><span style=\"line-height: normal; font-family: &quot;Helvetica Neue&quot;;\">A:</span>保险和签证，趁着还没有怀孕可以买一份保险，然后再去把美国签证办下来，这个保险不是普通意义上的保险，而是专门针对赴美生子人群的保险，通常是有合资保险公司才有销售，国内一般的保险公司是没有此项业务的，很多人可能都听说过美国的医疗费用非常高，叫个救护车可能都要<span style=\"line-height: normal; font-family: &quot;Helvetica Neue&quot;;\">1000</span>美金，这个并非空穴来风，但是对于美国人而言，如果你有保险，医疗费用在账单上体现的金额虽然非常大，但是实际都是由保险公司来直接结算的，个人承担的非常低，所以并非想象那样吓人，但是对于赴美生子的中国人来说，肯定是不可能有美国保险的，那么生孩子就需要自费，自费价格从几千到上万美金不等，这个保险就是用来报销这笔费用的，这个保险只能在怀孕前购买，并且有一定的等待期。买了这这种保险对于办理美国签证，也会有较大帮助，美国签证现在是十年内不限次，可以提前办理，未来怀孕了，到了快生产前几个月就可以直接前往美国了，避免了其他的未知变数。</span></p><p style=\"margin-top: 0px; margin-bottom: 0px; white-space: normal; -webkit-text-stroke: rgb(51, 51, 51); padding: 0px; word-wrap: break-word; word-break: normal; font-size: 14px; font-family: &quot;PingFang SC&quot;; line-height: 2em;\"><span style=\"font-size: 18px; font-family: 华文宋体, STSong;\"><span style=\"line-height: normal; font-family: &quot;Helvetica Neue&quot;;\">Q</span>：不会英语对于前往美国生孩子有影响吗？</span></p><p style=\"margin-top: 0px; margin-bottom: 0px; white-space: normal; -webkit-text-stroke: rgb(51, 51, 51); padding: 0px; word-wrap: break-word; word-break: normal; font-size: 14px; font-family: &quot;PingFang SC&quot;; line-height: 2em;\"><span style=\"font-size: 18px; font-family: 华文宋体, STSong;\"><span style=\"font-family: &quot;Helvetica Neue&quot;;\">A:</span>基本上不大，如果你是选择直营机构，月子中心，一般都是全程服务，而且又身处洛杉矶华人区，中文基本可以畅行无阻，但是如果是自行<span style=\"line-height: normal; font-family: &quot;Helvetica Neue&quot;;\">DIY</span>前往美国生孩子的话，有一定英语能力最好，并且如果能够接受培训会更好，但是目前国内从事赴美生子行业的中介或者机构并没有此项业务，生美国际是全国独家可以提供针对<span style=\"line-height: normal; font-family: &quot;Helvetica Neue&quot;;\">DIY</span>自行前往美国生孩子群体培训业务的机构。</span></p><p style=\"margin-top: 0px; margin-bottom: 0px; white-space: normal; -webkit-text-stroke: rgb(51, 51, 51); padding: 0px; word-wrap: break-word; word-break: normal; font-size: 14px; font-family: &quot;PingFang SC&quot;; line-height: 2em;\"><span style=\"font-size: 18px; font-family: 华文宋体, STSong;\"><span style=\"line-height: normal; font-family: &quot;Helvetica Neue&quot;;\">Q</span>：赴美生子，签证何时办理为好？</span></p><p style=\"margin-top: 0px; margin-bottom: 0px; white-space: normal; -webkit-text-stroke: rgb(51, 51, 51); padding: 0px; word-wrap: break-word; word-break: normal; font-size: 14px; font-family: &quot;PingFang SC&quot;; line-height: 2em;\"><span style=\"font-size: 18px; font-family: 华文宋体, STSong;\"><span style=\"font-family: &quot;Helvetica Neue&quot;;\">A:</span>越早越好</span></p><p style=\"margin-top: 0px; margin-bottom: 0px; white-space: normal; -webkit-text-stroke: rgb(51, 51, 51); padding: 0px; word-wrap: break-word; word-break: normal; font-size: 14px; font-family: &quot;PingFang SC&quot;; line-height: 2em;\"><span style=\"font-size: 18px; font-family: 华文宋体, STSong;\"><span style=\"line-height: normal; font-family: &quot;Helvetica Neue&quot;;\">Q</span>：美国签证多久可以办好？</span></p><p style=\"margin-top: 0px; margin-bottom: 0px; white-space: normal; -webkit-text-stroke: rgb(51, 51, 51); padding: 0px; word-wrap: break-word; word-break: normal; font-size: 14px; font-family: &quot;PingFang SC&quot;; line-height: 2em;\"><span style=\"font-size: 18px; font-family: 华文宋体, STSong;\"><span style=\"font-family: &quot;Helvetica Neue&quot;;\">A:</span>加急通常<span style=\"line-height: normal; font-family: &quot;Helvetica Neue&quot;;\">7</span>个工作日左右，这个加急是指预约加急，所以最好留足<span style=\"line-height: normal; font-family: &quot;Helvetica Neue&quot;;\">15</span>天左右的时间，如果你铁了心的想去美国生孩子，留好预产期前<span style=\"line-height: normal; font-family: &quot;Helvetica Neue&quot;;\">20</span>天，一下飞机，通过海关以后直奔产房。不过这个是玩笑，理论上确实可以，但是不建议。</span></p><p style=\"margin-top: 0px; margin-bottom: 0px; white-space: normal; -webkit-text-stroke: rgb(51, 51, 51); padding: 0px; word-wrap: break-word; word-break: normal; font-size: 14px; font-family: &quot;PingFang SC&quot;; line-height: 2em;\"><span style=\"font-size: 18px; font-family: 华文宋体, STSong;\"><span style=\"line-height: normal; font-family: &quot;Helvetica Neue&quot;;\">Q</span>：办理签证拒签怎么办？</span></p><p style=\"margin-top: 0px; margin-bottom: 0px; white-space: normal; -webkit-text-stroke: rgb(51, 51, 51); padding: 0px; word-wrap: break-word; word-break: normal; font-size: 14px; font-family: &quot;PingFang SC&quot;; line-height: 2em;\"><span style=\"font-size: 18px; font-family: 华文宋体, STSong;\"><span style=\"font-family: &quot;Helvetica Neue&quot;;\">A:</span>所以要越早办理越好，因为可以有时间进行二签，甚至三签，针对拒签原因进行分析，重新准备材料。</span></p><p style=\"margin-top: 0px; margin-bottom: 0px; white-space: normal; -webkit-text-stroke: rgb(51, 51, 51); padding: 0px; word-wrap: break-word; word-break: normal; font-size: 14px; font-family: &quot;PingFang SC&quot;; line-height: 2em;\"><span style=\"font-size: 18px; font-family: 华文宋体, STSong;\"><span style=\"line-height: normal; font-family: &quot;Helvetica Neue&quot;;\">Q</span>：有了签证就可以去美国了吗？<span style=\"line-height: normal; font-family: &quot;Helvetica Neue&quot;;\">evus</span>是什么？</span></p><p style=\"margin-top: 0px; margin-bottom: 0px; white-space: normal; -webkit-text-stroke: rgb(51, 51, 51); padding: 0px; word-wrap: break-word; word-break: normal; font-size: 14px; font-family: &quot;PingFang SC&quot;; line-height: 2em;\"><span style=\"font-size: 18px; font-family: 华文宋体, STSong;\"><span style=\"line-height: normal; font-family: &quot;Helvetica Neue&quot;;\">A:2016</span>年<span style=\"line-height: normal; font-family: &quot;Helvetica Neue&quot;;\">&nbsp;11</span>月<span style=\"line-height: normal; font-family: &quot;Helvetica Neue&quot;;\">29</span>日开始，想要前往美国，必须在美国海关的<span style=\"line-height: normal; font-family: &quot;Helvetica Neue&quot;;\">evus</span>系统登记更新你的个人信息才能前往，包括老人、小孩都需要登记，大家无需过多担忧，这个只是针对美国签证的信息更新而已，非常简单，按指导操作即可。</span></p><p style=\"margin-top: 0px; margin-bottom: 0px; white-space: normal; -webkit-text-stroke: rgb(51, 51, 51); padding: 0px; word-wrap: break-word; word-break: normal; font-size: 14px; font-family: &quot;PingFang SC&quot;; line-height: 2em;\"><span style=\"font-size: 18px; font-family: 华文宋体, STSong;\"><span style=\"line-height: normal; font-family: &quot;Helvetica Neue&quot;;\">Q</span>：如何登记<span style=\"line-height: normal; font-family: &quot;Helvetica Neue&quot;;\">evus</span>？</span></p><p style=\"margin-top: 0px; margin-bottom: 0px; white-space: normal; -webkit-text-stroke: rgb(51, 51, 51); padding: 0px; word-wrap: break-word; word-break: normal; font-size: 14px; font-family: &quot;PingFang SC&quot;; line-height: 2em;\"><span style=\"font-size: 18px; font-family: 华文宋体, STSong;\"><span style=\"font-family: &quot;Helvetica Neue&quot;;\">A:</span>登记地址：<a href=\"http://undefined\" style=\"color: rgb(102, 102, 102);\"><span style=\"line-height: normal; font-family: &quot;Helvetica Neue&quot;; color: rgb(45, 100, 179); -webkit-text-stroke-color: rgb(45, 100, 179);\">https://www.evus.gov/evus/#/</span></a>按步骤填写信息，注意除了特别标注以外，都必须用英文填写。填写</span><span style=\"font-size: 18px; font-family: 华文宋体, STSong;\"><span style=\"line-height: normal; font-family: &quot;Helvetica Neue&quot;;\">evus</span>信息切记慎重，如果填错可能导致<span style=\"line-height: normal; font-family: &quot;Helvetica Neue&quot;;\">10</span>年签证被注销。如果登记不成功，可<span style=\"line-height: normal; font-family: &quot;Helvetica Neue&quot;;\">24</span>小时后重新登记。</span></p><p style=\"margin-top: 0px; margin-bottom: 0px; white-space: normal; -webkit-text-stroke: rgb(51, 51, 51); padding: 0px; word-wrap: break-word; word-break: normal; font-size: 14px; font-family: &quot;PingFang SC&quot;; line-height: 2em;\"><span style=\"font-size: 18px; font-family: 华文宋体, STSong;\"><span style=\"line-height: normal; font-family: &quot;Helvetica Neue&quot;;\">Q</span>：什么时候可以到你们那里预定呢？</span></p><p style=\"margin-top: 0px; margin-bottom: 0px; white-space: normal; -webkit-text-stroke: rgb(51, 51, 51); padding: 0px; word-wrap: break-word; word-break: normal; font-size: 14px; font-family: &quot;PingFang SC&quot;; line-height: 2em;\"><span style=\"font-size: 18px; font-family: 华文宋体, STSong;\"><span style=\"font-family: &quot;Helvetica Neue&quot;;\">A:</span>越早越好，越早订，可以选择的房间就会越充足，并且优惠也会越大。</span></p><p style=\"margin-top: 0px; margin-bottom: 0px; white-space: normal; -webkit-text-stroke: rgb(51, 51, 51); padding: 0px; word-wrap: break-word; word-break: normal; font-size: 14px; font-family: &quot;PingFang SC&quot;; line-height: 2em;\"><span style=\"font-size: 18px; font-family: 华文宋体, STSong;\"><span style=\"line-height: normal; font-family: &quot;Helvetica Neue&quot;;\">Q</span>：前往美国前需要预定好医生吗？</span></p><p style=\"margin-top: 0px; margin-bottom: 0px; white-space: normal; -webkit-text-stroke: rgb(51, 51, 51); padding: 0px; word-wrap: break-word; word-break: normal; font-size: 14px; font-family: &quot;PingFang SC&quot;; line-height: 2em;\"><span style=\"font-size: 18px; font-family: 华文宋体, STSong;\"><span style=\"font-family: &quot;Helvetica Neue&quot;;\">A:</span>办理签证时，我们就已经为你预约好医生了，因为办理美国签证时大使馆需要有医生的预约信息，预约医生可能会付一点预约费用，但是后期是可以抵扣掉的。</span></p><p style=\"margin-top: 0px; margin-bottom: 0px; white-space: normal; -webkit-text-stroke: rgb(51, 51, 51); padding: 0px; word-wrap: break-word; word-break: normal; font-size: 14px; font-family: &quot;PingFang SC&quot;; line-height: 2em;\"><span style=\"font-size: 18px; font-family: 华文宋体, STSong;\"><span style=\"line-height: normal; font-family: &quot;Helvetica Neue&quot;;\">Q</span>：赴美生子能买单程机票吗？</span></p><p style=\"margin-top: 0px; margin-bottom: 0px; white-space: normal; -webkit-text-stroke: rgb(51, 51, 51); padding: 0px; word-wrap: break-word; word-break: normal; font-size: 14px; font-family: &quot;PingFang SC&quot;; line-height: 2em;\"><span style=\"font-size: 18px; font-family: 华文宋体, STSong;\"><span style=\"font-family: &quot;Helvetica Neue&quot;;\">A:</span>不要买单程票，否则海关可能会拒绝入境，买双程票，可以改签的就<span style=\"line-height: normal; font-family: &quot;Helvetica Neue&quot;;\">OK</span>，后期宝宝出生以后还可以再增加婴儿票。</span></p><p><br/></p>",
      "file": {
        "fieldname": "file",
        "originalname": "0.png",
        "encoding": "7bit",
        "mimetype": "image/png",
        "destination": "E:\\work\\born\\public\\upload\\qas",
        "filename": "1515654183696-0.png",
        "path": "\\upload\\qas\\1515654183696-0.png",
        "size": 707952
      },
      "createdAt": "2018-01-11T07:03:03.742Z",
      "updatedAt": "2018-01-11T07:03:03.742Z",
      "src": "\\upload\\qas\\1515654183696-0.png"
    },
    {
      "id": "BykLhFEEM",
      "title": "赴美生子FQA（三）",
      "publishedDate": "2018-01-11T07:03:34.637Z",
      "published": "true",
      "abstract": "Q：妈妈们大概在怀孕几个月的时候去美国比较好？\r\n\r\nA:一般我们建议妈妈们在32周前一点出发，因为美国签证最多只给6个月的停留期，最好不要用完，否则下次可能入境会遇阻，所以如果太早入境，必定会导致在美停留期的增加。然而航空公司又规定怀孕超过8个月（32周），不足9个月（36周）的健康孕妇乘机，要提供72小时内开具的省级以上医疗单位盖章的《诊断证明书》，为了避免麻烦，略早于32周最好。",
      "content": "<p style=\"margin-top: 0px; margin-bottom: 0px; white-space: normal; -webkit-text-stroke: rgb(51, 51, 51); padding: 0px; word-wrap: break-word; word-break: normal; font-size: 14px; font-family: &quot;PingFang SC&quot;; line-height: 2em;\"><span style=\"font-size: 18px; font-family: 华文宋体, STSong;\"><span style=\"line-height: normal;\">Q</span>：妈妈们大概在怀孕几个月的时候去美国比较好？</span></p><p style=\"margin-top: 0px; margin-bottom: 0px; white-space: normal; -webkit-text-stroke: rgb(51, 51, 51); padding: 0px; word-wrap: break-word; word-break: normal; font-size: 14px; font-family: &quot;PingFang SC&quot;; line-height: 2em;\"><span style=\"font-size: 18px; font-family: 华文宋体, STSong;\"><span style=\"line-height: normal; font-family: &quot;Helvetica Neue&quot;;\">A:</span>一般我们建议妈妈们在<span style=\"line-height: normal; font-family: &quot;Helvetica Neue&quot;;\">32</span>周前一点出发，因为美国签证最多只给<span style=\"line-height: normal; font-family: &quot;Helvetica Neue&quot;;\">6</span>个月的停留期，最好不要用完，否则下次可能入境会遇阻，所以如果太早入境，必定会导致在美停留期的增加。然而航空公司又规定怀孕超过<span style=\"line-height: normal; font-family: &quot;Helvetica Neue&quot;;\">8</span>个月（<span style=\"line-height: normal; font-family: &quot;Helvetica Neue&quot;;\">32</span>周），不足<span style=\"line-height: normal; font-family: &quot;Helvetica Neue&quot;;\">9</span>个月（<span style=\"line-height: normal; font-family: &quot;Helvetica Neue&quot;;\">36</span>周）的健康孕妇乘机，要提供<span style=\"line-height: normal; font-family: &quot;Helvetica Neue&quot;;\">72</span>小时内开具的省级以上医疗单位盖章的《诊断证明书》，为了避免麻烦，略早于<span style=\"line-height: normal; font-family: &quot;Helvetica Neue&quot;;\">32</span>周最好。</span></p><p style=\"margin-top: 0px; margin-bottom: 0px; white-space: normal; -webkit-text-stroke: rgb(51, 51, 51); padding: 0px; word-wrap: break-word; word-break: normal; font-size: 14px; font-family: &quot;PingFang SC&quot;; line-height: 2em;\"><span style=\"font-size: 18px; font-family: 华文宋体, STSong;\"><span style=\"line-height: normal; font-family: &quot;Helvetica Neue&quot;;\">Q</span>：孕妇登机有什么特殊待遇？</span></p><p style=\"margin-top: 0px; margin-bottom: 0px; white-space: normal; -webkit-text-stroke: rgb(51, 51, 51); padding: 0px; word-wrap: break-word; word-break: normal; font-size: 14px; font-family: &quot;PingFang SC&quot;; line-height: 2em;\"><span style=\"font-size: 18px; font-family: 华文宋体, STSong;\"><span style=\"line-height: normal; font-family: &quot;Helvetica Neue&quot;;\">A:</span>孕妇通常有特殊通道，人少，安检时可以不走机器，避免辐射。登机后，如果有特别需求，空乘会额外提供，国际航班对待特殊人群提供的服务一般还是很好的，设施设备也比较齐全。</span></p><p style=\"margin-top: 0px; margin-bottom: 0px; white-space: normal; -webkit-text-stroke: rgb(51, 51, 51); padding: 0px; word-wrap: break-word; word-break: normal; font-size: 14px; font-family: &quot;PingFang SC&quot;; line-height: 2em;\"><span style=\"font-size: 18px; font-family: 华文宋体, STSong;\"><span style=\"line-height: normal; font-family: &quot;Helvetica Neue&quot;;\">Q</span>：老公一般什么时候过去陪产？中途回国后生产时来美国会被拒吗？</span></p><p style=\"margin-top: 0px; margin-bottom: 0px; white-space: normal; -webkit-text-stroke: rgb(51, 51, 51); padding: 0px; word-wrap: break-word; word-break: normal; font-size: 14px; font-family: &quot;PingFang SC&quot;; line-height: 2em;\"><span style=\"font-size: 18px; font-family: 华文宋体, STSong;\"><span style=\"line-height: normal; font-family: &quot;Helvetica Neue&quot;;\">A:</span>看你选择什么机构，在我们生美如果你选择<span style=\"line-height: normal; font-family: &quot;Helvetica Neue&quot;;\">DIY</span>套餐，那么老公肯定要全程陪同的，如果是其他套餐，基本上可以全程不需要人陪同，当然宝宝快出生的时候，老公可以过来；也有的老公是先陪老婆一起到美国，安顿好以后再回国，临近生产时再次前往美国，都是可以的，只要向海关如实说明，不用担心被拒</span></p><p style=\"margin-top: 0px; margin-bottom: 0px; white-space: normal; -webkit-text-stroke: rgb(51, 51, 51); padding: 0px; word-wrap: break-word; word-break: normal; font-size: 14px; font-family: &quot;PingFang SC&quot;; line-height: 2em;\"><span style=\"font-size: 18px; font-family: 华文宋体, STSong;\"><span style=\"line-height: normal; font-family: &quot;Helvetica Neue&quot;;\">Q</span>：过海关能带多少现金？</span></p><p style=\"margin-top: 0px; margin-bottom: 0px; white-space: normal; -webkit-text-stroke: rgb(51, 51, 51); padding: 0px; word-wrap: break-word; word-break: normal; font-size: 14px; font-family: &quot;PingFang SC&quot;; line-height: 2em;\"><span style=\"font-size: 18px; font-family: 华文宋体, STSong;\"><span style=\"line-height: normal; font-family: &quot;Helvetica Neue&quot;;\">A:1</span>万美金以下免申报，超过要申报，会麻烦一些，不过也不是不可以，准备好资金来源的文件，证明其合法性，并且告知用途就<span style=\"line-height: normal; font-family: &quot;Helvetica Neue&quot;;\">OK</span>。不要为了省事而不申报，否则被没收遣返，后悔莫及。</span></p><p style=\"margin-top: 0px; margin-bottom: 0px; white-space: normal; -webkit-text-stroke: rgb(51, 51, 51); padding: 0px; word-wrap: break-word; word-break: normal; font-size: 14px; font-family: &quot;PingFang SC&quot;; line-height: 2em;\"><span style=\"font-size: 18px; font-family: 华文宋体, STSong;\"><span style=\"line-height: normal; font-family: &quot;Helvetica Neue&quot;;\">Q</span>：入关拿到的停留期长短跟英语好不好有关系吗？</span></p><p style=\"margin-top: 0px; margin-bottom: 0px; white-space: normal; -webkit-text-stroke: rgb(51, 51, 51); padding: 0px; word-wrap: break-word; word-break: normal; font-size: 14px; font-family: &quot;PingFang SC&quot;; line-height: 2em;\"><span style=\"font-size: 18px; font-family: 华文宋体, STSong;\"><span style=\"line-height: normal; font-family: &quot;Helvetica Neue&quot;;\">A:</span>风马牛不相及，无需担心，海关有翻译，可以告知海关你不会英语，海关会全程给你翻译的；切忌不懂装懂。</span></p><p style=\"margin-top: 0px; margin-bottom: 0px; white-space: normal; -webkit-text-stroke: rgb(51, 51, 51); padding: 0px; word-wrap: break-word; word-break: normal; font-size: 14px; font-family: &quot;PingFang SC&quot;; line-height: 2em;\"><span style=\"font-size: 18px; font-family: 华文宋体, STSong;\"><span style=\"line-height: normal; font-family: &quot;Helvetica Neue&quot;;\">Q</span>：海关一般会问哪些问题？</span></p><p style=\"margin-top: 0px; margin-bottom: 0px; white-space: normal; -webkit-text-stroke: rgb(51, 51, 51); padding: 0px; word-wrap: break-word; word-break: normal; font-size: 14px; font-family: &quot;PingFang SC&quot;; line-height: 2em;\"><span style=\"font-size: 18px; font-family: 华文宋体, STSong;\"><span style=\"line-height: normal; font-family: &quot;Helvetica Neue&quot;;\">A:</span>海关的问题很有哲理，也很简单粗暴</span></p><p style=\"margin-top: 0px; margin-bottom: 0px; white-space: normal; -webkit-text-stroke: rgb(51, 51, 51); padding: 0px; word-wrap: break-word; word-break: normal; font-size: 14px; font-family: &quot;PingFang SC&quot;; line-height: 2em;\"><span style=\"font-size: 18px; font-family: 华文宋体, STSong;\">你是谁，来自哪里，到哪里去，去干什么，有多少钱。如实回答并且提供我们建议准备的相关文件即可，然后放行</span></p><p style=\"margin-top: 0px; margin-bottom: 0px; white-space: normal; -webkit-text-stroke: rgb(51, 51, 51); padding: 0px; word-wrap: break-word; word-break: normal; font-size: 14px; font-family: &quot;PingFang SC&quot;; line-height: 2em;\"><span style=\"font-size: 18px; font-family: 华文宋体, STSong;\"><span style=\"line-height: normal; font-family: &quot;Helvetica Neue&quot;;\">Q</span>：为什么大多数赴美生子的妈妈都在洛杉矶？</span></p><p style=\"margin-top: 0px; margin-bottom: 0px; white-space: normal; -webkit-text-stroke: rgb(51, 51, 51); padding: 0px; word-wrap: break-word; word-break: normal; font-size: 14px; font-family: &quot;PingFang SC&quot;; line-height: 2em;\"><span style=\"font-size: 18px; font-family: 华文宋体, STSong;\"><span style=\"line-height: normal; font-family: &quot;Helvetica Neue&quot;;\">A:</span>产业发达完备，之前我们也有文章详细说明过，可以移步生美国际赴美生子的官网查阅。</span></p><p style=\"margin-top: 0px; margin-bottom: 0px; white-space: normal; -webkit-text-stroke: rgb(51, 51, 51); padding: 0px; word-wrap: break-word; word-break: normal; font-size: 14px; font-family: &quot;PingFang SC&quot;; line-height: 2em;\"><span style=\"font-size: 18px; font-family: 华文宋体, STSong;\"><span style=\"line-height: normal; font-family: &quot;Helvetica Neue&quot;;\">Q</span>：到美国后，有司机接我们到住所吗？</span></p><p style=\"margin-top: 0px; margin-bottom: 0px; white-space: normal; -webkit-text-stroke: rgb(51, 51, 51); padding: 0px; word-wrap: break-word; word-break: normal; font-size: 14px; font-family: &quot;PingFang SC&quot;; line-height: 2em;\"><span style=\"font-size: 18px; font-family: 华文宋体, STSong;\"><span style=\"line-height: normal; font-family: &quot;Helvetica Neue&quot;;\">A:</span>必须的。</span></p><p style=\"margin-top: 0px; margin-bottom: 0px; white-space: normal; -webkit-text-stroke: rgb(51, 51, 51); padding: 0px; word-wrap: break-word; word-break: normal; font-size: 14px; font-family: &quot;PingFang SC&quot;; line-height: 2em;\"><span style=\"font-size: 18px; font-family: 华文宋体, STSong;\"><span style=\"line-height: normal; font-family: &quot;Helvetica Neue&quot;;\">Q</span>：到了美国，可以拿中国驾照租车吗？</span></p><p style=\"margin-top: 0px; margin-bottom: 0px; white-space: normal; -webkit-text-stroke: rgb(51, 51, 51); padding: 0px; word-wrap: break-word; word-break: normal; font-size: 14px; font-family: &quot;PingFang SC&quot;; line-height: 2em;\"><span style=\"font-size: 18px; font-family: 华文宋体, STSong;\"><span style=\"line-height: normal; font-family: &quot;Helvetica Neue&quot;;\">A:</span>当然，中国驾照基本可以畅行美国，加州也是可以的，少数州不可以，我们在培训时都会详细讲解。</span></p><p style=\"margin-top: 0px; margin-bottom: 0px; white-space: normal; -webkit-text-stroke: rgb(51, 51, 51); padding: 0px; word-wrap: break-word; word-break: normal; font-size: 14px; font-family: &quot;PingFang SC&quot;; line-height: 2em;\"><span style=\"font-size: 18px; font-family: 华文宋体, STSong;\"><span style=\"line-height: normal; font-family: &quot;Helvetica Neue&quot;;\">Q</span>：在美国，大家通常都使用哪些信用卡？</span></p><p style=\"margin-top: 0px; margin-bottom: 0px; white-space: normal; -webkit-text-stroke: rgb(51, 51, 51); padding: 0px; word-wrap: break-word; word-break: normal; font-size: 14px; font-family: &quot;PingFang SC&quot;; line-height: 2em;\"><span style=\"font-size: 18px; font-family: 华文宋体, STSong;\"><span style=\"line-height: normal; font-family: &quot;Helvetica Neue&quot;;\">A:</span>最常使用的信用卡是万事达卡（<span style=\"line-height: normal; font-family: &quot;Helvetica Neue&quot;;\">MQster</span>）、（<span style=\"line-height: normal; font-family: &quot;Helvetica Neue&quot;;\">VISQ</span>）及美国运通卡（<span style=\"line-height: normal; font-family: &quot;Helvetica Neue&quot;;\">QMEX</span>）、和发现卡<span style=\"line-height: normal; font-family: &quot;Helvetica Neue&quot;;\">(Discover)</span>，中国的银联在美国的部分商场也是可以使用，但是最好申请一张全币卡，通行美国不受阻。</span></p><div style=\"white-space: normal;\"><span style=\"font-size: 18px; font-family: 华文宋体, STSong;\"><br/></span></div><p><br/></p>",
      "file": {
        "fieldname": "file",
        "originalname": "1.png",
        "encoding": "7bit",
        "mimetype": "image/png",
        "destination": "E:\\work\\born\\public\\upload\\qas",
        "filename": "1515654214608-1.png",
        "path": "\\upload\\qas\\1515654214608-1.png",
        "size": 101817
      },
      "createdAt": "2018-01-11T07:03:34.637Z",
      "updatedAt": "2018-01-11T07:03:34.637Z",
      "src": "\\upload\\qas\\1515654214608-1.png"
    },
    {
      "id": "rkgdnF44f",
      "title": "赴美生子FQA（四）",
      "publishedDate": "2018-01-11T07:04:07.850Z",
      "published": "true",
      "abstract": "Q：洛杉矶有什么购物地方？\r\n\r\nA:太多了，看你需要购买什么了，化妆品基本各个奥特莱斯都有，普通品牌在奥特莱斯也都可以找到，要购买奢侈品，棕榈泉奥特莱斯不可不去。如果宝宝出生以后要买奶粉，各大超市就可以找到，价格不高，而且质量无需担忧，更不存在什么限购。还有一些保健品在很多超市也都可以购买到，如果你不知道买什么东西带回国，可以参阅我们官网的文章《赴美生子值得购买的产品》持续更新中。。。",
      "content": "<p style=\"margin-top: 0px; margin-bottom: 0px; white-space: normal; -webkit-text-stroke: rgb(51, 51, 51); padding: 0px; word-wrap: break-word; word-break: normal; font-stretch: normal; font-size: 14px; font-family: &quot;PingFang SC&quot;; line-height: 2em;\"><span style=\"font-size: 18px; font-family: 华文宋体, STSong;\"><span style=\"font-stretch: normal; line-height: normal;\">Q</span>：洛杉矶有什么购物地方？</span></p><p style=\"margin-top: 0px; margin-bottom: 0px; white-space: normal; -webkit-text-stroke: rgb(51, 51, 51); padding: 0px; word-wrap: break-word; word-break: normal; font-stretch: normal; font-size: 14px; font-family: &quot;PingFang SC&quot;; line-height: 2em;\"><span style=\"font-size: 18px; font-family: 华文宋体, STSong;\"><span style=\"font-stretch: normal; line-height: normal; font-family: &quot;Helvetica Neue&quot;;\">A:</span>太多了，看你需要购买什么了，化妆品基本各个奥特莱斯都有，普通品牌在奥特莱斯也都可以找到，要购买奢侈品，棕榈泉奥特莱斯不可不去。如果宝宝出生以后要买奶粉，各大超市就可以找到，价格不高，而且质量无需担忧，更不存在什么限购。还有一些保健品在很多超市也都可以购买到，如果你不知道买什么东西带回国，可以参阅我们官网的文章《赴美生子值得购买的产品》持续更新中。。。</span></p><p style=\"margin-top: 0px; margin-bottom: 0px; white-space: normal; -webkit-text-stroke: rgb(51, 51, 51); padding: 0px; word-wrap: break-word; word-break: normal; font-stretch: normal; font-size: 14px; font-family: &quot;PingFang SC&quot;; line-height: 2em;\"><span style=\"font-size: 18px; font-family: 华文宋体, STSong;\"><span style=\"font-stretch: normal; line-height: normal; font-family: &quot;Helvetica Neue&quot;;\">Q</span>：洛杉矶有什么好玩的地方？</span></p><p style=\"margin-top: 0px; margin-bottom: 0px; white-space: normal; -webkit-text-stroke: rgb(51, 51, 51); padding: 0px; word-wrap: break-word; word-break: normal; font-stretch: normal; font-size: 14px; font-family: &quot;PingFang SC&quot;; line-height: 2em;\"><span style=\"font-size: 18px; font-family: 华文宋体, STSong;\"><span style=\"font-stretch: normal; line-height: normal; font-family: &quot;Helvetica Neue&quot;;\">A:</span>太多了，环球影城，迪士尼乐园，星光大道，长滩，圣塔莫妮卡海滩等等不胜枚举</span></p><p style=\"margin-top: 0px; margin-bottom: 0px; white-space: normal; -webkit-text-stroke: rgb(51, 51, 51); padding: 0px; word-wrap: break-word; word-break: normal; font-stretch: normal; font-size: 14px; font-family: &quot;PingFang SC&quot;; line-height: 2em;\"><span style=\"font-size: 18px; font-family: 华文宋体, STSong;\"><span style=\"font-stretch: normal; line-height: normal; font-family: &quot;Helvetica Neue&quot;;\">Q</span>：到美国要给小费吗？</span></p><p style=\"margin-top: 0px; margin-bottom: 0px; white-space: normal; -webkit-text-stroke: rgb(51, 51, 51); padding: 0px; word-wrap: break-word; word-break: normal; font-stretch: normal; font-size: 14px; font-family: &quot;PingFang SC&quot;; line-height: 2em;\"><span style=\"font-size: 18px; font-family: 华文宋体, STSong;\"><span style=\"font-stretch: normal; line-height: normal; font-family: &quot;Helvetica Neue&quot;;\">A:</span>如果你在外面消费接受了别人的服务，是要给小费的，美国本身是发达国家，第三产业也就是服务业非常发达，同时也是一个小费国家，小费是服务从业人员很重要的收入来源，所以一定要给，所谓入乡随俗。也发生过不少游客不给小费的情况，所以很多服务场所会把小费加在账单中，大约<span style=\"font-stretch: normal; line-height: normal; font-family: &quot;Helvetica Neue&quot;;\">14%</span>左右，如果账单中有，可以不用给了。很多月子中心也会收取各式的小费，不过在我们生美这里，是不收小费的，各位无需担心。</span></p><p style=\"margin-top: 0px; margin-bottom: 0px; white-space: normal; -webkit-text-stroke: rgb(51, 51, 51); padding: 0px; word-wrap: break-word; word-break: normal; font-stretch: normal; font-size: 14px; font-family: &quot;PingFang SC&quot;; line-height: 2em;\"><span style=\"font-size: 18px; font-family: 华文宋体, STSong;\"><span style=\"font-stretch: normal; line-height: normal; font-family: &quot;Helvetica Neue&quot;;\">Q</span>：在美国有急发情况的时候应该拔打什么电话？</span></p><p style=\"margin-top: 0px; margin-bottom: 0px; white-space: normal; -webkit-text-stroke: rgb(51, 51, 51); padding: 0px; word-wrap: break-word; word-break: normal; font-stretch: normal; font-size: 14px; font-family: &quot;PingFang SC&quot;; line-height: 2em;\"><span style=\"font-size: 18px; font-family: 华文宋体, STSong;\"><span style=\"font-stretch: normal; line-height: normal; font-family: &quot;Helvetica Neue&quot;;\">A:</span>紧急情况<span style=\"font-stretch: normal; line-height: normal; font-family: &quot;Helvetica Neue&quot;;\">911</span>，包含了警察，救护，消防。一般情况找我们在美国给你安排的服务人员就<span style=\"font-stretch: normal; line-height: normal; font-family: &quot;Helvetica Neue&quot;;\">OK</span>。</span></p><p style=\"margin-top: 0px; margin-bottom: 0px; white-space: normal; -webkit-text-stroke: rgb(51, 51, 51); padding: 0px; word-wrap: break-word; word-break: normal; font-stretch: normal; font-size: 14px; font-family: &quot;PingFang SC&quot;; line-height: 2em;\"><span style=\"font-size: 18px; font-family: 华文宋体, STSong;\"><span style=\"font-stretch: normal; line-height: normal; font-family: &quot;Helvetica Neue&quot;;\">Q</span>：美国的电压、频率、插座跟国内有什么差别？</span></p><p style=\"margin-top: 0px; margin-bottom: 0px; white-space: normal; -webkit-text-stroke: rgb(51, 51, 51); padding: 0px; word-wrap: break-word; word-break: normal; font-stretch: normal; font-size: 14px; font-family: &quot;PingFang SC&quot;; line-height: 2em;\"><span style=\"font-size: 18px; font-family: 华文宋体, STSong;\"><span style=\"font-stretch: normal; line-height: normal; font-family: &quot;Helvetica Neue&quot;;\">A:</span>美国<span style=\"font-stretch: normal; line-height: normal; font-family: &quot;Helvetica Neue&quot;;\">110V</span>电压，手机或者电脑之类的数码产品充电器可以直接用，其他电器需要转换。</span></p><p style=\"margin-top: 0px; margin-bottom: 0px; white-space: normal; -webkit-text-stroke: rgb(51, 51, 51); padding: 0px; word-wrap: break-word; word-break: normal; font-stretch: normal; font-size: 14px; font-family: &quot;PingFang SC&quot;; line-height: 2em;\"><span style=\"font-size: 18px; font-family: 华文宋体, STSong;\"><span style=\"font-stretch: normal; line-height: normal; font-family: &quot;Helvetica Neue&quot;;\">Q</span>：美国的医生跟国内的有什么不同？</span></p><p style=\"margin-top: 0px; margin-bottom: 0px; white-space: normal; -webkit-text-stroke: rgb(51, 51, 51); padding: 0px; word-wrap: break-word; word-break: normal; font-stretch: normal; font-size: 14px; font-family: &quot;PingFang SC&quot;; line-height: 2em;\"><span style=\"font-size: 18px; font-family: 华文宋体, STSong;\"><span style=\"font-stretch: normal; line-height: normal; font-family: &quot;Helvetica Neue&quot;;\">A:</span>医生不在医院，而在自己的诊所，产检在一个地方，生产在另外一个地方。</span></p><p style=\"margin-top: 0px; margin-bottom: 0px; white-space: normal; -webkit-text-stroke: rgb(51, 51, 51); padding: 0px; word-wrap: break-word; word-break: normal; font-stretch: normal; font-size: 14px; font-family: &quot;PingFang SC&quot;; line-height: 2em;\"><span style=\"font-size: 18px; font-family: 华文宋体, STSong;\"><span style=\"font-stretch: normal; line-height: normal; font-family: &quot;Helvetica Neue&quot;;\">Q</span>：医生和医院可以刷卡吗？信用卡行吗？</span></p><p style=\"margin-top: 0px; margin-bottom: 0px; white-space: normal; -webkit-text-stroke: rgb(51, 51, 51); padding: 0px; word-wrap: break-word; word-break: normal; font-stretch: normal; font-size: 14px; font-family: &quot;PingFang SC&quot;; line-height: 2em;\"><span style=\"font-size: 18px; font-family: 华文宋体, STSong;\"><span style=\"font-stretch: normal; line-height: normal; font-family: &quot;Helvetica Neue&quot;;\">A:</span>医生现金，医院现金刷卡均可</span></p><p style=\"margin-top: 0px; margin-bottom: 0px; white-space: normal; -webkit-text-stroke: rgb(51, 51, 51); padding: 0px; word-wrap: break-word; word-break: normal; font-stretch: normal; font-size: 14px; font-family: &quot;PingFang SC&quot;; line-height: 2em;\"><span style=\"font-size: 18px; font-family: 华文宋体, STSong;\"><span style=\"font-stretch: normal; line-height: normal; font-family: &quot;Helvetica Neue&quot;;\">Q</span>：如果妈妈单独一个人去美国，在生产时没人照顾该怎么办？</span></p><p style=\"margin-top: 0px; margin-bottom: 0px; white-space: normal; -webkit-text-stroke: rgb(51, 51, 51); padding: 0px; word-wrap: break-word; word-break: normal; font-stretch: normal; font-size: 14px; font-family: &quot;PingFang SC&quot;; line-height: 2em;\"><span style=\"font-size: 18px; font-family: 华文宋体, STSong;\"><span style=\"font-stretch: normal; line-height: normal; font-family: &quot;Helvetica Neue&quot;;\">A:</span>我们全程照料陪同，不过如果是要单独陪产，需另外收费。</span></p><p style=\"margin-top: 0px; margin-bottom: 0px; white-space: normal; -webkit-text-stroke: rgb(51, 51, 51); padding: 0px; word-wrap: break-word; word-break: normal; font-stretch: normal; font-size: 14px; font-family: &quot;PingFang SC&quot;; line-height: 2em;\"><span style=\"font-size: 18px; font-family: 华文宋体, STSong;\"><span style=\"font-stretch: normal; line-height: normal; font-family: &quot;Helvetica Neue&quot;;\">Q</span>：在美国，顺产和剖腹产在医院要住多久？</span></p><p style=\"margin-top: 0px; margin-bottom: 0px; white-space: normal; -webkit-text-stroke: rgb(51, 51, 51); padding: 0px; word-wrap: break-word; word-break: normal; font-stretch: normal; font-size: 14px; font-family: &quot;PingFang SC&quot;; line-height: 2em;\"><span style=\"font-size: 18px; font-family: 华文宋体, STSong;\"><span style=\"font-stretch: normal; line-height: normal; font-family: &quot;Helvetica Neue&quot;;\">A:</span>通常，顺产在医院不超过<span style=\"font-stretch: normal; line-height: normal; font-family: &quot;Helvetica Neue&quot;;\">24</span>小时，剖腹产会久一些，可能<span style=\"font-stretch: normal; line-height: normal; font-family: &quot;Helvetica Neue&quot;;\">3-5</span>天，按天收费。但是美国医院无论设备，还是医护人员都是比较<span style=\"font-stretch: normal; line-height: normal; font-family: &quot;Helvetica Neue&quot;;\">nice</span>的，定期会过来查看登记，有什么需要都会第一时间得到解决。</span></p><div><span style=\"font-size: 18px; font-family: 华文宋体, STSong;\"><br/></span></div><p><br/></p>",
      "file": {
        "fieldname": "file",
        "originalname": "6.png",
        "encoding": "7bit",
        "mimetype": "image/png",
        "destination": "E:\\work\\born\\public\\upload\\qas",
        "filename": "1515654247766-6.png",
        "path": "\\upload\\qas\\1515654247766-6.png",
        "size": 456524
      },
      "createdAt": "2018-01-11T07:04:07.850Z",
      "updatedAt": "2018-01-11T07:04:07.850Z",
      "src": "\\upload\\qas\\1515654247766-6.png"
    },
    {
      "id": "H1gn3KVVG",
      "title": "DIY赴美生子适合哪些人，有哪些好处和弊端？",
      "publishedDate": "2018-01-11T07:05:12.241Z",
      "published": "true",
      "abstract": "DIY赴美生子适合哪些人，有哪些好处和弊端？",
      "content": "<p style=\"margin-top: 0px; margin-bottom: 0px; white-space: normal; -webkit-text-stroke: rgb(0, 0, 0); padding: 0px; word-wrap: break-word; word-break: normal; color: rgb(0, 0, 0); font-family: SimSun; line-height: 2em;\"><span style=\"font-size: 18px; font-family: 华文宋体, STSong;\">由于中国经济水平的不断提高，越来越多的人，走出国门，前往世界各地游览，在赴美生子的大军，也逐渐涌现出一部分家庭是没有通过专门的赴美生子机构，通常称作DIY赴美生子。虽然大部分赴美生子的家庭仍然通过专业的赴美生子机构，但是DIY也不可忽略。那么DIY赴美生子有哪些好处，所有人都可以DIY吗？如果不是，又有哪些人适合DIY赴美生子呢，下面我们生美的小编就为大家详细的剖析，希望能给打算DIY赴美生子的朋友们提供参考。</span></p><p style=\"margin-top: 0px; margin-bottom: 0px; white-space: normal; -webkit-text-stroke: rgb(0, 0, 0); padding: 0px; word-wrap: break-word; word-break: normal; color: rgb(0, 0, 0); font-family: SimSun; line-height: 2em;\"><span style=\"font-size: 18px; font-family: 华文宋体, STSong;\">&nbsp;&nbsp;&nbsp;&nbsp;首先DIY赴美生子的好处很明显，就是省钱。</span></p><p style=\"margin-top: 0px; margin-bottom: 0px; white-space: normal; -webkit-text-stroke: rgb(0, 0, 0); padding: 0px; word-wrap: break-word; word-break: normal; color: rgb(0, 0, 0); font-family: SimSun; line-height: 2em;\"><span style=\"font-size: 18px; font-family: 华文宋体, STSong;\">相比于专业的赴美生子机构，DIY赴美生子的费用花费可能也就在2到万美金左右，这些费用里主要包括几个大项；</span></p><p style=\"margin-top: 0px; margin-bottom: 0px; white-space: normal; -webkit-text-stroke: rgb(0, 0, 0); padding: 0px; word-wrap: break-word; word-break: normal; color: rgb(0, 0, 0); font-family: SimSun; line-height: 2em; text-align: center;\"><span style=\"font-size: 18px; font-family: 华文宋体, STSong;\"><img src=\"http://img.bj.wezhan.cn/content/sitefiles/2069715/images/9842021_IMG_1018.jpeg\"/></span></p><p style=\"margin-top: 0px; margin-bottom: 0px; white-space: normal; -webkit-text-stroke: rgb(0, 0, 0); padding: 0px; word-wrap: break-word; word-break: normal; color: rgb(0, 0, 0); font-family: SimSun; line-height: 2em;\"><span style=\"font-size: 18px; font-family: 华文宋体, STSong;\">1.<span style=\"font-weight: 700;\">住宿</span></span></p><p style=\"margin-top: 0px; margin-bottom: 0px; white-space: normal; -webkit-text-stroke: rgb(0, 0, 0); padding: 0px; word-wrap: break-word; word-break: normal; color: rgb(0, 0, 0); font-family: SimSun; line-height: 2em;\"><span style=\"font-size: 18px; font-family: 华文宋体, STSong;\">&nbsp;&nbsp;&nbsp;&nbsp;在美国期间的住宿费用如果以单间来计算的话，在华人区圣盖博附近大约2000美金一个月，通常也就夫妻2个人入住，待产2个月，产后调理约1个月，也就是约6000美金。</span></p><p style=\"margin-top: 0px; margin-bottom: 0px; white-space: normal; -webkit-text-stroke: rgb(0, 0, 0); padding: 0px; word-wrap: break-word; word-break: normal; color: rgb(0, 0, 0); font-family: SimSun; line-height: 2em; text-align: center;\"><span style=\"font-size: 18px; font-family: 华文宋体, STSong;\"><img src=\"http://img.bj.wezhan.cn/content/sitefiles/2069715/images/10809600_8.jpeg\"/></span></p><p style=\"margin-top: 0px; margin-bottom: 0px; white-space: normal; -webkit-text-stroke: rgb(0, 0, 0); padding: 0px; word-wrap: break-word; word-break: normal; color: rgb(0, 0, 0); font-family: SimSun; line-height: 2em;\"><span style=\"font-size: 18px; font-family: 华文宋体, STSong;\">2.医生费用</span></p><p style=\"margin-top: 0px; margin-bottom: 0px; white-space: normal; -webkit-text-stroke: rgb(0, 0, 0); padding: 0px; word-wrap: break-word; word-break: normal; color: rgb(0, 0, 0); font-family: SimSun; line-height: 2em;\"><span style=\"font-size: 18px; font-family: 华文宋体, STSong;\">&nbsp;&nbsp;&nbsp;&nbsp;美国的医生都是在自己的私人诊所内给病人看病，费用有高有低，区别在于服务，经验，还有是否是华人这一块，医生本身的医疗水平是无需太多担忧的，因为美国的FDA每年都护对医生和其他医疗机构进行抽查，保证其各项指标，资质的正常。医生的费用一般而言在2000-3000美金左右，当然也有更低的。医生提供的服务包括生产前的产检，通常是每周一次，约在8次上下，还有接生。当然这些都是顺产且无其他任何额外要求的前提下。</span></p><p style=\"margin-top: 0px; margin-bottom: 0px; white-space: normal; -webkit-text-stroke: rgb(0, 0, 0); padding: 0px; word-wrap: break-word; word-break: normal; color: rgb(0, 0, 0); font-family: SimSun; line-height: 2em; text-align: center;\"><span style=\"font-size: 18px; font-family: 华文宋体, STSong;\"><img src=\"http://img.bj.wezhan.cn/content/sitefiles/2069715/images/10809602_7.jpeg\"/></span></p><p style=\"margin-top: 0px; margin-bottom: 0px; white-space: normal; -webkit-text-stroke: rgb(0, 0, 0); padding: 0px; word-wrap: break-word; word-break: normal; color: rgb(0, 0, 0); font-family: SimSun; line-height: 2em;\"><span style=\"font-size: 18px; font-family: 华文宋体, STSong;\">3.医院费用</span></p><p style=\"margin-top: 0px; margin-bottom: 0px; white-space: normal; -webkit-text-stroke: rgb(0, 0, 0); padding: 0px; word-wrap: break-word; word-break: normal; color: rgb(0, 0, 0); font-family: SimSun; line-height: 2em;\"><span style=\"font-size: 18px; font-family: 华文宋体, STSong;\">&nbsp;&nbsp;&nbsp;&nbsp;美国的医院一般是提供医疗器械，医疗场所，具体的实施还是有医生来操作，医院的费用大约在3500美金左右，包括24小时的住院时间，陪护或是其他服务需另计。</span></p><p style=\"margin-top: 0px; margin-bottom: 0px; white-space: normal; -webkit-text-stroke: rgb(0, 0, 0); padding: 0px; word-wrap: break-word; word-break: normal; color: rgb(0, 0, 0); font-family: SimSun; line-height: 2em; text-align: center;\"><span style=\"font-size: 18px; font-family: 华文宋体, STSong;\"><img src=\"http://img.bj.wezhan.cn/content/sitefiles/2069715/images/10809603_6.jpeg\"/></span></p><p style=\"margin-top: 0px; margin-bottom: 0px; white-space: normal; -webkit-text-stroke: rgb(0, 0, 0); padding: 0px; word-wrap: break-word; word-break: normal; color: rgb(0, 0, 0); font-family: SimSun; line-height: 2em;\"><span style=\"font-size: 18px; font-family: 华文宋体, STSong;\">4.餐饮</span></p><p style=\"margin-top: 0px; margin-bottom: 0px; white-space: normal; -webkit-text-stroke: rgb(0, 0, 0); padding: 0px; word-wrap: break-word; word-break: normal; color: rgb(0, 0, 0); font-family: SimSun; line-height: 2em;\"><span style=\"font-size: 18px; font-family: 华文宋体, STSong;\">&nbsp;&nbsp;&nbsp;&nbsp;美国的生活开支如果是以美金计算的话，确实非常低，但是在饮食这一块，即使换算成人民币也不能算贵，两人在美国的开销约300美金每个月差不多。3个月就是900美金.</span></p><p style=\"margin-top: 0px; margin-bottom: 0px; white-space: normal; -webkit-text-stroke: rgb(0, 0, 0); padding: 0px; word-wrap: break-word; word-break: normal; color: rgb(0, 0, 0); font-family: SimSun; line-height: 2em; text-align: center;\"><span style=\"font-size: 18px; font-family: 华文宋体, STSong;\"><img src=\"http://img.bj.wezhan.cn/content/sitefiles/2069715/images/10809604_5.jpeg\"/></span></p><p style=\"margin-top: 0px; margin-bottom: 0px; white-space: normal; -webkit-text-stroke: rgb(0, 0, 0); padding: 0px; word-wrap: break-word; word-break: normal; color: rgb(0, 0, 0); font-family: SimSun; line-height: 2em;\"><span style=\"font-size: 18px; font-family: 华文宋体, STSong;\">5.交通工具</span></p><p style=\"margin-top: 0px; margin-bottom: 0px; white-space: normal; -webkit-text-stroke: rgb(0, 0, 0); padding: 0px; word-wrap: break-word; word-break: normal; color: rgb(0, 0, 0); font-family: SimSun; line-height: 2em;\"><span style=\"font-size: 18px; font-family: 华文宋体, STSong;\">&nbsp;&nbsp;&nbsp;&nbsp;美国的公共交通和中国还是有着很大的差距的，如果不开车的话，非常不便，所以到美国后的第一件事情就是租一辆车，基本的租车费用，包含保险大约30美金每天，3个月的话就是2700美金左右。</span></p><p style=\"margin-top: 0px; margin-bottom: 0px; white-space: normal; -webkit-text-stroke: rgb(0, 0, 0); padding: 0px; word-wrap: break-word; word-break: normal; color: rgb(0, 0, 0); font-family: SimSun; line-height: 2em;\"><span style=\"font-size: 18px; font-family: 华文宋体, STSong;\">6.证件办理，包括出生纸，社安号，护照，领事认证，复印打印，拍照等相关杂项约200美金左右，加急的话还会要额外支出100美金左右，合计300美金。</span></p><p style=\"margin-top: 0px; margin-bottom: 0px; white-space: normal; -webkit-text-stroke: rgb(0, 0, 0); padding: 0px; word-wrap: break-word; word-break: normal; color: rgb(0, 0, 0); font-family: SimSun; line-height: 2em; text-align: center;\"><span style=\"font-size: 18px; font-family: 华文宋体, STSong;\"><img src=\"http://img.bj.wezhan.cn/content/sitefiles/2069715/images/10809652_9.jpeg\"/></span></p><p style=\"margin-top: 0px; margin-bottom: 0px; white-space: normal; -webkit-text-stroke: rgb(0, 0, 0); padding: 0px; word-wrap: break-word; word-break: normal; color: rgb(0, 0, 0); font-family: SimSun; line-height: 2em;\"><span style=\"font-size: 18px; font-family: 华文宋体, STSong;\"></span></p><p style=\"margin-top: 0px; margin-bottom: 0px; white-space: normal; -webkit-text-stroke: rgb(0, 0, 0); padding: 0px; word-wrap: break-word; word-break: normal; color: rgb(0, 0, 0); font-family: SimSun; line-height: 2em;\"><span style=\"font-size: 18px; font-family: 华文宋体, STSong;\">7.汽油费</span></p><p style=\"margin-top: 0px; margin-bottom: 0px; white-space: normal; -webkit-text-stroke: rgb(0, 0, 0); padding: 0px; word-wrap: break-word; word-break: normal; color: rgb(0, 0, 0); font-family: SimSun; line-height: 2em;\"><span style=\"font-size: 18px; font-family: 华文宋体, STSong;\">&nbsp;&nbsp;&nbsp;&nbsp;一般中型车油箱在60L左右，油耗在7L/100KM左右，平均每天在50公里左右的驾驶里程，每月需要加2次油左右，美国的油价我们在网站的文章中有发布，大家可以参考，约在2.8美金／加仑</span></p><p style=\"margin-top: 0px; margin-bottom: 0px; white-space: normal; -webkit-text-stroke: rgb(0, 0, 0); padding: 0px; word-wrap: break-word; word-break: normal; color: rgb(0, 0, 0); font-family: SimSun; line-height: 2em;\"><span style=\"font-size: 18px; font-family: 华文宋体, STSong;\">一加仑约等于4L,也就是说每次加油需要42美金，每月需要80美金左右，3个月的话就是240美金。</span></p><p style=\"margin-top: 0px; margin-bottom: 0px; white-space: normal; -webkit-text-stroke: rgb(0, 0, 0); padding: 0px; word-wrap: break-word; word-break: normal; color: rgb(0, 0, 0); font-family: SimSun; line-height: 2em; text-align: center;\"><span style=\"font-size: 18px; font-family: 华文宋体, STSong;\"><img src=\"http://img.bj.wezhan.cn/content/sitefiles/2069715/images/10809605_4.jpeg\"/></span></p><p style=\"margin-top: 0px; margin-bottom: 0px; white-space: normal; -webkit-text-stroke: rgb(0, 0, 0); padding: 0px; word-wrap: break-word; word-break: normal; color: rgb(0, 0, 0); font-family: SimSun; line-height: 2em;\"><span style=\"font-size: 18px; font-family: 华文宋体, STSong;\">8.小费</span></p><p style=\"margin-top: 0px; margin-bottom: 0px; white-space: normal; -webkit-text-stroke: rgb(0, 0, 0); padding: 0px; word-wrap: break-word; word-break: normal; color: rgb(0, 0, 0); font-family: SimSun; line-height: 2em;\"><span style=\"font-size: 18px; font-family: 华文宋体, STSong;\">&nbsp;&nbsp;&nbsp;&nbsp;美国是个小费国家，小费是一种文化，一种传统，我们去美国旅游也好，生子也好，最好尊重别人的传统，这样也能提高我们华人的印象，小费费率约在14%左右，通常在获得别人专项服务时给小费，例如代客泊车，餐厅用餐，机场接送等等。准备个100-200美金应该差不多了，当然也可以准备1000美金以上，看个人了。</span></p><p style=\"margin-top: 0px; margin-bottom: 0px; white-space: normal; -webkit-text-stroke: rgb(0, 0, 0); padding: 0px; word-wrap: break-word; word-break: normal; color: rgb(0, 0, 0); font-family: SimSun; line-height: 2em; text-align: center;\"><span style=\"font-size: 18px; font-family: 华文宋体, STSong;\"><img src=\"http://img.bj.wezhan.cn/content/sitefiles/2069715/images/10809609_2.jpeg\"/></span></p><p style=\"margin-top: 0px; margin-bottom: 0px; white-space: normal; -webkit-text-stroke: rgb(0, 0, 0); padding: 0px; word-wrap: break-word; word-break: normal; color: rgb(0, 0, 0); font-family: SimSun; line-height: 2em;\"><span style=\"font-size: 18px; font-family: 华文宋体, STSong;\">9.儿童医生费用</span></p><p style=\"margin-top: 0px; margin-bottom: 0px; white-space: normal; -webkit-text-stroke: rgb(0, 0, 0); padding: 0px; word-wrap: break-word; word-break: normal; color: rgb(0, 0, 0); font-family: SimSun; line-height: 2em;\"><span style=\"font-size: 18px; font-family: 华文宋体, STSong;\">&nbsp;&nbsp;&nbsp;&nbsp;宝宝出生以后，通常之前的产检医生会介绍一位儿童医生为孩子做初生检查，包括血液，黄疸，还有心肺等先天性疾病的检查，加上第一针乙肝疫苗，费用在150美金左右，如果28天后打第二针乙肝疫苗，还需要50美金，费用不算贵，为什么不算贵，如果回国以后，你去香港打，对比一下你就知道了。此外医生也会给孩子开一些常用的药品，方便妈妈们回国以后的不时之需，主要是维他命，孩子拉肚子，胀气之类的药，约200美金，可以买也可以不买。</span></p><p style=\"margin-top: 0px; margin-bottom: 0px; white-space: normal; -webkit-text-stroke: rgb(0, 0, 0); padding: 0px; word-wrap: break-word; word-break: normal; color: rgb(0, 0, 0); font-family: SimSun; line-height: 2em; text-align: center;\"><span style=\"font-size: 18px; font-family: 华文宋体, STSong;\"><img src=\"http://img.bj.wezhan.cn/content/sitefiles/2069715/images/10809608_1.jpeg\"/></span></p><p style=\"margin-top: 0px; margin-bottom: 0px; white-space: normal; -webkit-text-stroke: rgb(0, 0, 0); padding: 0px; word-wrap: break-word; word-break: normal; color: rgb(0, 0, 0); font-family: SimSun; line-height: 2em;\"><span style=\"font-size: 18px; font-family: 华文宋体, STSong;\">10.机票费用</span></p><p style=\"margin-top: 0px; margin-bottom: 0px; white-space: normal; -webkit-text-stroke: rgb(0, 0, 0); padding: 0px; word-wrap: break-word; word-break: normal; color: rgb(0, 0, 0); font-family: SimSun; line-height: 2em;\"><span style=\"font-size: 18px; font-family: 华文宋体, STSong;\">&nbsp;&nbsp;&nbsp;&nbsp;这个实际上是在国内就要买好的，不过还是算到总体开支里吧，如果是经济舱2人往返往高了算在20000左右，人民币，返程时婴儿还会有10%的票价，但是如果你恰逢淡季前往的话，2个人往返，10000甚至更低的机票也是可以买到的，商务舱的话还DIY干嘛？</span></p><p style=\"margin-top: 0px; margin-bottom: 0px; white-space: normal; -webkit-text-stroke: rgb(0, 0, 0); padding: 0px; word-wrap: break-word; word-break: normal; color: rgb(0, 0, 0); font-family: SimSun; line-height: 2em;\"><span style=\"font-size: 18px; font-family: 华文宋体, STSong;\">&nbsp;&nbsp;&nbsp;&nbsp;这样把所有的花费合计一下是在17000美金左右，由于当下汇率走低，合计人民币约11万。</span></p><p style=\"margin-top: 0px; margin-bottom: 0px; white-space: normal; -webkit-text-stroke: rgb(0, 0, 0); padding: 0px; word-wrap: break-word; word-break: normal; color: rgb(0, 0, 0); font-family: SimSun; line-height: 2em;\"><span style=\"font-size: 18px; font-family: 华文宋体, STSong;\">从中介或者第三方机构的话最低不会少于2万美金，并且不包含机票，小费，车辆，油费，孩子检查，药品费用，所以但从价格来看的话，DIY赴美生子是要低于通过第三方机构的。</span></p><p style=\"margin-top: 0px; margin-bottom: 0px; white-space: normal; -webkit-text-stroke: rgb(0, 0, 0); padding: 0px; word-wrap: break-word; word-break: normal; color: rgb(0, 0, 0); font-family: SimSun; line-height: 2em;\"><span style=\"font-size: 18px; font-family: 华文宋体, STSong;\">&nbsp;&nbsp;&nbsp;&nbsp;但是如果只有费用这方面优势的话，这点差距不足以选择DIY。</span></p><p style=\"margin-top: 0px; margin-bottom: 0px; white-space: normal; -webkit-text-stroke: rgb(0, 0, 0); padding: 0px; word-wrap: break-word; word-break: normal; color: rgb(0, 0, 0); font-family: SimSun; line-height: 2em;\"><span style=\"font-size: 18px; font-family: 华文宋体, STSong;\">那么DIY还有哪些优势呢，我们一起看看</span></p><p style=\"margin-top: 0px; margin-bottom: 0px; white-space: normal; -webkit-text-stroke: rgb(0, 0, 0); padding: 0px; word-wrap: break-word; word-break: normal; color: rgb(0, 0, 0); font-family: SimSun; line-height: 2em;\"><span style=\"font-size: 18px; font-family: 华文宋体, STSong;\">1.住宿环境及质量</span></p><p style=\"margin-top: 0px; margin-bottom: 0px; white-space: normal; -webkit-text-stroke: rgb(0, 0, 0); padding: 0px; word-wrap: break-word; word-break: normal; color: rgb(0, 0, 0); font-family: SimSun; line-height: 2em;\"><span style=\"font-size: 18px; font-family: 华文宋体, STSong;\">&nbsp;&nbsp;&nbsp;&nbsp;要知道月子中心如果提供的是2万美金的套餐的话，是不可能挣钱的，但是如果不挣钱，那么开月子中心的目的何在呢？所以如果月子中心的套餐价格在2万美金，那么对于赴美生子的客户而言会有如下几种情况发生，一是承诺或提供的服务被压缩，例如餐饮，原来20美金的标准变成10美金或更低；外出，原来每周两次</span><span style=\"font-family: 华文宋体, STSong; font-size: 18px; -webkit-text-stroke-width: initial;\">变成一次或者两周一次；产检及机场接送减少；还有就是住宿环境的恶化，原来的套房变成拥挤的公寓，一对一的服务变成一对多的服务等等；</span></p><p style=\"margin-top: 0px; margin-bottom: 0px; white-space: normal; -webkit-text-stroke: rgb(0, 0, 0); padding: 0px; word-wrap: break-word; word-break: normal; color: rgb(0, 0, 0); font-family: SimSun; line-height: 2em;\"><span style=\"font-family: 华文宋体, STSong; font-size: 18px; -webkit-text-stroke-width: initial;\">&nbsp;&nbsp;&nbsp;&nbsp;其二就是增加入住孕妇人数，在其他服务不变的情况下，例如司机，厨师，月嫂人数，饮食标准，接送人次等等，那么只能增加其每套房屋所接待孕妇的人数，才能抵消成本，一套房屋住上7到8个孕妇太正常不过了，三个女人一台戏，7，8个都够拍连续剧了，汤唯所演的《北京遇见西雅图》中的吵架场景，绝对不会是可遥不可及，所以想要安安静静地待产，只能靠运气了。</span></p><p style=\"margin-top: 0px; margin-bottom: 0px; white-space: normal; -webkit-text-stroke: rgb(0, 0, 0); padding: 0px; word-wrap: break-word; word-break: normal; color: rgb(0, 0, 0); font-family: SimSun; line-height: 2em;\"><span style=\"font-size: 18px; font-family: 华文宋体, STSong;\">&nbsp;&nbsp;&nbsp;&nbsp;第三就是额外收费，如果上述两项都没有发生，那么要面临的就是最后这项了，准备上千的小费是最基本的，再有办证费，跑腿费，接送费，医疗费，预约费，等琳琅满目的收费名目也是再正常不过；</span></p><p style=\"margin-top: 0px; margin-bottom: 0px; white-space: normal; -webkit-text-stroke: rgb(0, 0, 0); padding: 0px; word-wrap: break-word; word-break: normal; color: rgb(0, 0, 0); font-family: SimSun; line-height: 2em;\"><span style=\"font-size: 18px; font-family: 华文宋体, STSong;\">这些都是经济学基本常识，赴美生子的费用只要在这个价位，除了DIY自行前往以外，遇到上述问题就是不可避免的，毕竟月子中心不是同胞互助会，更不是慈善堂。</span></p><p style=\"margin-top: 0px; margin-bottom: 0px; white-space: normal; -webkit-text-stroke: rgb(0, 0, 0); padding: 0px; word-wrap: break-word; word-break: normal; color: rgb(0, 0, 0); font-family: SimSun; line-height: 2em;\"><span style=\"font-size: 18px; font-family: 华文宋体, STSong;\">2.自由</span></p><p style=\"margin-top: 0px; margin-bottom: 0px; white-space: normal; -webkit-text-stroke: rgb(0, 0, 0); padding: 0px; word-wrap: break-word; word-break: normal; color: rgb(0, 0, 0); font-family: SimSun; line-height: 2em;\"><span style=\"font-size: 18px; font-family: 华文宋体, STSong;\">&nbsp;&nbsp;&nbsp;&nbsp;有一辆车，你可以想去哪里去哪里，不用担心被收费，在月子中心，你不住宿，也不会退费，其实对于多数赴美生子的家庭而言，赴美生子不单单是把宝宝出生在美国，也是作为父母的对于美国深入接触的一次大好机会，如果不是赴美生子，相信没有多少国人会跑到美国待到三个月左右，所以赴美生子待产的这段时间里，在身体允许的前提下，大可以游览美国的风光，只要每次最多不超过一周的往返路程就可以，如果自驾，一周的往返时间足够你前往整个加州任何一个地方了，如果是飞机的话，那飞遍整个美国也是没有任何问题的，当然这是理论上的，三个月的时间，即便是在洛杉矶及周边，也足够你大开眼界了，好莱坞，长滩，环球影城，迪士尼，再到拉斯维加斯，每一个都足以让你流连忘返，而这些也恰恰是为了你们孩子未来能够更好的融入美国，难道你不希望你们的美国宝宝未来能更好的融入美国吗？你希望他对美国一无所知吗？</span></p><p style=\"margin-top: 0px; margin-bottom: 0px; white-space: normal; -webkit-text-stroke: rgb(0, 0, 0); padding: 0px; word-wrap: break-word; word-break: normal; color: rgb(0, 0, 0); font-family: SimSun; line-height: 2em;\"><span style=\"font-size: 18px; font-family: 华文宋体, STSong;\">3.透明</span></p><p style=\"margin-top: 0px; margin-bottom: 0px; white-space: normal; -webkit-text-stroke: rgb(0, 0, 0); padding: 0px; word-wrap: break-word; word-break: normal; color: rgb(0, 0, 0); font-family: SimSun; line-height: 2em;\"><span style=\"font-size: 18px; font-family: 华文宋体, STSong;\">&nbsp;&nbsp;&nbsp;&nbsp;如果你选择了那种全包的直营赴美生子机构或第三方，那这项可以忽略，因为除了个人额外消费以外，你无需多支出一分钱，但是这种机构也就寥寥数家，当然价格也不会低，即便在我<span style=\"line-height: normal; font-family: STSong;\">们</span>这里，也要将近5万美金，所以如果你没有选择这种情况，而选择一般收费低廉的机构的话，恐怕很多不得而知或者无从考证的收费就要多如牛毛了，此外选择的医生医院相对来说可能价格会更低，比上述所列的还要低，景点游览多半也可能就是就限于住宿周边商场，公园之类，可能会让你大失所望，当然，如果仅仅讨论让孩子获得美国国籍的话，这些都可以忽略。自行DIY赴美生子各项费用自己肯定清清楚楚，想要什么，不想要什么也都可以随时决定，性价比无疑要高出低端赴美生子机构。</span></p><p style=\"margin-top: 0px; margin-bottom: 0px; white-space: normal; -webkit-text-stroke: rgb(0, 0, 0); padding: 0px; word-wrap: break-word; word-break: normal; color: rgb(0, 0, 0); font-family: SimSun; line-height: 2em;\"><span style=\"font-size: 18px; font-family: 华文宋体, STSong;\">&nbsp;&nbsp;&nbsp;&nbsp;DIY赴美生子的优势固然很明显，难道就没有缺点吗？当然不是，</span></p><p style=\"margin-top: 0px; margin-bottom: 0px; white-space: normal; -webkit-text-stroke: rgb(0, 0, 0); padding: 0px; word-wrap: break-word; word-break: normal; color: rgb(0, 0, 0); font-family: SimSun; line-height: 2em;\"><span style=\"font-size: 18px; font-family: 华文宋体, STSong;\">DIY赴美生子会面临以下问题：</span></p><p style=\"margin-top: 0px; margin-bottom: 0px; white-space: normal; -webkit-text-stroke: rgb(0, 0, 0); padding: 0px; word-wrap: break-word; word-break: normal; color: rgb(0, 0, 0); font-family: SimSun; line-height: 2em;\"><span style=\"font-size: 18px; font-family: 华文宋体, STSong;\">1.要事先做好所谓攻略</span></p><p style=\"margin-top: 0px; margin-bottom: 0px; white-space: normal; -webkit-text-stroke: rgb(0, 0, 0); padding: 0px; word-wrap: break-word; word-break: normal; color: rgb(0, 0, 0); font-family: SimSun; line-height: 2em;\"><span style=\"font-size: 18px; font-family: 华文宋体, STSong;\">&nbsp;&nbsp;&nbsp;&nbsp;如果你是去美国旅游，那么网上攻略一抓一大把，但是想找出赴美生子的攻略，比较麻烦，这里为什么不说困难，因为赴美生子攻略在网上也能找到很多，而麻烦是指，你无法鉴别哪一个真实，哪一个对你适用，例如在选择申请美国签证的时候，你都会得到不同的答案，是在自己所在领区申请，还是去其他领区，去了以后又该怎么回答，去美国生孩子的签证材料具体应该要哪些，又该如何获得，顺产怎么办，剖腹产怎么办，保险要不要买，要买什么保险，到了美国以后如何租车，如何驾车，住宿去哪里找等等。你会发现答案有很多，为什么？因为每一个赴美生子的人方式都不一样。</span></p><p style=\"margin-top: 0px; margin-bottom: 0px; white-space: normal; -webkit-text-stroke: rgb(0, 0, 0); padding: 0px; word-wrap: break-word; word-break: normal; color: rgb(0, 0, 0); font-family: SimSun; line-height: 2em; text-align: center;\"><span style=\"font-size: 18px; font-family: 华文宋体, STSong;\"><img src=\"http://img.bj.wezhan.cn/content/sitefiles/2069715/images/10809607_3.jpeg\"/></span></p><p style=\"margin-top: 0px; margin-bottom: 0px; white-space: normal; -webkit-text-stroke: rgb(0, 0, 0); padding: 0px; word-wrap: break-word; word-break: normal; color: rgb(0, 0, 0); font-family: SimSun; line-height: 2em;\"><span style=\"font-size: 18px; font-family: 华文宋体, STSong;\">2.两人成行</span></p><p style=\"margin-top: 0px; margin-bottom: 0px; white-space: normal; -webkit-text-stroke: rgb(0, 0, 0); padding: 0px; word-wrap: break-word; word-break: normal; color: rgb(0, 0, 0); font-family: SimSun; line-height: 2em;\"><span style=\"font-size: 18px; font-family: 华文宋体, STSong;\">&nbsp;&nbsp;&nbsp;&nbsp;不可能让自己的爱人一个人挺着个大肚子在美国度过三个月吧，两个人就面临一个问题，女方有3到4个月的产假，男方呢？这是一个问题，不要孩子出生了，爸爸的工作却丢了，那后面的收入怎么办？</span></p><p style=\"margin-top: 0px; margin-bottom: 0px; white-space: normal; -webkit-text-stroke: rgb(0, 0, 0); padding: 0px; word-wrap: break-word; word-break: normal; color: rgb(0, 0, 0); font-family: SimSun; line-height: 2em;\"><span style=\"font-size: 18px; font-family: 华文宋体, STSong;\">3.语言</span></p><p style=\"margin-top: 0px; margin-bottom: 0px; white-space: normal; -webkit-text-stroke: rgb(0, 0, 0); padding: 0px; word-wrap: break-word; word-break: normal; color: rgb(0, 0, 0); font-family: SimSun; line-height: 2em;\"><span style=\"font-size: 18px; font-family: 华文宋体, STSong;\">&nbsp;&nbsp;&nbsp;&nbsp;自行前往就意味着所有问题要自己面对，美国虽然目前有500万以上的华裔，但是英语才是第一语言，即使像洛杉矶这种华人聚集的地方，中文也无法畅通无阻，如果遇上经济情况的话，用翻译软件也未必来得及，而且你还要四处游览，只有四级水平的话，恐怕你还要再加强一下了。</span></p><p style=\"margin-top: 0px; margin-bottom: 0px; white-space: normal; -webkit-text-stroke: rgb(0, 0, 0); padding: 0px; word-wrap: break-word; word-break: normal; color: rgb(0, 0, 0); font-family: SimSun; line-height: 2em;\"><span style=\"font-size: 18px; font-family: 华文宋体, STSong;\">4.证件办理</span></p><p style=\"margin-top: 0px; margin-bottom: 0px; white-space: normal; -webkit-text-stroke: rgb(0, 0, 0); padding: 0px; word-wrap: break-word; word-break: normal; color: rgb(0, 0, 0); font-family: SimSun; line-height: 2em;\"><span style=\"font-size: 18px; font-family: 华文宋体, STSong;\">&nbsp;&nbsp;&nbsp;&nbsp;这个对于未来生活在美国的孩子而言其实没关系，但是因为赴美生子的父母，孩子出生以后要回国，所以就很重要了，没有证件不能回国，证件不全，回国上不了户口，下次入境美国遇阻。网上可能多半都是一些月子中心或机构提供的信息，只知道办理哪些证件却未说如何办，去哪里办，所以这是一个不可忽视的问题。</span></p><p style=\"margin-top: 0px; margin-bottom: 0px; white-space: normal; -webkit-text-stroke: rgb(0, 0, 0); padding: 0px; word-wrap: break-word; word-break: normal; color: rgb(0, 0, 0); font-family: SimSun; line-height: 2em; text-align: center;\"><span style=\"font-size: 18px; font-family: 华文宋体, STSong;\"><img src=\"http://img.bj.wezhan.cn/content/sitefiles/2069715/images/10809696_434982.jpeg\"/></span></p><p style=\"margin-top: 0px; margin-bottom: 0px; white-space: normal; -webkit-text-stroke: rgb(0, 0, 0); padding: 0px; word-wrap: break-word; word-break: normal; color: rgb(0, 0, 0); font-family: SimSun; line-height: 2em;\"><span style=\"font-size: 18px; font-family: 华文宋体, STSong;\">5.法律法规，风俗习惯，文化差异</span></p><p style=\"margin-top: 0px; margin-bottom: 0px; white-space: normal; -webkit-text-stroke: rgb(0, 0, 0); padding: 0px; word-wrap: break-word; word-break: normal; color: rgb(0, 0, 0); font-family: SimSun; line-height: 2em;\"><span style=\"font-size: 18px; font-family: 华文宋体, STSong;\">&nbsp;&nbsp;&nbsp;&nbsp;美国是一个法治国家，各种法律多如牛毛，事无巨细；闯红灯，吸烟，违章停车等都会触犯法律，触犯了法律除了要缴纳罚款以外，还要面临着出庭的可能，如果没有事先对法律法规的了解，很有可能面临一系列法律问题，轻者罚款，重则入狱，遣返，拒绝再次入境等等，这并非危言耸听，今年初的中国某著名脱口秀主持人在美被捕，至今仍未了解。</span><span style=\"font-family: 华文宋体, STSong; font-size: 18px; -webkit-text-stroke-width: initial;\">如果发生法律问题后，第一时间能有律师帮助处理，则陷入被动的可能性要小的多。</span></p><p style=\"margin-top: 0px; margin-bottom: 0px; white-space: normal; -webkit-text-stroke: rgb(0, 0, 0); padding: 0px; word-wrap: break-word; word-break: normal; color: rgb(0, 0, 0); font-family: SimSun; line-height: 2em;\"><span style=\"font-size: 18px; font-family: 华文宋体, STSong;\">&nbsp;&nbsp;&nbsp;&nbsp;除了法律问题以外，还有风俗习惯，文化差异也是需要注意的，否则可能会引起他人的反感，语言攻击或者身体攻击等。</span></p><p style=\"margin-top: 0px; margin-bottom: 0px; white-space: normal; -webkit-text-stroke: rgb(0, 0, 0); padding: 0px; word-wrap: break-word; word-break: normal; color: rgb(0, 0, 0); font-family: SimSun; line-height: 2em;\"><span style=\"font-size: 18px; font-family: 华文宋体, STSong;\">&nbsp;&nbsp;&nbsp;&nbsp;DIY赴美生子其实也是一场小小的冒险，将来当孩子出生以后，成长的过程中，做父母的谈及当年为了孩子闯荡美国，想想是不是很有意思呢？</span></p><p style=\"margin-top: 0px; margin-bottom: 0px; white-space: normal; -webkit-text-stroke: rgb(0, 0, 0); padding: 0px; word-wrap: break-word; word-break: normal; color: rgb(0, 0, 0); font-family: SimSun; line-height: 2em;\"><span style=\"font-size: 18px; font-family: 华文宋体, STSong;\">&nbsp;&nbsp;&nbsp;&nbsp;所以，如果你能把DIY赴美生子的不足方面解决好，各项信息了解清楚，在同等支出的情况下，无疑DIY会比月子中心好的多，你们也可以开始规划赴美之旅了。</span></p><p style=\"margin-top: 0px; margin-bottom: 0px; white-space: normal; -webkit-text-stroke: rgb(0, 0, 0); padding: 0px; word-wrap: break-word; word-break: normal; color: rgb(0, 0, 0); font-family: SimSun; line-height: 2em;\"><span style=\"font-size: 18px; font-family: 华文宋体, STSong;\">&nbsp;&nbsp;&nbsp;&nbsp;最后，如果您想DIY赴美生子，却又苦于无法找到适合自己的DIY信息，那么您可以前往我司咨询，我们为您提供最全面，最准确的DIY赴美生子信息；又或者如果您想全程专人服务，一切无需操心，我们同时也为您精心准备了三档赴美生子的高端套餐，简单明了，相信总有一款适合您。</span></p><p><br/></p>",
      "file": {
        "fieldname": "file",
        "originalname": "4.png",
        "encoding": "7bit",
        "mimetype": "image/png",
        "destination": "E:\\work\\born\\public\\upload\\qas",
        "filename": "1515654312216-4.png",
        "path": "\\upload\\qas\\1515654312216-4.png",
        "size": 83225
      },
      "createdAt": "2018-01-11T07:05:12.241Z",
      "updatedAt": "2018-01-11T07:05:12.241Z",
      "src": "\\upload\\qas\\1515654312216-4.png"
    }
  ]
}