{
  "qas": [
    {
      "id": "SyLhEkBfz",
      "title": "赴美生子FQA（一）",
      "publishedDate": "12/18/2017",
      "published": "true",
      "abstract": "Q：赴美生子，是否合法？Q：赴美生子，为什么很多人去？",
      "content": "Q：赴美生子，是否合法？\r\n\r\nA:完全合法。在美国出生的孩子获得美国国籍是根据美国宪法第十四修正案自动获得的，合法合理，关于这一点，我们在此前有专门一篇文章做过详细介绍，参阅《赴美生子是什么》。\r\n\r\nQ：赴美生子，为什么很多人去？\r\n\r\nA:这个就是说美国国籍的优势了，参阅本站文章《赴美生子有哪些好处》\r\n\r\n1.自由不设限，这个并非美国特有的优点，所有西方发达国家对于生育都没有任何限制，爱生多少生多少；\r\n\r\n2.教育质量与环境，在教育这一方面，美国独领全球，全球名列前茅的高校基本全在美国，大家耳熟能详的哈佛，斯坦福，麻省理工，加州伯克利，常春藤名校等等，美国的教育环境注重对个体兴趣的发掘，崇尚个人自由，对于培养具有较高独立性，自主、有创造力的人才非常有帮助。\r\n\r\n3.医疗环境，美国医疗环境也是处于领先地位，医院医疗设施齐全，医生每年也要受到专门机构的严格监管和筛查，且医药分离，不用担心医生或者医院为了多获利而过度医疗，在国内看起来很高大上的项目在美国则非常普通，生孩子的产房，基本可以和国内大型医院的vip病房媲美。\r\n\r\nQ：特朗普就任美国总统了，还能去美国生孩子吗？\r\n\r\nA:当然能，特朗普总统已经就任快一年了，对赴美生子没有带来任何影响，而且特朗普总统也只是在竞选宣言中说过要加强对非法移民的打击力度。并且已经在实施，赴美生子不是非法移民，不会受到任何不公平，不合法的对待，美国执法机构，更加而不会针对赴美生子人群，目前未见有任何限制赴美生子的迹象。\r\n\r\nQ：未来，赴美生子会有那些新变化？\r\n\r\nA:人多价涨！从目前来看赴美生子从原来明星、富人慢慢的延伸到现在的中产白领阶层，而且中国的中产阶级也是满满变大的一个群体，很多人开始渐渐的对赴美生子有了了解，发现这并非某一阶层的专有，所以人群必将会上涨，随之而来的则是赴美生子费用会上涨！例如在美国的月子中心，直营机构，医生，医院，或是其他相关产业的服务等等，并且伴随着汇率的持续上涨，总体费用必将慢慢变高。\r\n\r\nQ：什么样的群体适合赴美生子？\r\n\r\nA:赴美生子归根结底还是为了孩子的未来，让孩子的未来能多一个选择，在群体上并没有所谓的适合与否，并不是说一定都要身价数百万以上才可以去美国生宝宝，主要还是看未来的打算，如果未来有去美国生活的打算，即使现在收入不高，也是可以去美国生孩子，因为随着不断的努力生活收入都会越来越高，虽然现在去美国生孩子相比于在国内而言可能是很大一笔支出，可能要一两年的收入，但是放到长远来看，对比长期给孩子的投入来看也就不算什么了。所以如果做父母的有明确的目标，不要担心现在收入不够高，赴美生子一样可以考虑，而且我们生美国际提供的最低档套餐总的花费也就走15万左右，并非遥不可及。",
      "file": {
        "fieldname": "file",
        "originalname": "2.png",
        "encoding": "7bit",
        "mimetype": "image/png",
        "destination": "E:\\work\\born\\public\\upload\\qas",
        "filename": "1513579693664-2.png",
        "path": "\\upload\\qas\\1513579693664-2.png",
        "size": 161313
      },
      "createdAt": "2017-12-18T06:48:13.699Z",
      "updatedAt": "2017-12-18T06:48:13.699Z",
      "src": "\\upload\\qas\\1513579693664-2.png"
    },
    {
      "id": "SJPerJrfG",
      "title": "Q：如果现在还没怀孕，但是有在赴美生子，现在可以做些什么呢？",
      "publishedDate": "",
      "published": "true",
      "abstract": "Q：如果现在还没怀孕，但是有在赴美生子，现在可以做些什么呢？",
      "content": "Q：如果现在还没怀孕，但是有在赴美生子，现在可以做些什么呢？\r\n\r\nA:保险和签证，趁着还没有怀孕可以买一份保险，然后再去把美国签证办下来，这个保险不是普通意义上的保险，而是专门针对赴美生子人群的保险，通常是有合资保险公司才有销售，国内一般的保险公司是没有此项业务的，很多人可能都听说过美国的医疗费用非常高，叫个救护车可能都要1000美金，这个并非空穴来风，但是对于美国人而言，如果你有保险，医疗费用在账单上体现的金额虽然非常大，但是实际都是由保险公司来直接结算的，个人承担的非常低，所以并非想象那样吓人，但是对于赴美生子的中国人来说，肯定是不可能有美国保险的，那么生孩子就需要自费，自费价格从几千到上万美金不等，这个保险就是用来报销这笔费用的，这个保险只能在怀孕前购买，并且有一定的等待期。买了这这种保险对于办理美国签证，也会有较大帮助，美国签证现在是十年内不限次，可以提前办理，未来怀孕了，到了快生产前几个月就可以直接前往美国了，避免了其他的未知变数。\r\n\r\nQ：不会英语对于前往美国生孩子有影响吗？\r\n\r\nA:基本上不大，如果你是选择直营机构，月子中心，一般都是全程服务，而且又身处洛杉矶华人区，中文基本可以畅行无阻，但是如果是自行DIY前往美国生孩子的话，有一定英语能力最好，并且如果能够接受培训会更好，但是目前国内从事赴美生子行业的中介或者机构并没有此项业务，生美国际是全国独家可以提供针对DIY自行前往美国生孩子群体培训业务的机构。\r\n\r\nQ：赴美生子，签证何时办理为好？\r\n\r\nA:越早越好\r\n\r\nQ：美国签证多久可以办好？\r\n\r\nA:加急通常7个工作日左右，这个加急是指预约加急，所以最好留足15天左右的时间，如果你铁了心的想去美国生孩子，留好预产期前20天，一下飞机，通过海关以后直奔产房。不过这个是玩笑，理论上确实可以，但是不建议。\r\n\r\nQ：办理签证拒签怎么办？\r\n\r\nA:所以要越早办理越好，因为可以有时间进行二签，甚至三签，针对拒签原因进行分析，重新准备材料。\r\n\r\nQ：有了签证就可以去美国了吗？evus是什么？\r\n\r\nA:2016年 11月29日开始，想要前往美国，必须在美国海关的evus系统登记更新你的个人信息才能前往，包括老人、小孩都需要登记，大家无需过多担忧，这个只是针对美国签证的信息更新而已，非常简单，按指导操作即可。\r\n\r\nQ：如何登记evus？\r\n\r\nA:登记地址：https://www.evus.gov/evus/#/按步骤填写信息，注意除了特别标注以外，都必须用英文填写。填写evus信息切记慎重，如果填错可能导致10年签证被注销。如果登记不成功，可24小时后重新登记。\r\n\r\nQ：什么时候可以到你们那里预定呢？\r\n\r\nA:越早越好，越早订，可以选择的房间就会越充足，并且优惠也会越大。\r\n\r\nQ：前往美国前需要预定好医生吗？\r\n\r\nA:办理签证时，我们就已经为你预约好医生了，因为办理美国签证时大使馆需要有医生的预约信息，预约医生可能会付一点预约费用，但是后期是可以抵扣掉的。\r\n\r\nQ：赴美生子能买单程机票吗？\r\n\r\nA:不要买单程票，否则海关可能会拒绝入境，买双程票，可以改签的就OK，后期宝宝出生以后还可以再增加婴儿票。",
      "file": {
        "fieldname": "file",
        "originalname": "4.png",
        "encoding": "7bit",
        "mimetype": "image/png",
        "destination": "E:\\work\\born\\public\\upload\\qas",
        "filename": "1513579758554-4.png",
        "path": "\\upload\\qas\\1513579758554-4.png",
        "size": 83225
      },
      "createdAt": "2017-12-18T06:49:18.564Z",
      "updatedAt": "2017-12-18T06:49:18.564Z",
      "src": "\\upload\\qas\\1513579758554-4.png"
    },
    {
      "id": "rkVQrJBfM",
      "title": "妈妈们大概在怀孕几个月的时候去美国比较好？",
      "publishedDate": "12/19/2017",
      "published": "true",
      "abstract": "妈妈们大概在怀孕几个月的时候去美国比较好？",
      "content": "Q：妈妈们大概在怀孕几个月的时候去美国比较好？\r\n\r\nA:一般我们建议妈妈们在32周前一点出发，因为美国签证最多只给6个月的停留期，最好不要用完，否则下次可能入境会遇阻，所以如果太早入境，必定会导致在美停留期的增加。然而航空公司又规定怀孕超过8个月（32周），不足9个月（36周）的健康孕妇乘机，要提供72小时内开具的省级以上医疗单位盖章的《诊断证明书》，为了避免麻烦，略早于32周最好。\r\n\r\nQ：孕妇登机有什么特殊待遇？\r\n\r\nA:孕妇通常有特殊通道，人少，安检时可以不走机器，避免辐射。登机后，如果有特别需求，空乘会额外提供，国际航班对待特殊人群提供的服务一般还是很好的，设施设备也比较齐全。\r\n\r\nQ：老公一般什么时候过去陪产？中途回国后生产时来美国会被拒吗？\r\n\r\nA:看你选择什么机构，在我们生美如果你选择DIY套餐，那么老公肯定要全程陪同的，如果是其他套餐，基本上可以全程不需要人陪同，当然宝宝快出生的时候，老公可以过来；也有的老公是先陪老婆一起到美国，安顿好以后再回国，临近生产时再次前往美国，都是可以的，只要向海关如实说明，不用担心被拒\r\n\r\nQ：过海关能带多少现金？\r\n\r\nA:1万美金以下免申报，超过要申报，会麻烦一些，不过也不是不可以，准备好资金来源的文件，证明其合法性，并且告知用途就OK。不要为了省事而不申报，否则被没收遣返，后悔莫及。\r\n\r\nQ：入关拿到的停留期长短跟英语好不好有关系吗？\r\n\r\nA:风马牛不相及，无需担心，海关有翻译，可以告知海关你不会英语，海关会全程给你翻译的；切忌不懂装懂。\r\n\r\nQ：海关一般会问哪些问题？\r\n\r\nA:海关的问题很有哲理，也很简单粗暴\r\n\r\n你是谁，来自哪里，到哪里去，去干什么，有多少钱。如实回答并且提供我们建议准备的相关文件即可，然后放行\r\n\r\nQ：为什么大多数赴美生子的妈妈都在洛杉矶？\r\n\r\nA:产业发达完备，之前我们也有文章详细说明过，可以移步生美国际赴美生子的官网查阅。\r\n\r\nQ：到美国后，有司机接我们到住所吗？\r\n\r\nA:必须的。\r\n\r\nQ：到了美国，可以拿中国驾照租车吗？\r\n\r\nA:当然，中国驾照基本可以畅行美国，加州也是可以的，少数州不可以，我们在培训时都会详细讲解。\r\n\r\nQ：在美国，大家通常都使用哪些信用卡？\r\n\r\nA:最常使用的信用卡是万事达卡（MQster）、（VISQ）及美国运通卡（QMEX）、和发现卡(Discover)，中国的银联在美国的部分商场也是可以使用，但是最好申请一张全币卡，通行美国不受阻。",
      "file": {
        "fieldname": "file",
        "originalname": "4.png",
        "encoding": "7bit",
        "mimetype": "image/png",
        "destination": "E:\\work\\born\\public\\upload\\qas",
        "filename": "1513579803928-4.png",
        "path": "\\upload\\qas\\1513579803928-4.png",
        "size": 83225
      },
      "createdAt": "2017-12-18T06:50:03.962Z",
      "updatedAt": "2017-12-18T06:50:03.962Z",
      "src": "\\upload\\qas\\1513579803928-4.png"
    },
    {
      "id": "SyMRLkHzf",
      "title": "赴美生子最值得带回国的美国保健品（一）  ",
      "publishedDate": "2016/12/15",
      "published": "true",
      "abstract": "对于赴美生子的家庭而言，去美国生宝宝的同时，还可以游览美国的大好风景，品尝来自全球的美食，实在是一大享受；但是回国时，总要带点什么东西回去，自用或者馈赠亲戚朋友，否则就太可惜了，要知道在美国购买不仅价格便宜，而且质量很好。所以，我们会在我们生美的官方网站，官方微信，微博中陆续的给出美国最值得购买的产品攻略，给大家回国选购礼物作为参考。",
      "content": "<p><p>对于赴美生子的家庭而言，去美国生宝宝的同时，还可以游览美国的大好风景，品尝来自全球的美食，实在是一大享受；但是回国时，总要带点什么东西回去，自用或者馈赠亲戚朋友，否则就太可惜了，要知道在美国购买不仅价格便宜，而且质量很好。所以，我们会在我们生美的官方网站，官方微信，微博中陆续的给出美国最值得购买的产品攻略，给大家回国选购礼物作为参考。</p></p>\r\n<p><p>保健品</p></p>\r\n<pre><code>保健品适合带回国送给长辈，老人年纪大了，身体即使没有什么毛病，也是需要调养调养的；国内的食品，保健品，甚至是药品，一直面临着诸多问题，相信无需小编多言。所以从美国带回去更放心，当然价格还便宜。如果送给女性朋友的话，还可以买一些排毒，清肠，减肥相关的保健品。\r\n\r\n接下来我们生美的小编就为大家推荐一些美国的超值保健品，而且也深受国内消费者的欢迎，带回国送礼，既拿得出手，又有益家人朋友的身体健康。但是我们建议大家在购买之前最好是对家人或者朋友的身体状况有一定的了解，这样选择起来会更合适。\r\n\r\n\r\n\r\n1.蜂王浆（Royal Jelly）是青壮年工蜂产物，用来供蜂王终生享用。长久以来，蜂王浆都被认为有降低血糖，血脂，血压，抗氧化，控制血管扩张，保护肝脏，抗衰老等功效。此外蜂王浆还可以改善营养，补充脑力，保健神经系统等。市场上比较受欢迎的品牌有YS Eco Bee Farms 的蜂胶（Propolis）和Dr.Danielle’s的Bee Well 巴西蜂王浆。\r\n\r\n\r\n\r\n2.花旗参（Ginseng；也称西洋参），即美国人参（因美国曾被称为花旗国），味甘微苦，性凉，为滋阴清热上品，益肺，清火，生津止渴；是日常保健佳品。以威斯康辛州为佳，其中华人最喜爱的两个品牌分别是WOHO和许氏Hsu’s。\r\n![](\\upload\\photos\\1513582071712-7.png)\r\n3.Omega-3 和深海鱼油（ Fish Oil ）。Omeg-3是多元不饱和脂肪酸，在自然界中只有深海鱼类和奇亚籽等少数植物含有，具有抗炎症，抗血栓形成，抗心律形成，降低血脂，舒张血管的功效，还可以预防脑血栓，脑溢血，中风，适合三高人群。此外它还能缓解关节炎，痛风，哮喘，老年痴呆等症状。较为常见的Omega-3保健品和深海鱼油品牌有自然之宝Nature’s Bounty，Martek ，Dr.Tobias，HealthWorks的奇亚籽 和 Kirkland Signature。![](\\upload\\photos\\1513582065501-6.png)\r\n</code></pre>",
      "file": {
        "fieldname": "file",
        "originalname": "6.png",
        "encoding": "7bit",
        "mimetype": "image/png",
        "destination": "E:\\work\\born\\public\\upload\\qas",
        "filename": "1513582262918-6.png",
        "path": "\\upload\\qas\\1513582262918-6.png",
        "size": 456524
      },
      "createdAt": "2017-12-18T06:57:13.564Z",
      "updatedAt": "2017-12-18T07:31:02.942Z",
      "src": "\\upload\\qas\\1513582262918-6.png"
    },
    {
      "id": "HyuK-eHzz",
      "title": "赴美生子FQA（四）",
      "publishedDate": "12/18/2017",
      "published": "true",
      "abstract": "赴美生子FQA（四）",
      "content": "<p>Q：洛杉矶有什么购物地方？</p>\r\n<p>A:太多了，看你需要购买什么了，化妆品基本各个奥特莱斯都有，普通品牌在奥特莱斯也都可以找到，要购买奢侈品，棕榈泉奥特莱斯不可不去。如果宝宝出生以后要买奶粉，各大超市就可以找到，价格不高，而且质量无需担忧，更不存在什么限购。还有一些保健品在很多超市也都可以购买到，如果你不知道买什么东西带回国，可以参阅我们官网的文章《赴美生子值得购买的产品》持续更新中。。。</p>\r\n<p>Q：洛杉矶有什么好玩的地方？</p>\r\n<p>A:太多了，环球影城，迪士尼乐园，星光大道，长滩，圣塔莫妮卡海滩等等不胜枚举</p>\r\n<p>Q：到美国要给小费吗？</p>\r\n<p>A:如果你在外面消费接受了别人的服务，是要给小费的，美国本身是发达国家，第三产业也就是服务业非常发达，同时也是一个小费国家，小费是服务从业人员很重要的收入来源，所以一定要给，所谓入乡随俗。也发生过不少游客不给小费的情况，所以很多服务场所会把小费加在账单中，大约14%左右，如果账单中有，可以不用给了。很多月子中心也会收取各式的小费，不过在我们生美这里，是不收小费的，各位无需担心。</p>\r\n<p>Q：在美国有急发情况的时候应该拔打什么电话？</p>\r\n<p>A:紧急情况911，包含了警察，救护，消防。一般情况找我们在美国给你安排的服务人员就OK。</p>\r\n<p>Q：美国的电压、频率、插座跟国内有什么差别？</p>\r\n<p>A:美国110V电压，手机或者电脑之类的数码产品充电器可以直接用，其他电器需要转换。</p>\r\n<p>Q：美国的医生跟国内的有什么不同？</p>\r\n<p>A:医生不在医院，而在自己的诊所，产检在一个地方，生产在另外一个地方。</p>\r\n<p>Q：医生和医院可以刷卡吗？信用卡行吗？</p>\r\n<p>A:医生现金，医院现金刷卡均可</p>\r\n<p>Q：如果妈妈单独一个人去美国，在生产时没人照顾该怎么办？</p>\r\n<p>A:我们全程照料陪同，不过如果是要单独陪产，需另外收费。</p>\r\n<p>Q：在美国，顺产和剖腹产在医院要住多久？</p>\r\n<p>A:通常，顺产在医院不超过24小时，剖腹产会久一些，可能3-5天，按天收费。但是美国医院无论设备，还是医护人员都是比较nice的，定期会过来查看登记，有什么需要都会第一时间得到解决。</p>\r\n<p><img src=\"\\upload\\photos\\1513582077131-8.png\" alt=\"\"></p>\r\n",
      "file": {
        "fieldname": "file",
        "originalname": "3.png",
        "encoding": "7bit",
        "mimetype": "image/png",
        "destination": "E:\\work\\born\\public\\upload\\qas",
        "filename": "1513583148979-3.png",
        "path": "\\upload\\qas\\1513583148979-3.png",
        "size": 135167
      },
      "createdAt": "2017-12-18T07:42:56.404Z",
      "updatedAt": "2017-12-18T07:45:48.998Z",
      "src": "\\upload\\qas\\1513583148979-3.png"
    }
  ]
}