{
  "sites": [
    {
      "id": "SyZt224ff",
      "name": "生美国际",
      "contact": "02558843180",
      "keywords": "BornInUSA·生美国际是赴美生子一线品牌，全程服务，售后无忧，是中美两地直营的赴美生子机构，服务好，价格合理，所有服务写进合同里，无额外收费，终身服务，DIY，高端赴美生子市场领导者，放心的赴美生子月子中心。",
      "description": "BornInUSA·生美国际-中美直营的赴美生子咨询服务商-赴美生子-南京赴美生子-赴美生子机构-赴美生子月子中心",
      "footer": "Copyright © 2017 BornInUSA·生美国际 版权所有 苏ICP备：14000455号-2",
      "file": {
        "fieldname": "file",
        "originalname": "logo.png",
        "encoding": "7bit",
        "mimetype": "image/png",
        "destination": "E:\\work\\born\\public\\upload\\sites",
        "filename": "1513569400805-logo.png",
        "path": "\\upload\\sites\\1513569400805-logo.png",
        "size": 9085
      },
      "createdAt": "2017-12-18T03:56:40.817Z",
      "updatedAt": "2017-12-18T03:59:35.212Z",
      "src": "\\upload\\sites\\1513569400805-logo.png"
    }
  ]
}