{
  "sites": [
    {
      "id": "BkEwTybGf",
      "name": "生美国际",
      "contact": "025-58843180",
      "keywords": "赴美生子,赴美产子,去美国生孩子,去美国生宝宝,赴美生子DIY,赴美生子机构,南京赴美生子,美国坐月子,赴美生子月子中心,中美直营的赴美生子咨询服务商",
      "description": "BornInUSA·生美国际是赴美生子一线品牌，全程服务，售后无忧，是中美两地直营的赴美生子机构，服务好，价格合理，所有服务写进合同里，无额外收费，终身服务，DIY，高端赴美生子市场领导者，放心的赴美生子月子中心。",
      "footer": "Copyright © 2017 BornInUSA·生美国际 版权所有    苏ICP备：14000455号-2",
      "file": {
        "fieldname": "file",
        "originalname": "1513303215942-logo.png",
        "encoding": "7bit",
        "mimetype": "image/png",
        "destination": "/Users/vitoli/work/born/public/upload/sites",
        "filename": "1513405150693-1513303215942-logo.png",
        "path": "/upload/sites/1513405150693-1513303215942-logo.png",
        "size": 9085
      },
      "createdAt": "2017-12-15T06:36:11.719Z",
      "updatedAt": "2017-12-16T06:20:25.370Z",
      "src": "/upload/sites/1513405150693-1513303215942-logo.png"
    }
  ]
}