{
  "sites": [
    {
      "id": "SJOdiOV4G",
      "name": "生美国际",
      "contact": "025-58843180",
      "keywords": "BornInUSA·生美国际是赴美生子一线品牌，全程服务，售后无忧，是中美两地直营的赴美生子机构，服务好，价格合理，所有服务写进合同里，无额外收费，终身服务，DIY，高端赴美生子市场领导者，放心的赴美生子月子中心。",
      "description": "BornInUSA·生美国际-中美直营的赴美生子咨询服务商-赴美生子-南京赴美生子-赴美生子机构-赴美生子月子中心",
      "footer": "Copyright © 2017 BornInUSA·生美国际 版权所有 苏ICP备：14000455号-2",
      "file": {
        "fieldname": "file",
        "originalname": "logo.png",
        "encoding": "7bit",
        "mimetype": "image/png",
        "destination": "E:\\work\\born\\public\\upload\\sites",
        "filename": "1515649904079-logo.png",
        "path": "\\upload\\sites\\1515649904079-logo.png",
        "size": 9085
      },
      "createdAt": "2018-01-11T05:51:44.145Z",
      "updatedAt": "2018-01-11T09:38:26.851Z",
      "src": "\\upload\\sites\\1515649904079-logo.png",
      "_content": {
        "type": "snippets",
        "items": [
          {
            "id": "HyZfdM54Nf",
            "title": "关于生美"
          },
          {
            "id": "S12pzc44z",
            "title": "友情链接"
          },
          {
            "id": "BkpJm5EEz",
            "title": "联系我们"
          },
          {
            "id": "B1QWX9VVz",
            "title": "公众号"
          },
          {
            "id": "S1xf79NVG",
            "title": "微信号"
          }
        ]
      }
    }
  ]
}