{
  "slides": [
    {
      "id": "B1dAlkBMz",
      "name": "banner",
      "page": "home",
      "_content": {
        "type": "photos",
        "items": [
          {
            "id": "Sybl11rfz",
            "description": "DIY赴美生子适合哪些人，有哪些好处和弊端？",
            "src": "\\upload\\photos\\1513578216658-banner01.jpg",
            "name": "DIY赴美生子适合哪些人，有哪些好处和弊端？"
          },
          {
            "id": "S1pW1kHfz",
            "description": "usd5万等于一个美籍宝宝+全家移民美国",
            "src": "\\upload\\photos\\1513578244632-banner02.jpg",
            "name": "usd5万等于一个美籍宝宝+全家移民美国"
          },
          {
            "id": "H1FQ11HzG",
            "description": "盘点那些生在美国和赴美生子的名人",
            "src": "\\upload\\photos\\1513578272551-banner03.jpg",
            "name": "盘点那些生在美国和赴美生子的名人"
          }
        ]
      },
      "createdAt": "2017-12-18T06:31:43.882Z",
      "updatedAt": "2017-12-18T06:31:43.882Z"
    },
    {
      "id": "SyY0Z48GG",
      "name": "",
      "page": "process",
      "_content": {
        "type": "photos",
        "items": [
          {
            "id": "HJQuZV8Mf",
            "description": "",
            "src": "\\upload\\photos\\1513664875134-newsbanner.jpg",
            "name": ""
          }
        ]
      },
      "createdAt": "2017-12-19T06:29:37.255Z",
      "updatedAt": "2017-12-19T06:29:37.255Z"
    },
    {
      "id": "r167GEIGM",
      "name": "aboutbanner",
      "page": "about",
      "_content": {
        "type": "photos",
        "items": [
          {
            "id": "HJQuZV8Mf",
            "description": "",
            "src": "\\upload\\photos\\1513664875134-newsbanner.jpg",
            "name": ""
          }
        ]
      },
      "createdAt": "2017-12-19T06:31:01.329Z",
      "updatedAt": "2017-12-19T06:31:01.329Z"
    }
  ]
}