{
  "slides": [
    {
      "id": "S1IwaNzMf",
      "name": "home",
      "page": "home",
      "_content": {
        "type": "photos",
        "items": [
          {
            "id": "S1YXaEzzz",
            "description": "home-banner1",
            "src": "/upload/photos/1513405728881-banner01.jpg",
            "name": "home-banner1"
          },
          {
            "id": "SymSaVMff",
            "description": "home-banner2",
            "src": "/upload/photos/1513405754967-banner02.jpg",
            "name": "home-banner2"
          },
          {
            "id": "SJUIa4zMG",
            "description": "home-banner3",
            "src": "/upload/photos/1513405773801-banner03.jpg",
            "name": "home-banner3"
          }
        ]
      },
      "createdAt": "2017-12-16T06:29:50.192Z",
      "updatedAt": "2017-12-16T06:29:50.192Z"
    }
  ]
}