{
  "snippets": [
    {
      "id": "rJ6jmJZfG",
      "title": "直营品牌保障",
      "content": "洛杉矶老牌直营月子中心，国内外同一服务团队。正规注册公司，安全有保障。",
      "createdAt": "2017-12-15T05:54:45.167Z",
      "updatedAt": "2017-12-15T07:21:08.575Z",
      "published": "true",
      "file": {
        "fieldname": "file",
        "originalname": "part3_03.png",
        "encoding": "7bit",
        "mimetype": "image/png",
        "destination": "/Users/vitoli/work/born/public/upload",
        "filename": "1513322468559-part3_03.png",
        "path": "/upload/snippets/1513322468559-part3_03.png",
        "size": 6413
      },
      "src": "/upload/snippets/1513322468559-part3_03.png"
    },
    {
      "id": "SJStVy-Mf",
      "title": "一站式定制服务",
      "content": "一站式定制服务一站式定制服务一站式定制服务一站式定制服务一站式定制服务",
      "createdAt": "2017-12-15T05:58:20.948Z",
      "updatedAt": "2017-12-15T07:23:51.647Z",
      "published": "true",
      "file": {
        "fieldname": "file",
        "originalname": "part3_02.png",
        "encoding": "7bit",
        "mimetype": "image/png",
        "destination": "/Users/vitoli/work/born/public/upload",
        "filename": "1513322631562-part3_02.png",
        "path": "/upload/snippets/1513322631562-part3_02.png",
        "size": 6949
      },
      "src": "/upload/snippets/1513322631562-part3_02.png"
    },
    {
      "id": "H1HcEk-MM",
      "title": "赴美生子诚实签",
      "content": "赴美生子诚实签赴美生子诚实签赴美生子诚实签赴美生子诚实签赴美生子诚实签",
      "createdAt": "2017-12-15T05:58:36.977Z",
      "updatedAt": "2017-12-15T07:24:03.006Z",
      "published": "true",
      "file": {
        "fieldname": "file",
        "originalname": "part3_04.png",
        "encoding": "7bit",
        "mimetype": "image/png",
        "destination": "/Users/vitoli/work/born/public/upload",
        "filename": "1513322643002-part3_04.png",
        "path": "/upload/snippets/1513322643002-part3_04.png",
        "size": 6791
      },
      "src": "/upload/snippets/1513322643002-part3_04.png"
    },
    {
      "id": "HkWoEJbGz",
      "title": "套餐价格多样",
      "content": "套餐价格多样套餐价格多样套餐价格多样套餐价格多样套餐价格多样",
      "createdAt": "2017-12-15T05:58:48.678Z",
      "updatedAt": "2017-12-15T07:24:14.629Z",
      "published": "true",
      "file": {
        "fieldname": "file",
        "originalname": "part3_05.png",
        "encoding": "7bit",
        "mimetype": "image/png",
        "destination": "/Users/vitoli/work/born/public/upload",
        "filename": "1513322654575-part3_05.png",
        "path": "/upload/snippets/1513322654575-part3_05.png",
        "size": 7146
      },
      "src": "/upload/snippets/1513322654575-part3_05.png"
    },
    {
      "id": "Sy2j41Wff",
      "title": "免费预约服务",
      "content": "免费预约服务免费预约服务免费预约服务免费预约服务免费预约服务",
      "createdAt": "2017-12-15T05:58:59.897Z",
      "updatedAt": "2017-12-15T07:24:25.501Z",
      "published": "true",
      "file": {
        "fieldname": "file",
        "originalname": "part3_06.png",
        "encoding": "7bit",
        "mimetype": "image/png",
        "destination": "/Users/vitoli/work/born/public/upload",
        "filename": "1513322665451-part3_06.png",
        "path": "/upload/snippets/1513322665451-part3_06.png",
        "size": 6767
      },
      "src": "/upload/snippets/1513322665451-part3_06.png"
    },
    {
      "id": "Bk3hNy-Gf",
      "title": "严保客户隐私",
      "content": "严保客户隐私严保客户隐私严保客户隐私严保客户隐私严保客户隐私",
      "createdAt": "2017-12-15T05:59:15.777Z",
      "updatedAt": "2017-12-15T07:24:36.325Z",
      "published": "true",
      "file": {
        "fieldname": "file",
        "originalname": "part3_07.png",
        "encoding": "7bit",
        "mimetype": "image/png",
        "destination": "/Users/vitoli/work/born/public/upload",
        "filename": "1513322676323-part3_07.png",
        "path": "/upload/snippets/1513322676323-part3_07.png",
        "size": 6884
      },
      "src": "/upload/snippets/1513322676323-part3_07.png"
    },
    {
      "id": "r1MrEHMzM",
      "title": "省心",
      "description": "一站式定制服务",
      "published": "true",
      "content": "售前咨询，轻松美签，顺利过关。",
      "file": {
        "fieldname": "file",
        "originalname": "part10_01.png",
        "encoding": "7bit",
        "mimetype": "image/png",
        "destination": "/Users/vitoli/work/born/public/upload/snippets",
        "filename": "1513407545694-part10_01.png",
        "path": "/upload/snippets/1513407545694-part10_01.png",
        "size": 4837
      },
      "createdAt": "2017-12-16T06:59:05.742Z",
      "updatedAt": "2017-12-16T06:59:05.742Z",
      "src": "/upload/snippets/1513407545694-part10_01.png"
    },
    {
      "id": "Hyw84HGGM",
      "title": "放心",
      "description": "权威专业机构",
      "published": "true",
      "content": "直营服务，保障权益。",
      "file": {
        "fieldname": "file",
        "originalname": "part10_02.png",
        "encoding": "7bit",
        "mimetype": "image/png",
        "destination": "/Users/vitoli/work/born/public/upload/snippets",
        "filename": "1513407567092-part10_02.png",
        "path": "/upload/snippets/1513407567092-part10_02.png",
        "size": 4288
      },
      "createdAt": "2017-12-16T06:59:27.095Z",
      "updatedAt": "2017-12-16T06:59:27.095Z",
      "src": "/upload/snippets/1513407567092-part10_02.png"
    },
    {
      "id": "Hk3D4rzMG",
      "title": "安心",
      "description": "保障体系",
      "published": "true",
      "content": "专业团队，全程相随。",
      "file": {
        "fieldname": "file",
        "originalname": "part10_03.png",
        "encoding": "7bit",
        "mimetype": "image/png",
        "destination": "/Users/vitoli/work/born/public/upload/snippets",
        "filename": "1513407588164-part10_03.png",
        "path": "/upload/snippets/1513407588164-part10_03.png",
        "size": 4698
      },
      "createdAt": "2017-12-16T06:59:48.166Z",
      "updatedAt": "2017-12-16T06:59:48.166Z",
      "src": "/upload/snippets/1513407588164-part10_03.png"
    },
    {
      "id": "rJ7KVHGzG",
      "title": "贴心",
      "description": "私人管家随访",
      "published": "true",
      "content": "独立别墅，安心待产。",
      "file": {
        "fieldname": "file",
        "originalname": "part10_04.png",
        "encoding": "7bit",
        "mimetype": "image/png",
        "destination": "/Users/vitoli/work/born/public/upload/snippets",
        "filename": "1513407610774-part10_04.png",
        "path": "/upload/snippets/1513407610774-part10_04.png",
        "size": 5196
      },
      "createdAt": "2017-12-16T07:00:10.839Z",
      "updatedAt": "2017-12-16T07:00:10.839Z",
      "src": "/upload/snippets/1513407610774-part10_04.png"
    },
    {
      "id": "rkF9ErzGM",
      "title": "热心",
      "description": "专业服务团队",
      "published": "true",
      "content": "终身售后，尽享无忧。",
      "file": {
        "fieldname": "file",
        "originalname": "part10_05.png",
        "encoding": "7bit",
        "mimetype": "image/png",
        "destination": "/Users/vitoli/work/born/public/upload/snippets",
        "filename": "1513407632985-part10_05.png",
        "path": "/upload/snippets/1513407632985-part10_05.png",
        "size": 5419
      },
      "createdAt": "2017-12-16T07:00:33.048Z",
      "updatedAt": "2017-12-16T07:00:33.048Z",
      "src": "/upload/snippets/1513407632985-part10_05.png"
    },
    {
      "id": "BkcweqQzf",
      "title": "1.选择专业机",
      "description": "选择一家专业的赴美生子机构会让你事半功倍，无论是签证还是海关，都可以大大提高通过率，没有鱼龙混杂的攻略，也不用担心海外被坑，无人相助，更不用担心回国后无人搭理，陪伴你的只有顺利和安心。",
      "published": "true",
      "content": "",
      "category": "flow",
      "file": {
        "fieldname": "file",
        "originalname": "picture1_his.png",
        "encoding": "7bit",
        "mimetype": "image/png",
        "destination": "/Users/vitoli/work/born/public/upload/snippets",
        "filename": "1513492577821-picture1_his.png",
        "path": "/upload/snippets/1513492577821-picture1_his.png",
        "size": 14958
      },
      "createdAt": "2017-12-17T06:36:17.892Z",
      "updatedAt": "2017-12-17T06:36:17.892Z",
      "src": "/upload/snippets/1513492577821-picture1_his.png"
    },
    {
      "id": "SkgtxqQMz",
      "title": "2.签证申请",
      "description": "这一步能顺利通过，那么其他都好说，所以请重视这一步！",
      "published": "true",
      "content": "",
      "category": "flow",
      "file": {
        "fieldname": "file",
        "originalname": "picture2_his.png",
        "encoding": "7bit",
        "mimetype": "image/png",
        "destination": "/Users/vitoli/work/born/public/upload/snippets",
        "filename": "1513492600047-picture2_his.png",
        "path": "/upload/snippets/1513492600047-picture2_his.png",
        "size": 12945
      },
      "createdAt": "2017-12-17T06:36:40.054Z",
      "updatedAt": "2017-12-17T06:36:40.054Z",
      "src": "/upload/snippets/1513492600047-picture2_his.png"
    },
    {
      "id": "Hkjqe9XGf",
      "title": "3.通过海关",
      "description": "有句话叫做，美国签证官只能决定是否给你签证，但是美国海关才能决定你是否能踏入美国领土！在这里如果进了小黑屋，毫不夸张的说，可能会是你最无助的时候，没有隐私可言，也没有律师可言帮你，所以这一步，你可以紧张起来。",
      "published": "true",
      "content": "",
      "category": "flow",
      "file": {
        "fieldname": "file",
        "originalname": "picture3_his.png",
        "encoding": "7bit",
        "mimetype": "image/png",
        "destination": "/Users/vitoli/work/born/public/upload/snippets",
        "filename": "1513492627156-picture3_his.png",
        "path": "/upload/snippets/1513492627156-picture3_his.png",
        "size": 36948
      },
      "createdAt": "2017-12-17T06:37:07.223Z",
      "updatedAt": "2017-12-17T06:37:07.223Z",
      "src": "/upload/snippets/1513492627156-picture3_his.png"
    },
    {
      "id": "HygnxcmGf",
      "title": "4.抵达美国",
      "description": "可以放松了！",
      "published": "true",
      "content": "",
      "category": "flow",
      "file": {
        "fieldname": "file",
        "originalname": "picture4_his.png",
        "encoding": "7bit",
        "mimetype": "image/png",
        "destination": "/Users/vitoli/work/born/public/upload/snippets",
        "filename": "1513492648244-picture4_his.png",
        "path": "/upload/snippets/1513492648244-picture4_his.png",
        "size": 62723
      },
      "createdAt": "2017-12-17T06:37:28.249Z",
      "updatedAt": "2017-12-17T06:37:28.249Z",
      "src": "/upload/snippets/1513492648244-picture4_his.png"
    },
    {
      "id": "SJGReqXzf",
      "title": "5.预约产检",
      "description": "伴随着第一次产检的结束，王子还是你的公主已经揭晓，爸妈们可以准备孩子出生后要有的物品了。",
      "published": "true",
      "content": "",
      "category": "flow",
      "file": {
        "fieldname": "file",
        "originalname": "picture3_his.png",
        "encoding": "7bit",
        "mimetype": "image/png",
        "destination": "/Users/vitoli/work/born/public/upload/snippets",
        "filename": "1513492681516-picture3_his.png",
        "path": "/upload/snippets/1513492681516-picture3_his.png",
        "size": 36948
      },
      "createdAt": "2017-12-17T06:38:01.519Z",
      "updatedAt": "2017-12-17T06:38:01.519Z",
      "src": "/upload/snippets/1513492681516-picture3_his.png"
    },
    {
      "id": "BJrkZqXGz",
      "title": "6.静养待产",
      "description": "吃、喝、玩、了！当然不要忘记控制体重！。",
      "published": "true",
      "content": "",
      "category": "flow",
      "file": {
        "fieldname": "file",
        "originalname": "history09Img.png",
        "encoding": "7bit",
        "mimetype": "image/png",
        "destination": "/Users/vitoli/work/born/public/upload/snippets",
        "filename": "1513492701164-history09Img.png",
        "path": "/upload/snippets/1513492701164-history09Img.png",
        "size": 133759
      },
      "createdAt": "2017-12-17T06:38:21.166Z",
      "updatedAt": "2017-12-17T06:38:21.166Z",
      "src": "/upload/snippets/1513492701164-history09Img.png"
    },
    {
      "id": "Bkix-57GM",
      "title": "7.宝宝出生",
      "description": "一生中最幸福的时刻！妈妈辛苦了，好好休息。",
      "published": "true",
      "content": "",
      "category": "flow",
      "file": {
        "fieldname": "file",
        "originalname": "picture5_his.png",
        "encoding": "7bit",
        "mimetype": "image/png",
        "destination": "/Users/vitoli/work/born/public/upload/snippets",
        "filename": "1513492722840-picture5_his.png",
        "path": "/upload/snippets/1513492722840-picture5_his.png",
        "size": 138048
      },
      "createdAt": "2017-12-17T06:38:42.872Z",
      "updatedAt": "2017-12-17T06:38:42.872Z",
      "src": "/upload/snippets/1513492722840-picture5_his.png"
    },
    {
      "id": "r1kz-qXff",
      "title": "8.证件办理",
      "description": "出生纸，护照等重要证件。",
      "published": "true",
      "content": "",
      "category": "flow",
      "file": {
        "fieldname": "file",
        "originalname": "history13Img.png",
        "encoding": "7bit",
        "mimetype": "image/png",
        "destination": "/Users/vitoli/work/born/public/upload/snippets",
        "filename": "1513492742763-history13Img.png",
        "path": "/upload/snippets/1513492742763-history13Img.png",
        "size": 59157
      },
      "createdAt": "2017-12-17T06:39:02.767Z",
      "updatedAt": "2017-12-17T06:39:02.767Z",
      "src": "/upload/snippets/1513492742763-history13Img.png"
    },
    {
      "id": "SJt7Zqmzz",
      "title": "9.安全回国",
      "description": "2个人赴美，3个人返程，再没有比这更美好的旅行了！告别为期3个月的美国之旅，带着幸福重返祖国怀抱。",
      "published": "true",
      "content": "",
      "category": "flow",
      "file": {
        "fieldname": "file",
        "originalname": "picture6_his.png",
        "encoding": "7bit",
        "mimetype": "image/png",
        "destination": "/Users/vitoli/work/born/public/upload/snippets",
        "filename": "1513492768827-picture6_his.png",
        "path": "/upload/snippets/1513492768827-picture6_his.png",
        "size": 52723
      },
      "createdAt": "2017-12-17T06:39:28.829Z",
      "updatedAt": "2017-12-17T06:39:28.829Z",
      "src": "/upload/snippets/1513492768827-picture6_his.png"
    },
    {
      "id": "rkb4Em57fM",
      "title": "签证办理是整个赴美生子流程中第一步，也是最重要的一步。",
      "description": "",
      "published": "true",
      "content": "般而言，一个人中国人想要出国，首先你需要准备一本护照，护照通常是由个人户籍所在的的公安系统下属的出入境管理局来办理的，有效期通常为10年，到期更换，护照是一个主权国家的公民在世界范围内通行的合法证件。举个例子，就像我们平时在国内，不管是去存钱，买车，买房，住宿等，都是用身份证来登记，但是当到另外一个国家，我们的身份证是无效的，所以就需要用到护照，护照可以说是“世界身份证”。\r\n\r\n\r\n\r\n那么我们有护照就OK了吗？是不是想去哪里都可以呢，答案是否定的，护照虽然是全球范围内的合法证件，但是并不意味着你可以去任何地方，就像你虽然有身份证，却不能随意进出别人家，需要征得别人同意才可以。同样，你需要符合你想要去的国家或地区的要求才可以，所以另外一个需要的证件就是签证，签证是你想要前往的国家颁发给你的合法证件，证明你已经被授权前往这个国家。\r\n\r\n不同国家对签证办理者的要求不一样，通常基本的要求就是你要证明你有充分的能力来完成你所要前往该国的目的。这个能力通常是指经济能力。所以银行的存款证明，固定资产，工作证明这些都是必备的。必要材料准备好以后，提交给该国驻华领事馆就ok，通过率通常也比较高，而且很多时候都是由旅行社来操作的，这是大部分国家对于签证办理的要求。\r\n\r\n赴美生子本身也是一种出国行为，所以护照和签证必不可少，美国签证不同于其他国家，除了需要提供上述材料以外还有一个特点就是需要面签(通常针对首次办理美国签证)，何为面签？其实就是在你像美国驻华领馆提供预约之后，你需要在约定的时间前往美国驻华领馆去进行面谈，颇有面试的感觉，可以说是为了将赴美申请者做一次筛选，来判断你赴美的目的是否与你申请的内容相符，所以说赴美生子的第一关就是签证办理，签证办理的成功与否决定了你是否能有一个美国宝宝。\r\n\r\n\r\n\r\n",
      "category": "visa",
      "createdAt": "2017-12-17T06:48:12.412Z",
      "updatedAt": "2017-12-17T06:48:12.412Z"
    },
    {
      "id": "SJ_B7qmzM",
      "title": "如果你希望孩子能在美国出生，成为美国公民，务必要认真对待签证办理这一环节。",
      "description": "",
      "published": "true",
      "content": "实际上前往美国的签证类型有很多种，如多数人所熟知的留学签证，工作签证，旅游签证等等，然而却是没有赴美生子这一种类型签证的，赴美生子使用的是旅游签证类型，也就是B1/B2签证，所以有很多人觉得有旅游签证就OK了，早些年很多人都是去办理旅游签证，然后孩子还没有出生之前，或者孕妇的腹部还不明显的时候，去美国，孩子生完之后再回国，这种行为其实属违法，有签证欺诈的嫌疑，一但被海关查实，遣返是轻，重者数年甚至终身不得入境，即使孩子在美国出生，但是做父母的可能此生再也无缘美国。因为旅游和赴美生子是两个不同的目的，你办理旅游签证的时候和面签官所说的话，所准备的材料肯定和赴美生子是不一样的。\r\n\r\n近些年，在赴美生子行业有一个叫做诚实签的说法，最早是由一家从事赴美生子的公司提出的，其实，这个名词的噱头要远大于其实际效果，直接或者间接的给很多人也带来了一些迷惑，即什么是诚实签？为什么美国领馆没有诚实签这种类型的签证？或者赴美生子是要办理一种叫诚实签的签证吗？\r\n\r\n首先，前往美国的签证类型中是没有诚实签这种签证类型的，这个说法很容易给人带来误导和困惑；其次，赴美生子要诚实签，难道其他赴美目的就不要诚实签了吗？实际上在申请美国签证的过程中，无论你申请的是何种签证类型，最基本的要求就是必须诚实，如实告知你的目的，信用是一个人的立身之本，如果在签证办理的的时候都不能做到诚实，面签官很难不怀疑你去美国是否会诚实，肯定不会通过你的申请。而且即使未来，你获得美国绿卡，加入美国国籍，也同样有可能因为你面签时的不诚实而被撤销。\r\n\r\n\r\n\r\n所以不要把旅游签证当成赴美生子的签证来用，办理旅游签证和赴美生子的签证都是叫B1／B2类型，但是对于资料的要求其实是不一样的，如果以旅游签证的资料来申请赴美生子的话，成功的概率相对较低，而目前，并没有机构专门从事赴美生子的签证办理，通常这类签证都是由从事赴美生子相关的公司来进行指导办理，基于经验和我们给予的建议以及材料，再加上面签前的培训和重点注意事项的讲解，可以大大提升签证办理的成功率。\r\n\r\n关于生美国际\r\n\r\n公司概况\r\n新闻中心\r\n相关网站\r\n\r\n生美国际\r\n生美国际\r\n生美国际\r\n联系我们\r\n\r\n联系我们\r\n\r\n",
      "category": "visa",
      "createdAt": "2017-12-17T06:48:31.988Z",
      "updatedAt": "2017-12-17T06:48:31.988Z"
    },
    {
      "id": "BkbT5Qc7fz",
      "title": "Garfield Medical Center",
      "description": "",
      "published": "true",
      "content": "嘉惠尔医疗中心坐落在加州蒙特利公园，是一个拥有210个床位的可以进行医疗和外科手术的综合性医院。 据近些年的统计，医院已经接待了11586位住院患者，21621位急诊患者，并且每年接受约1949例的住院手术和2602例门诊外科手术 并且还是是联合委员会认证医院。\r\n\r\n该医疗中心于1921年开张，经过多年发展，现如今，嘉惠尔医疗中心每年的营收约12亿美金，有970位雇员，是当地的第二大雇主。 在为患者提供高品质悉心的服务方面，嘉惠尔医院可谓历史悠久，在超过80年的时间里提供给患者高质量，可靠的护理，全方位的服务和急诊护理设施。\r\n\r\n· 500位医生和1300位雇员\r\n       ·  翻译服务\r\n       ·  STEMI 成员医院\r\n       ·  中风指定医院\r\n       ·  急诊服务",
      "category": "hospital",
      "file": {
        "fieldname": "file",
        "originalname": "1.jpeg",
        "encoding": "7bit",
        "mimetype": "image/jpeg",
        "destination": "/Users/vitoli/work/born/public/upload/snippets",
        "filename": "1513493397442-1.jpeg",
        "path": "/upload/snippets/1513493397442-1.jpeg",
        "size": 55373
      },
      "createdAt": "2017-12-17T06:49:57.463Z",
      "updatedAt": "2017-12-17T06:49:57.463Z",
      "src": "/upload/snippets/1513493397442-1.jpeg"
    },
    {
      "id": "H1ZvFEqmGz",
      "title": "   需要办理的证件",
      "description": "",
      "published": "true",
      "content": "到这一步，首先恭喜您的宝宝已经平平安安的出生了，并且拥有了美国身份。 下面我们要做的就是给宝宝办理证件，无论是将来在美国生活，上学，工作，还是出国都是需要用到的。宝宝主要需要办理的证件有5个，分别是出生纸，社会安全卡，护照，旅行证，三级认证：",
      "category": "certificate",
      "createdAt": "2017-12-17T06:53:51.501Z",
      "updatedAt": "2017-12-17T06:53:51.501Z"
    },
    {
      "id": "rJE9N5Xzz",
      "title": "证件的作用",
      "description": "",
      "published": "true",
      "content": "其中出生纸，社会安全卡，是每一个在美国出生的孩子都需要办理的证件，这是法律上证明一个人是美国公民的文件，并且需要立即办理。而护照时当美国公民出国时候需要的证件，可以随时办理，如果一生不离开美国，甚至不需要办理。\r\n旅行证和三级认证是回到中国所需要的证件，中国政府规定，夫妻双方均为中国公民，其子女在海外出生亦是中国国籍，回国需要使用旅行证。旅行证可以到中国驻当地大使馆进行办理。如果孩子回国希望上户口，那么还需要三级认证，这个需要到县郡政府，州政府和领事馆进行办理的。\r\n当一切手续办理完毕之后，也就意味着，在美国的生活接近尾声，法律上的障碍都已扫清，可以随时返回祖国！当然这些证件看起来是有些繁琐，不过都会由我们生美国际的工作人员帮大家处理好，也不会收取额外的费用，做父母的尽管安心的照顾宝宝就可以啦！",
      "category": "certificate",
      "createdAt": "2017-12-17T06:54:04.061Z",
      "updatedAt": "2017-12-17T06:54:04.061Z"
    }
  ]
}