{
  "snippets": [
    {
      "id": "B1WRbG-rGf",
      "title": "省心",
      "published": "true",
      "description": "一站式定制服务",
      "content": "售前咨询，轻松美签，顺利过关。",
      "category": "snippets_provide",
      "file": {
        "fieldname": "file",
        "originalname": "part10_01.png",
        "encoding": "7bit",
        "mimetype": "image/png",
        "destination": "E:\\work\\born\\public\\upload\\snippets",
        "filename": "1513587205582-part10_01.png",
        "path": "\\upload\\snippets\\1513587205582-part10_01.png",
        "size": 4837
      },
      "createdAt": "2017-12-18T08:53:25.636Z",
      "updatedAt": "2017-12-18T08:53:25.636Z",
      "src": "\\upload\\snippets\\1513587205582-part10_01.png"
    },
    {
      "id": "BkK7fWBMz",
      "title": "放心",
      "published": "true",
      "description": "权威专业机构",
      "content": "直营服务，保障权益。",
      "category": "snippets_provide",
      "file": {
        "fieldname": "file",
        "originalname": "part10_02.png",
        "encoding": "7bit",
        "mimetype": "image/png",
        "destination": "E:\\work\\born\\public\\upload\\snippets",
        "filename": "1513587232982-part10_02.png",
        "path": "\\upload\\snippets\\1513587232982-part10_02.png",
        "size": 4288
      },
      "createdAt": "2017-12-18T08:53:52.993Z",
      "updatedAt": "2017-12-18T08:53:52.993Z",
      "src": "\\upload\\snippets\\1513587232982-part10_02.png"
    },
    {
      "id": "SkvHG-rGG",
      "title": "安心",
      "published": "true",
      "description": "保障体系",
      "content": "专业团队，全程相随。",
      "category": "snippets_provide",
      "file": {
        "fieldname": "file",
        "originalname": "part10_03.png",
        "encoding": "7bit",
        "mimetype": "image/png",
        "destination": "E:\\work\\born\\public\\upload\\snippets",
        "filename": "1513587263388-part10_03.png",
        "path": "\\upload\\snippets\\1513587263388-part10_03.png",
        "size": 4698
      },
      "createdAt": "2017-12-18T08:54:23.416Z",
      "updatedAt": "2017-12-18T08:54:23.416Z",
      "src": "\\upload\\snippets\\1513587263388-part10_03.png"
    },
    {
      "id": "r1YvzWBMG",
      "title": "贴心",
      "published": "true",
      "description": "私人管家随访",
      "content": "独立别墅，安心待产。",
      "category": "snippets_provide",
      "file": {
        "fieldname": "file",
        "originalname": "part10_04.png",
        "encoding": "7bit",
        "mimetype": "image/png",
        "destination": "E:\\work\\born\\public\\upload\\snippets",
        "filename": "1513587296630-part10_04.png",
        "path": "\\upload\\snippets\\1513587296630-part10_04.png",
        "size": 5196
      },
      "createdAt": "2017-12-18T08:54:56.645Z",
      "updatedAt": "2017-12-18T08:54:56.645Z",
      "src": "\\upload\\snippets\\1513587296630-part10_04.png"
    },
    {
      "id": "BJ-czZSzf",
      "title": "热心",
      "published": "true",
      "description": "专业服务团队",
      "content": "终身售后，尽享无忧。",
      "category": "snippets_provide",
      "file": {
        "fieldname": "file",
        "originalname": "part10_05.png",
        "encoding": "7bit",
        "mimetype": "image/png",
        "destination": "E:\\work\\born\\public\\upload\\snippets",
        "filename": "1513587336971-part10_05.png",
        "path": "\\upload\\snippets\\1513587336971-part10_05.png",
        "size": 5419
      },
      "createdAt": "2017-12-18T08:55:36.979Z",
      "updatedAt": "2017-12-18T08:55:36.979Z",
      "src": "\\upload\\snippets\\1513587336971-part10_05.png"
    },
    {
      "id": "S1KEE-BMM",
      "title": "直营品牌保障",
      "published": "true",
      "description": "洛杉矶老牌直营月子中心，国内外同一服务团队。正规注册公司，安全有保障。",
      "category": "snippets_vantage",
      "file": {
        "fieldname": "file",
        "originalname": "part3_03.png",
        "encoding": "7bit",
        "mimetype": "image/png",
        "destination": "E:\\work\\born\\public\\upload\\snippets",
        "filename": "1513588574371-part3_03.png",
        "path": "\\upload\\snippets\\1513588574371-part3_03.png",
        "size": 6413
      },
      "createdAt": "2017-12-18T09:02:41.252Z",
      "updatedAt": "2017-12-18T09:16:14.388Z",
      "src": "\\upload\\snippets\\1513588574371-part3_03.png"
    },
    {
      "id": "rJP_VWBfz",
      "title": "一站式定制服务",
      "published": "true",
      "description": "一站式定制服务一站式定制服务一站式定制服务",
      "category": "snippets_vantage",
      "file": {
        "fieldname": "file",
        "originalname": "part3_02.png",
        "encoding": "7bit",
        "mimetype": "image/png",
        "destination": "E:\\work\\born\\public\\upload\\snippets",
        "filename": "1513588588402-part3_02.png",
        "path": "\\upload\\snippets\\1513588588402-part3_02.png",
        "size": 6949
      },
      "createdAt": "2017-12-18T09:03:42.525Z",
      "updatedAt": "2017-12-18T09:16:28.417Z",
      "src": "\\upload\\snippets\\1513588588402-part3_02.png"
    },
    {
      "id": "Bkq5EWrGG",
      "title": " 赴美生子诚实签",
      "published": "true",
      "description": " 赴美生子诚实签 赴美生子诚实签 赴美生子诚实签",
      "category": "snippets_vantage",
      "file": {
        "fieldname": "file",
        "originalname": "part3_05.png",
        "encoding": "7bit",
        "mimetype": "image/png",
        "destination": "E:\\work\\born\\public\\upload\\snippets",
        "filename": "1513588610163-part3_05.png",
        "path": "\\upload\\snippets\\1513588610163-part3_05.png",
        "size": 7146
      },
      "createdAt": "2017-12-18T09:04:18.485Z",
      "updatedAt": "2017-12-18T09:16:50.186Z",
      "src": "\\upload\\snippets\\1513588610163-part3_05.png"
    },
    {
      "id": "ry8hNbSfG",
      "title": "套餐价格多样",
      "published": "true",
      "description": "套餐价格多样套餐价格多样",
      "category": "snippets_vantage",
      "file": {
        "fieldname": "file",
        "originalname": "part3_07.png",
        "encoding": "7bit",
        "mimetype": "image/png",
        "destination": "E:\\work\\born\\public\\upload\\snippets",
        "filename": "1513588617961-part3_07.png",
        "path": "\\upload\\snippets\\1513588617961-part3_07.png",
        "size": 6884
      },
      "createdAt": "2017-12-18T09:04:46.181Z",
      "updatedAt": "2017-12-18T09:16:57.972Z",
      "src": "\\upload\\snippets\\1513588617961-part3_07.png"
    },
    {
      "id": "r1rRV-SMG",
      "title": "免费预约服务",
      "published": "true",
      "description": "免费预约服务免费预约服务免费预约服务",
      "category": "snippets_vantage",
      "file": {
        "fieldname": "file",
        "originalname": "part3_05.png",
        "encoding": "7bit",
        "mimetype": "image/png",
        "destination": "E:\\work\\born\\public\\upload\\snippets",
        "filename": "1513588639692-part3_05.png",
        "path": "\\upload\\snippets\\1513588639692-part3_05.png",
        "size": 7146
      },
      "createdAt": "2017-12-18T09:05:16.767Z",
      "updatedAt": "2017-12-18T09:17:19.731Z",
      "src": "\\upload\\snippets\\1513588639692-part3_05.png"
    },
    {
      "id": "r1BgSWBzf",
      "title": "严保客户隐私",
      "published": "true",
      "description": "严保客户隐私严保客户隐私",
      "category": "snippets_vantage",
      "file": {
        "fieldname": "file",
        "originalname": "part3_06.png",
        "encoding": "7bit",
        "mimetype": "image/png",
        "destination": "E:\\work\\born\\public\\upload\\snippets",
        "filename": "1513588630699-part3_06.png",
        "path": "\\upload\\snippets\\1513588630699-part3_06.png",
        "size": 6767
      },
      "createdAt": "2017-12-18T09:05:48.924Z",
      "updatedAt": "2017-12-18T09:18:04.898Z",
      "src": "\\upload\\snippets\\1513588630699-part3_06.png"
    },
    {
      "id": "S1yeabHfG",
      "title": "联系我们",
      "published": "true",
      "content": "<p>联系电话: 025-58843180&nbsp;</p><p>联系邮箱: appt@borninusa.cn</p><p>投诉建议: coop@borninusa.cn&nbsp;</p><p>投稿合作: comp@borninusa.cn</p><p>地址：南京市浦口区江浦街道浦口大道37号明发新城中心02幢3单元1807室\r\n温馨提示</p>",
      "category": "snippets_contact",
      "createdAt": "2017-12-18T09:39:50.999Z",
      "updatedAt": "2017-12-19T01:50:25.901Z"
    },
    {
      "id": "rkiZp-rzf",
      "title": "温馨提示",
      "published": "true",
      "content": "<p>为了更好的为您提供全面及专业的服务，请您来访之前务必进行提前预约,否则可能无法接待您的到访，敬请谅解。您可以通过以下方式进行预约： 拨打我们的预约电话025-58843180进行预约； 或者发送邮件到我们的预约邮箱appt@borninusa.cn，请附带您的联系方式和姓名以及来访时间和人数，我们会第一时间回复您； 我们期待您的到访；</p><p>如您驾车前来，可以直接导航至公司地址，公司地下室和地面均有免费停车位，办公大楼前主干道目前正在进行市政维修，建议避开早晚高峰，以免拥堵；</p><p>也可以乘坐地铁10号线至南京工业大学站，从3号出口即可；</p><p>写字楼内部有部分商户在进行装修，请注意安全；</p><p>如果您对我们的工作有任何的意见或者建议，可以随时致电或者发送至我们的邮箱：coop@borninusa.cn;</p><p>6.我们欢迎有旅美经历，在美生活，或者对美国有独到见解的朋友投稿； 要求：文笔优美，内容精简，绝对原创，亲身体验者最佳； 来稿请附带个人简单资料，如姓名，笔名，联系方式等，务必附带打款账号，一经录用，会支付相应稿酬。 来稿即视为独家授权，如经录用，请勿再投其他途径； 来稿请投comp@borninusa.cn;</p><p><img src=\"http://localhost:8087/upload/photos/1513648122013-2.png\"/></p>",
      "category": "snippets_contact",
      "createdAt": "2017-12-18T09:40:19.207Z",
      "updatedAt": "2017-12-19T01:48:46.591Z"
    },
    {
      "id": "BJbki6ZBGf",
      "title": "关于我们",
      "published": "true",
      "content": "<p>BornInUSA·生美国际是赴美生子一线品牌，为广大国内客户提供专业的高端赴美生子服务和DIY赴美生子服务，在中美两地均有合法注册机构，服务好，价格合理，所有服务写进合同里，无额外收费，费用回国结清，免去您在国外交钱以后害怕服务跟不上却又无能为力的的后顾之忧。我们承诺为每一位客户都提供终身服务。 BornInUSA·生美国际于2008年初在美从事赴美生子相关咨询服务，至今已经有近10年之久。公司最初在美国进行业务中端接待，为中国赴美生子客户提供从接送机，到餐饮，住宿，生产和产后护理，法律支持等一系列全方位高品质的服务，受到众多新老客户的一致好评，然而由于在国内并没有成立公司，所以导致绝大部分客户朋友都是到达美国以后对先前的机构不满意继而找到我们或者是由国内的第三方机构转包给我们，给客户朋友们增加了不少麻烦，近些年随着赴美生子的客户越来越多，大家对于服务品质的要求也日益增长，于是希望我们在国内开设公司直接为新老客户服务的呼声也越来越高。 于是在2016年我们决定开始在国内考察开设分公司的可行性，今年年初在江苏南京选址，开设第一家国内分支机构，隶属于南京贝佐斯电子商务有限公司，经过将近8个月的准备工作，终于和大家见面，为了能更好的服务国内广大客户，我们把南京作为国内公司的总部，选址在国家级江北新区，从市区穿过长江隧道20分钟内即可到达，以极佳的地理优势辐射整个南京，为南京及周边客户带来专业与高品质的服务，我们秉承着让每一个赴美生子的家庭快乐赴美，安心待产，无忧生产和平安归国的服务理念，让每一位客户无论是从赴美前的准备，在美期间的生活还是回国售后都能够享受始终如一的高品质服务。</p>\r\n",
      "category": "snippets_about",
      "createdAt": "2017-12-18T09:42:47.296Z",
      "updatedAt": "2017-12-18T09:42:47.296Z"
    },
    {
      "id": "BJ-22_JLzG",
      "title": "1.选择机构",
      "published": "true",
      "description": "选择一家专业的赴美生子机构会让你事半功倍，无论是签证还是海关，都可以大大提高通过率，没有鱼龙混杂的攻略，也不用担心海外被坑，无人相助，更不用担心回国后无人搭理，陪伴你的只有顺利和安心。",
      "category": "snippets_flow",
      "file": {
        "fieldname": "file",
        "originalname": "picture1_his.png",
        "encoding": "7bit",
        "mimetype": "image/png",
        "destination": "E:\\work\\born\\public\\upload\\snippets",
        "filename": "1513646260437-picture1_his.png",
        "path": "\\upload\\snippets\\1513646260437-picture1_his.png",
        "size": 14958
      },
      "createdAt": "2017-12-19T01:17:40.460Z",
      "updatedAt": "2017-12-19T01:17:40.460Z",
      "src": "\\upload\\snippets\\1513646260437-picture1_his.png"
    },
    {
      "id": "Hkl1FyLGf",
      "title": "2.签证申请",
      "published": "true",
      "description": "这一步能顺利通过，那么其他都好说，所以请重视这一步！",
      "category": "snippets_flow",
      "file": {
        "fieldname": "file",
        "originalname": "2.png",
        "encoding": "7bit",
        "mimetype": "image/png",
        "destination": "E:\\work\\born\\public\\upload\\snippets",
        "filename": "1513653425028-2.png",
        "path": "\\upload\\snippets\\1513653425028-2.png",
        "size": 43998
      },
      "createdAt": "2017-12-19T01:18:16.439Z",
      "updatedAt": "2017-12-19T03:17:05.037Z",
      "src": "\\upload\\snippets\\1513653425028-2.png"
    },
    {
      "id": "B18bK18GG",
      "title": "3.通过海关",
      "published": "true",
      "description": "有句话叫做，美国签证官只能决定是否给你签证，但是美国海关才能决定你是否能踏入美国领土！在这里如果进了小黑屋，毫不夸张的说，可能会是你最无助的时候，没有隐私可言，也没有律师可言帮你，所以这一步，你可以紧张起来。",
      "category": "snippets_flow",
      "file": {
        "fieldname": "file",
        "originalname": "3.png",
        "encoding": "7bit",
        "mimetype": "image/png",
        "destination": "E:\\work\\born\\public\\upload\\snippets",
        "filename": "1513653435599-3.png",
        "path": "\\upload\\snippets\\1513653435599-3.png",
        "size": 53434
      },
      "createdAt": "2017-12-19T01:18:54.439Z",
      "updatedAt": "2017-12-19T03:17:15.608Z",
      "src": "\\upload\\snippets\\1513653435599-3.png"
    },
    {
      "id": "SkfmYkUGM",
      "title": "4.抵达美国",
      "published": "true",
      "description": "可以放松了！",
      "category": "snippets_flow",
      "file": {
        "fieldname": "file",
        "originalname": "4.png",
        "encoding": "7bit",
        "mimetype": "image/png",
        "destination": "E:\\work\\born\\public\\upload\\snippets",
        "filename": "1513653447214-4.png",
        "path": "\\upload\\snippets\\1513653447214-4.png",
        "size": 61316
      },
      "createdAt": "2017-12-19T01:19:21.613Z",
      "updatedAt": "2017-12-19T03:17:27.224Z",
      "src": "\\upload\\snippets\\1513653447214-4.png"
    },
    {
      "id": "SJRLtkIfG",
      "title": "5.预约产检",
      "published": "true",
      "description": "伴随着第一次产检的结束，王子还是你的公主已经揭晓，爸妈们可以准备孩子出生后要有的物品了。",
      "category": "snippets_flow",
      "file": {
        "fieldname": "file",
        "originalname": "5.png",
        "encoding": "7bit",
        "mimetype": "image/png",
        "destination": "E:\\work\\born\\public\\upload\\snippets",
        "filename": "1513653464054-5.png",
        "path": "\\upload\\snippets\\1513653464054-5.png",
        "size": 36778
      },
      "createdAt": "2017-12-19T01:20:22.080Z",
      "updatedAt": "2017-12-19T03:17:44.061Z",
      "src": "\\upload\\snippets\\1513653464054-5.png"
    },
    {
      "id": "BJjYKJ8Mf",
      "title": "6.静养待产，旅游购物",
      "published": "true",
      "description": "吃、喝、玩、了！当然不要忘记控制体重！。",
      "category": "snippets_flow",
      "file": {
        "fieldname": "file",
        "originalname": "7.png",
        "encoding": "7bit",
        "mimetype": "image/png",
        "destination": "E:\\work\\born\\public\\upload\\snippets",
        "filename": "1513653473929-7.png",
        "path": "\\upload\\snippets\\1513653473929-7.png",
        "size": 24382
      },
      "createdAt": "2017-12-19T01:21:07.299Z",
      "updatedAt": "2017-12-19T03:17:53.942Z",
      "src": "\\upload\\snippets\\1513653473929-7.png"
    },
    {
      "id": "SJh5tkLMz",
      "title": "7.宝宝出生",
      "published": "true",
      "description": "一生中最幸福的时刻！妈妈辛苦了，好好休息。",
      "category": "snippets_flow",
      "file": {
        "fieldname": "file",
        "originalname": "6.png",
        "encoding": "7bit",
        "mimetype": "image/png",
        "destination": "E:\\work\\born\\public\\upload\\snippets",
        "filename": "1513653485556-6.png",
        "path": "\\upload\\snippets\\1513653485556-6.png",
        "size": 43494
      },
      "createdAt": "2017-12-19T01:21:23.867Z",
      "updatedAt": "2017-12-19T03:18:05.567Z",
      "src": "\\upload\\snippets\\1513653485556-6.png"
    },
    {
      "id": "SkNnYJUGG",
      "title": "8.证件办理",
      "published": "true",
      "description": "出生纸，护照等重要证件。",
      "category": "snippets_flow",
      "file": {
        "fieldname": "file",
        "originalname": "8.png",
        "encoding": "7bit",
        "mimetype": "image/png",
        "destination": "E:\\work\\born\\public\\upload\\snippets",
        "filename": "1513653503349-8.png",
        "path": "\\upload\\snippets\\1513653503349-8.png",
        "size": 41397
      },
      "createdAt": "2017-12-19T01:21:48.162Z",
      "updatedAt": "2017-12-19T03:18:23.356Z",
      "src": "\\upload\\snippets\\1513653503349-8.png"
    },
    {
      "id": "B1MRKyUMG",
      "title": "9.安全回国",
      "published": "true",
      "description": "2个人赴美，3个人返程，再没有比这更美好的旅行了！告别为期3个月的美国之旅，带着幸福重返祖国怀抱。",
      "category": "snippets_flow",
      "file": {
        "fieldname": "file",
        "originalname": "9.png",
        "encoding": "7bit",
        "mimetype": "image/png",
        "destination": "E:\\work\\born\\public\\upload\\snippets",
        "filename": "1513653515286-9.png",
        "path": "\\upload\\snippets\\1513653515286-9.png",
        "size": 41271
      },
      "createdAt": "2017-12-19T01:22:18.116Z",
      "updatedAt": "2017-12-19T03:18:35.299Z",
      "src": "\\upload\\snippets\\1513653515286-9.png"
    },
    {
      "id": "BJZnTj1UMf",
      "title": "签证办理 ",
      "published": "true",
      "content": "<p style=\"margin-top: 0px; margin-bottom: 0px; padding: 0px; word-wrap: break-word; word-break: normal; color: rgb(0, 0, 0); white-space: normal; -webkit-text-stroke: rgb(0, 0, 0); font-size: 15px; font-family: &quot;Kaiti SC&quot;; line-height: 1.75em;\"><span style=\"-webkit-text-stroke-width: initial; font-family: 华文宋体, STSong; font-size: 18px;\">签证办理是整个赴美生子流程中第一步，也是最重要的一步。&nbsp;</span></p><p style=\"margin-top: 0px; margin-bottom: 0px; padding: 0px; word-wrap: break-word; word-break: normal; color: rgb(0, 0, 0); white-space: normal; -webkit-text-stroke: rgb(0, 0, 0); font-size: 15px; font-family: &quot;Kaiti SC&quot;; line-height: 1.75em;\"><span style=\"font-family: 华文宋体, STSong; font-size: 18px;\">一般而言，一个人中国人想要出国，首先你需要准备一本护照，护照通常是由个人户籍所在的的公安系统下属的出入境管理局来办理的，有效期通常为10年，到期更换，护照是一个主权国家的公民在世界范围内通行的合法证件。举个例子，就像我们平时在国内，不管是去存钱，买车，买房，住宿等，都是用身份证来登记，但是当到另外一个国家，我们的身份证是无效的，所以就需要用到护照，护照可以说是“世界身份证”。</span></p><p style=\"margin-top: 0px; margin-bottom: 0px; padding: 0px; word-wrap: break-word; word-break: normal; color: rgb(0, 0, 0); white-space: normal; -webkit-text-stroke: rgb(0, 0, 0); font-size: 15px; font-family: &quot;Kaiti SC&quot;; line-height: 1.75em;\"><span style=\"font-family: 华文宋体, STSong; font-size: 18px;\"><img src=\"http://localhost:8087/upload/photos/1513647147012-1.jpeg\"/></span></p><p style=\"margin-top: 0px; margin-bottom: 0px; padding: 0px; word-wrap: break-word; word-break: normal; color: rgb(0, 0, 0); white-space: normal; -webkit-text-stroke: rgb(0, 0, 0); font-size: 15px; font-family: &quot;Kaiti SC&quot;; line-height: 1.75em;\"><span style=\"font-family: 华文宋体, STSong; font-size: 18px;\"></span></p><p style=\"margin-top: 0px; margin-bottom: 0px; padding: 0px; word-wrap: break-word; word-break: normal; color: rgb(0, 0, 0); white-space: normal; -webkit-text-stroke: rgb(0, 0, 0); font-size: 15px; font-family: &quot;Kaiti SC&quot;; line-height: 1.75em;\"><span style=\"font-family: 华文宋体, STSong; font-size: 18px;\"><span style=\"font-size: 20px; -webkit-text-stroke-width: initial;\">那么我们有护照就OK了吗？是不是想去哪里都可以呢，答案是否定的，护照虽然是全球范围内的合法证件，但是并不意味着你可以去任何地方，就像你虽然有身份证，却不能随意进出别人家，需要征得别人同意才可以。同样，你需要符合你想要去的国家或地区的要求才可以，所以另外一个需要的证件就是签证，签证是你想要前往的国家颁发给你的合法证件，证明你已经被授权前往这个国家</span><span style=\"font-size: 20px; -webkit-text-stroke-width: initial;\">。</span></span></p><p style=\"margin-top: 0px; margin-bottom: 0px; padding: 0px; word-wrap: break-word; word-break: normal; color: rgb(0, 0, 0); white-space: normal; -webkit-text-stroke: rgb(0, 0, 0); font-size: 15px; font-family: &quot;Kaiti SC&quot;; line-height: 1.75em;\"><span style=\"-webkit-text-stroke-width: initial; font-family: 华文宋体, STSong; font-size: 18px;\">&nbsp;&nbsp;&nbsp;&nbsp;不同国家对签证办理者的要求不一样，通常基本的要求就是你要证明你有充分的能力来完成你所要前往该国的目的。这个能力通常是指经济能力。所以银行的存款证明，固定资产，工作证明这些都是必备的。必要材料准备好以后，提交给该国驻华领事馆就ok，通过率通常也比较高，而且很多时候都是由旅行社来操作的，这是大部分国家对于签证办理的要求。</span></p><p style=\"margin-top: 0px; margin-bottom: 0px; padding: 0px; word-wrap: break-word; word-break: normal; color: rgb(0, 0, 0); white-space: normal; -webkit-text-stroke: rgb(0, 0, 0); font-size: 15px; font-family: &quot;Kaiti SC&quot;; line-height: 1.75em;\"><span style=\"-webkit-text-stroke-width: initial; font-family: 华文宋体, STSong; font-size: 18px;\">&nbsp;&nbsp;&nbsp;&nbsp;赴美生子本身也是一种出国行为，所以护照和签证必不可少，美国签证不同于其他国家，除了需要提供上述材料以外还有一个特点就是需要面签(通常针对首次办理美国签证)，何为面签？其实就是在你像美国驻华领馆提供预约之后，你需要在约定的时间前往美国驻华领馆去进行面谈，颇有面试的感觉，可以说是为了将赴美申请者做一次筛选，来判断你赴美的目的是否与你申请的内容相符，所以说赴美生子的第一关就是签证办理，签证办理的成功与否决定了你是否能有一个美国宝宝。</span></p><p style=\"margin-top: 0px; margin-bottom: 0px; padding: 0px; word-wrap: break-word; word-break: normal; color: rgb(0, 0, 0); white-space: normal; -webkit-text-stroke: rgb(0, 0, 0); font-size: 15px; font-family: &quot;Kaiti SC&quot;; line-height: 1.75em;\"><img src=\"http://localhost:8087/upload/photos/1513647192441-2.jpeg\"/><span style=\"font-family: 华文宋体, STSong; font-size: 18px;\"><br/></span><br/></p>",
      "category": "snippets_visa",
      "createdAt": "2017-12-19T01:30:44.493Z",
      "updatedAt": "2017-12-19T01:33:17.069Z"
    },
    {
      "id": "SJHenyUzG",
      "title": "如果你希望孩子能在美国出生，成为美国公民，务必要认真对待签证办理这一环节。",
      "published": "true",
      "content": "<p style=\"margin-top: 0px; margin-bottom: 0px; padding: 0px; word-wrap: break-word; word-break: normal; color: rgb(0, 0, 0); white-space: normal; -webkit-text-stroke: rgb(0, 0, 0); font-size: 15px; font-family: &quot;Kaiti SC&quot;; line-height: 1.75em;\"><span style=\"font-family: 华文宋体, STSong; font-size: 18px;\">实际上前往美国的签证类型有很多种，如多数人所熟知的留学签证，工作签证，旅游签证等等，然而却是没有赴美生子这一种类型签证的，赴美生子使用的是旅游签证类型，也就是B1/B2签证，所以有很多人觉得有旅游签证就OK了，早些年很多人都是去办理旅游签证，然后孩子还没有出生之前，或者孕妇的腹部还不明显的时候，去美国，孩子生完之后再回国，这种行为其实属违法，有签证欺诈的嫌疑，一但被海关查实，遣返是轻，重者数年甚至终身不得入境，即使孩子在美国出生，但是做父母的可能此生再也无缘美国。因为旅游和赴美生子是两个不同的目的，你办理旅游签证的时候和面签官所说的话，所准备的材料肯定和赴美生子是不一样的。</span></p><p style=\"margin-top: 0px; margin-bottom: 0px; padding: 0px; word-wrap: break-word; word-break: normal; color: rgb(0, 0, 0); white-space: normal; -webkit-text-stroke: rgb(0, 0, 0); font-size: 15px; font-family: &quot;Kaiti SC&quot;; line-height: 1.75em;\"><span style=\"-webkit-text-stroke-width: initial; font-family: 华文宋体, STSong; font-size: 18px;\">&nbsp;&nbsp;&nbsp;&nbsp;近些年，在赴美生子行业有一个叫做诚实签的说法，最早是由一家从事赴美生子的公司提出的，其实，这个名词的噱头要远大于其实际效果，直接或者间接的给很多人也带来了一些迷惑，即什么是诚实签？为什么美国领馆没有诚实签这种类型的签证？或者赴美生子是要办理一种叫诚实签的签证吗？</span></p><p style=\"margin-top: 0px; margin-bottom: 0px; padding: 0px; word-wrap: break-word; word-break: normal; color: rgb(0, 0, 0); white-space: normal; -webkit-text-stroke: rgb(0, 0, 0); font-size: 15px; font-family: &quot;Kaiti SC&quot;; line-height: 1.75em;\"><span style=\"-webkit-text-stroke-width: initial; font-family: 华文宋体, STSong; font-size: 18px;\">&nbsp;&nbsp;&nbsp;&nbsp;首先，前往美国的签证类型中是没有诚实签这种签证类型的，这个说法很容易给人带来误导和困惑；其次，赴美生子要诚实签，难道其他赴美目的就不要诚实签了吗？实际上在申请美国签证的过程中，无论你申请的是何种签证类型，最基本的要求就是必须诚实，如实告知你的目的，信用是一个人的立身之本，如果在签证办理的的时候都不能做到诚实，面签官很难不怀疑你去美国是否会诚实，肯定不会通过你的申请。而且即使未来，你获得美国绿卡，加入美国国籍，也同样有可能因为你面签时的不诚实而被撤销。&nbsp;&nbsp;</span></p><p><img src=\"http://localhost:8087/upload/photos/1513647080567-3.jpeg\"/></p>",
      "category": "snippets_visa",
      "createdAt": "2017-12-19T01:31:25.295Z",
      "updatedAt": "2017-12-19T01:31:25.295Z"
    },
    {
      "id": "BJWtwpkIzM",
      "title": "需要办理的证件",
      "published": "true",
      "content": "<p><span style=\"font-family: &quot;Helvetica Neue&quot;, Helvetica, Arial, sans-serif; font-size: 14px; white-space: normal; background-color: rgb(231, 237, 243);\">到这一步，首先恭喜您的宝宝已经平平安安的出生了，并且拥有了美国身份。 下面我们要做的就是给宝宝办理证件，无论是将来在美国生活，上学，工作，还是出国都是需要用到的。宝宝主要需要办理的证件有5个，分别是出生纸，社会安全卡，护照，旅行证，三级认证：</span><img src=\"http://localhost:8087/upload/photos/1513647453050-%E8%AF%81%E4%BB%B6%E5%8A%9E%E7%90%86%E6%B5%81%E7%A8%8B.jpg\"/></p>",
      "category": "snippets_certificate",
      "createdAt": "2017-12-19T01:37:37.427Z",
      "updatedAt": "2017-12-19T01:37:37.427Z"
    },
    {
      "id": "HJDu618MG",
      "title": "证件的作用",
      "published": "true",
      "content": "<p><span style=\"font-family: &quot;Helvetica Neue&quot;, Helvetica, Arial, sans-serif; font-size: 14px; white-space: normal; background-color: rgb(231, 237, 243);\">其中出生纸，社会安全卡，是每一个在美国出生的孩子都需要办理的证件，这是法律上证明一个人是美国公民的文件，并且需要立即办理。而护照时当美国公民出国时候需要的证件，可以随时办理，如果一生不离开美国，甚至不需要办理。 旅行证和三级认证是回到中国所需要的证件，中国政府规定，夫妻双方均为中国公民，其子女在海外出生亦是中国国籍，回国需要使用旅行证。旅行证可以到中国驻当地大使馆进行办理。如果孩子回国希望上户口，那么还需要三级认证，这个需要到县郡政府，州政府和领事馆进行办理的。 当一切手续办理完毕之后，也就意味着，在美国的生活接近尾声，法律上的障碍都已扫清，可以随时返回祖国！当然这些证件看起来是有些繁琐，不过都会由我们生美国际的工作人员帮大家处理好，也不会收取额外的费用，做父母的尽管安心的照顾宝宝就可以啦！</span></p>",
      "category": "snippets_certificate",
      "createdAt": "2017-12-19T01:37:50.568Z",
      "updatedAt": "2017-12-19T01:37:50.568Z"
    },
    {
      "id": "BJ-ge0kUMz",
      "title": "Garfield Medical Center",
      "published": "true",
      "content": "<p><span style=\"font-family: &quot;Helvetica Neue&quot;, Helvetica, Arial, sans-serif; font-size: 14px; white-space: normal; background-color: rgb(231, 237, 243);\">嘉惠尔医疗中心坐落在加州蒙特利公园，是一个拥有210个床位的可以进行医疗和外科手术的综合性医院。 据近些年的统计，医院已经接待了11586位住院患者，21621位急诊患者，并且每年接受约1949例的住院手术和2602例门诊外科手术 并且还是是联合委员会认证医院。 该医疗中心于1921年开张，经过多年发展，现如今，嘉惠尔医疗中心每年的营收约12亿美金，有970位雇员，是当地的第二大雇主。 在为患者提供高品质悉心的服务方面，嘉惠尔医院可谓历史悠久，在超过80年的时间里提供给患者高质量，可靠的护理，全方位的服务和急诊护理设施。</span></p><p><span style=\"font-family: &quot;Helvetica Neue&quot;, Helvetica, Arial, sans-serif; font-size: 14px; white-space: normal; background-color: rgb(231, 237, 243);\">&nbsp;· 500位医生和1300位雇员</span></p><p><span style=\"font-family: &quot;Helvetica Neue&quot;, Helvetica, Arial, sans-serif; font-size: 14px; white-space: normal; background-color: rgb(231, 237, 243);\">· 翻译服务&nbsp;</span></p><p><span style=\"font-family: &quot;Helvetica Neue&quot;, Helvetica, Arial, sans-serif; font-size: 14px; white-space: normal; background-color: rgb(231, 237, 243);\">· STEMI 成员医院&nbsp;</span></p><p><span style=\"font-family: &quot;Helvetica Neue&quot;, Helvetica, Arial, sans-serif; font-size: 14px; white-space: normal; background-color: rgb(231, 237, 243);\">· 中风指定医院&nbsp;</span></p><p><span style=\"font-family: &quot;Helvetica Neue&quot;, Helvetica, Arial, sans-serif; font-size: 14px; white-space: normal; background-color: rgb(231, 237, 243);\">· 急诊服务</span></p><p><span style=\"font-family: &quot;Helvetica Neue&quot;, Helvetica, Arial, sans-serif; font-size: 14px; white-space: normal; background-color: rgb(231, 237, 243);\"><img src=\"http://localhost:8087/upload/photos/1513647586011-10312261_%E5%98%89%E6%83%A0%E5%B0%94%E5%8C%BB%E9%99%A2.jpeg\"/></span></p>",
      "category": "snippets_hospital",
      "createdAt": "2017-12-19T01:39:51.632Z",
      "updatedAt": "2017-12-19T01:39:51.632Z"
    },
    {
      "id": "SyrwCyIMf",
      "title": "Presbyterian Intercommunity Hospital",
      "published": "true",
      "content": "<p style=\"margin-top: 0px; margin-bottom: 0px; padding: 0px; word-wrap: break-word; word-break: normal; color: rgb(0, 0, 0); font-size: 12px; white-space: normal; -webkit-text-stroke: rgb(0, 0, 0); line-height: normal; font-family: Times;\"><span style=\"font-size: 18px;\">&nbsp;1959年，PIH健康成立以应对长老教会医院对于一些重要社区改善医疗服务需求的不足，</span><span style=\"font-size: 18px; -webkit-text-stroke-width: initial;\">我们得到了来自于Hill-Burton行动基金的支持，这是一家在二战以后成立的致力于建立和完善社区当地的健康护理设施的基金。</span></p><p style=\"margin-top: 0px; margin-bottom: 0px; padding: 0px; word-wrap: break-word; word-break: normal; color: rgb(0, 0, 0); font-size: 12px; white-space: normal; -webkit-text-stroke: rgb(0, 0, 0); line-height: normal; font-family: Times;\"><span style=\"font-size: 18px;\"></span></p><p style=\"margin-top: 0px; margin-bottom: 0px; padding: 0px; word-wrap: break-word; word-break: normal; color: rgb(0, 0, 0); font-size: 12px; white-space: normal; -webkit-text-stroke: rgb(0, 0, 0); line-height: normal; font-family: Times;\"><span style=\"font-size: 18px;\">&nbsp;&nbsp;&nbsp;&nbsp;今天，PIH健康是一个拥有两家医院，诸多社区门诊医疗机构，数以百计的人才和富有爱心的医生并且提供家庭健康护理和临终安养护理的，</span><span style=\"-webkit-text-stroke-width: initial; font-size: 18px;\">非赢利地区性的健康护理网络机构。</span><span style=\"-webkit-text-stroke-width: initial; font-size: 18px;\">我们全体员工和管理层均秉承“患者第一”和“实现最高质量的健康护理”的这种理念而奉献。如今，</span><span style=\"font-size: 18px; -webkit-text-stroke-width: initial;\">PIH健康在洛杉矶，橙郡以及圣盖博地区服务着超过210万的居民。<img src=\"http://localhost:8087/upload/photos/1513647705439-10312263_%E9%95%BF%E8%80%81%E5%8C%BB%E9%99%A2.jpeg\"/></span></p><p><br/></p>",
      "category": "snippets_hospital",
      "createdAt": "2017-12-19T01:41:48.769Z",
      "updatedAt": "2017-12-19T01:41:48.769Z"
    },
    {
      "id": "rJLhRyUfG",
      "title": "San Gabriel valley medical center",
      "published": "true",
      "content": "<p style=\"margin-top: 0px; margin-bottom: 0px; padding: 0px; word-wrap: break-word; word-break: normal; color: rgb(0, 0, 0); font-size: 12px; white-space: normal; -webkit-text-stroke: rgb(0, 0, 0); line-height: normal; font-family: Times;\"><span style=\"font-size: 18px;\">&nbsp;这家被最初被称为圣盖博社区医院并且拥有146个床位的医疗中心于1960年开业。<span style=\"-webkit-text-stroke-width: initial;\">在19世纪80年代，医院更名为圣盖博医疗中心以突出就医接待能力的大幅增长和服务的全面拓展。</span></span><span style=\"font-size: 18px; -webkit-text-stroke-width: initial;\">多年来，医院持续不断的扩大其服务范围以应对圣盖博当地及周边居民的需求。</span></p><p style=\"margin-top: 0px; margin-bottom: 0px; padding: 0px; word-wrap: break-word; word-break: normal; color: rgb(0, 0, 0); font-size: 12px; white-space: normal; -webkit-text-stroke: rgb(0, 0, 0); line-height: normal; font-family: Times;\"><span style=\"font-size: 18px;\"></span></p><p style=\"margin-top: 0px; margin-bottom: 0px; padding: 0px; word-wrap: break-word; word-break: normal; color: rgb(0, 0, 0); font-size: 12px; white-space: normal; -webkit-text-stroke: rgb(0, 0, 0); line-height: normal; font-family: Times;\"><span style=\"font-size: 18px;\">&nbsp;&nbsp;&nbsp;&nbsp;今天，我们这家拥有273个床位的医院被公认为是圣盖博最重要的医疗服务场所之一。</span><span style=\"font-size: 18px; -webkit-text-stroke-width: initial;\">我们很骄傲是AHMC 健康护理集团的一员。在这里，你和你的亲朋好友会受到那些来自于每年都有着丰富的出诊经验并且可以充分利用最新科技的超过1500名医护人员的悉心照料。</span></p><p><img src=\"http://localhost:8087/upload/photos/1513647786315-10312262_%E5%9C%A3%E7%9B%96%E5%8D%9A%E5%8C%BB%E9%99%A2.jpeg\"/></p>",
      "category": "snippets_hospital",
      "createdAt": "2017-12-19T01:43:10.190Z",
      "updatedAt": "2017-12-19T01:43:10.190Z"
    },
    {
      "id": "rkcyke8Gz",
      "title": "Whittier Hospital Medical Center",
      "published": "true",
      "content": "<p style=\"margin-top: 0px; margin-bottom: 0px; padding: 0px; word-wrap: break-word; word-break: normal; color: rgb(0, 0, 0); font-size: 12px; white-space: normal; -webkit-text-stroke: rgb(0, 0, 0); line-height: normal; font-family: Times;\"><span style=\"font-size: 18px;\">&nbsp; 惠提尔医院，是AHMC健康护理集团的一员并且由其运营管理，且被联合委员会认定。</span><span style=\"font-size: 18px; -webkit-text-stroke-width: initial;\">我们有大约500位医生，其中有40位专家。</span></p><p style=\"margin-top: 0px; margin-bottom: 0px; padding: 0px; word-wrap: break-word; word-break: normal; color: rgb(0, 0, 0); font-family: 微软雅黑, Helvetica, 黑体, Arial, Tahoma; font-size: 12px; white-space: normal;\"><span style=\"font-size: 18px;\"></span></p><p style=\"margin-top: 0px; margin-bottom: 0px; padding: 0px; word-wrap: break-word; word-break: normal; color: rgb(0, 0, 0); font-size: 12px; white-space: normal; -webkit-text-stroke: rgb(0, 0, 0); line-height: normal; font-family: Times;\"><span style=\"font-size: 18px;\">医院为圣盖博东南地区的居民提供健康医护已经有超过50年的历史。</span><span style=\"font-size: 18px; -webkit-text-stroke-width: initial;\">是一家有178个床位及医疗设施，兼具包容性文化，提供全方位服务的医院。</span></p><p style=\"margin-top: 0px; margin-bottom: 0px; padding: 0px; word-wrap: break-word; word-break: normal; color: rgb(0, 0, 0); font-size: 12px; white-space: normal; -webkit-text-stroke: rgb(0, 0, 0); line-height: normal; font-family: Times;\"><span style=\"font-size: 18px;\">具体包括：</span></p><p style=\"margin-top: 0px; margin-bottom: 0px; padding: 0px; word-wrap: break-word; word-break: normal; color: rgb(0, 0, 0); font-family: 微软雅黑, Helvetica, 黑体, Arial, Tahoma; font-size: 12px; white-space: normal;\"><span style=\"font-size: 18px;\"></span></p><ul class=\" list-paddingleft-2\" style=\"margin-right: 0px; margin-bottom: 0px; margin-left: 0px; padding: 0px 0px 0px 20px; list-style-position: initial; list-style-image: initial; color: rgb(0, 0, 0); font-family: 微软雅黑, Helvetica, 黑体, Arial, Tahoma; font-size: 12px; white-space: normal;\"><li style=\"margin: 0px; padding: 0px;\"><p style=\"margin-top: 0px; margin-bottom: 0px; margin-left: 36px; padding: 0px; word-wrap: break-word; word-break: normal; text-indent: -36px; line-height: normal; font-family: Times; -webkit-text-stroke: rgb(0, 0, 0);\"><span style=\"font-size: 18px;\">全天急诊</span></p></li><li style=\"margin: 0px; padding: 0px;\"><p style=\"margin-top: 0px; margin-bottom: 0px; margin-left: 36px; padding: 0px; word-wrap: break-word; word-break: normal; text-indent: -36px; line-height: normal; font-family: Times; -webkit-text-stroke: rgb(0, 0, 0);\"><span style=\"font-size: 18px;\">外科手术部</span></p></li><li style=\"margin: 0px; padding: 0px;\"><p style=\"margin-top: 0px; margin-bottom: 0px; margin-left: 36px; padding: 0px; word-wrap: break-word; word-break: normal; text-indent: -36px; line-height: normal; font-family: Times; -webkit-text-stroke: rgb(0, 0, 0);\"><span style=\"font-size: 18px;\">诊疗服务</span></p></li><li style=\"margin: 0px; padding: 0px;\"><p style=\"margin-top: 0px; margin-bottom: 0px; margin-left: 36px; padding: 0px; word-wrap: break-word; word-break: normal; text-indent: -36px; line-height: normal; font-family: Times; -webkit-text-stroke: rgb(0, 0, 0);\"><span style=\"font-size: 18px;\">重症监护</span></p></li><li style=\"margin: 0px; padding: 0px;\"><p style=\"margin-top: 0px; margin-bottom: 0px; margin-left: 36px; padding: 0px; word-wrap: break-word; word-break: normal; text-indent: -36px; line-height: normal; font-family: Times; -webkit-text-stroke: rgb(0, 0, 0);\"><span style=\"font-size: 18px;\">心脏病学</span></p></li><li style=\"margin: 0px; padding: 0px;\"><p style=\"margin-top: 0px; margin-bottom: 0px; margin-left: 36px; padding: 0px; word-wrap: break-word; word-break: normal; text-indent: -36px; line-height: normal; font-family: Times; -webkit-text-stroke: rgb(0, 0, 0);\"><span style=\"font-size: 18px;\">康复服务</span></p></li><li style=\"margin: 0px; padding: 0px;\"><p style=\"margin-top: 0px; margin-bottom: 0px; margin-left: 36px; padding: 0px; word-wrap: break-word; word-break: normal; text-indent: -36px; line-height: normal; font-family: Times; -webkit-text-stroke: rgb(0, 0, 0);\"><span style=\"font-size: 18px;\">创伤护理服务</span></p></li><li style=\"margin: 0px; padding: 0px;\"><p style=\"margin-top: 0px; margin-bottom: 0px; margin-left: 36px; padding: 0px; word-wrap: break-word; word-break: normal; text-indent: -36px; line-height: normal; font-family: Times; -webkit-text-stroke: rgb(0, 0, 0);\"><span style=\"font-size: 18px;\">无血医疗手术计划</span></p></li><li style=\"margin: 0px; padding: 0px;\"><p style=\"margin-top: 0px; margin-bottom: 0px; margin-left: 36px; padding: 0px; word-wrap: break-word; word-break: normal; text-indent: -36px; line-height: normal; font-family: Times; -webkit-text-stroke: rgb(0, 0, 0);\"><span style=\"font-size: 18px;\">血管学</span></p></li><li style=\"margin: 0px; padding: 0px;\"><p style=\"margin-top: 0px; margin-bottom: 0px; margin-left: 36px; padding: 0px; word-wrap: break-word; word-break: normal; text-indent: -36px; line-height: normal; font-family: Times; -webkit-text-stroke: rgb(0, 0, 0);\"><span style=\"font-size: 18px;\">糖尿病学</span></p></li><li style=\"margin: 0px; padding: 0px;\"><p style=\"margin-top: 0px; margin-bottom: 0px; margin-left: 36px; padding: 0px; word-wrap: break-word; word-break: normal; text-indent: -36px; line-height: normal; font-family: Times; -webkit-text-stroke: rgb(0, 0, 0);\"><span style=\"font-size: 18px;\">老年服务“金色年华老年俱乐部”</span></p></li><li style=\"margin: 0px; padding: 0px;\"><p style=\"margin-top: 0px; margin-bottom: 0px; margin-left: 36px; padding: 0px; word-wrap: break-word; word-break: normal; text-indent: -36px; line-height: normal; font-family: Times; -webkit-text-stroke: rgb(0, 0, 0);\"><span style=\"font-size: 18px;\">志愿者计划</span></p></li><li style=\"margin: 0px; padding: 0px;\"><p style=\"margin-top: 0px; margin-bottom: 0px; margin-left: 36px; padding: 0px; word-wrap: break-word; word-break: normal; text-indent: -36px; line-height: normal; font-family: Times; -webkit-text-stroke: rgb(0, 0, 0);\"><span style=\"font-size: 18px;\">西班牙和亚洲人计划</span></p></li><li style=\"margin: 0px; padding: 0px;\"><p style=\"margin-top: 0px; margin-bottom: 0px; margin-left: 36px; padding: 0px; word-wrap: break-word; word-break: normal; text-indent: -36px; line-height: normal; font-family: Times; -webkit-text-stroke: rgb(0, 0, 0);\"><span style=\"font-size: 18px;\">产前服务</span></p></li><li style=\"margin: 0px; padding: 0px;\"><p style=\"margin-top: 0px; margin-bottom: 0px; margin-left: 36px; padding: 0px; word-wrap: break-word; word-break: normal; text-indent: -36px; line-height: normal; font-family: Times; -webkit-text-stroke: rgb(0, 0, 0);\"><span style=\"font-size: 18px;\">妇产科</span></p></li><li style=\"margin: 0px; padding: 0px;\"><p style=\"margin-top: 0px; margin-bottom: 0px; margin-left: 36px; padding: 0px; word-wrap: break-word; word-break: normal; text-indent: -36px; line-height: normal; font-family: Times; -webkit-text-stroke: rgb(0, 0, 0);\"><span style=\"font-size: 18px;\">女性健康中心<img src=\"http://localhost:8087/upload/photos/1513647838870-10312264_WHMC-Ext.jpeg\"/></span></p></li></ul><p><br/></p>",
      "category": "snippets_hospital",
      "createdAt": "2017-12-19T01:44:02.201Z",
      "updatedAt": "2017-12-19T01:44:02.201Z"
    },
    {
      "id": "Hy-rNzlUzG",
      "title": "回国服务",
      "published": "true",
      "content": "<h1 id=\"1-\" style=\"font-family: &quot;Helvetica Neue&quot;, Helvetica, Arial, sans-serif; color: rgb(102, 102, 102); white-space: normal;\"><span style=\"font-size:12px\"><span id=\"_baidu_bookmark_end_4\" style=\"display: none; line-height: 0px;\">‍</span></span></h1><p style=\"text-align: center;\"><span style=\"color: rgb(102, 102, 102); font-family: &quot;Helvetica Neue&quot;, Helvetica, Arial, sans-serif; white-space: normal;\"><span style=\"font-size:24px\"><br/><span id=\"_baidu_bookmark_end_18\" style=\"display: none; line-height: 0px;\">‍</span></span><span id=\"_baidu_bookmark_end_16\" style=\"display: none; line-height: 0px;\">‍</span><span id=\"_baidu_bookmark_end_12\" style=\"display: none; line-height: 0px;\">‍</span></span></p><p style=\"text-align: center;\"><span style=\"color: rgb(102, 102, 102); font-family: &quot;Helvetica Neue&quot;, Helvetica, Arial, sans-serif; white-space: normal;font-size:18px\"></span></p><h1 id=\"1-\" style=\"font-family: &quot;Helvetica Neue&quot;, Helvetica, Arial, sans-serif; color: rgb(102, 102, 102); white-space: normal;\"><span id=\"_baidu_bookmark_start_20\" style=\"display: none; line-height: 0px;\">‍</span><span id=\"_baidu_bookmark_start_22\" style=\"display: none; line-height: 0px;\">‍</span><span id=\"_baidu_bookmark_start_24\" style=\"display: none; line-height: 0px;\">‍</span><span style=\"font-size:18px\"><span id=\"_baidu_bookmark_start_26\" style=\"display: none; line-height: 0px;\">‍</span>1&gt; 孩子上中国户口<span id=\"_baidu_bookmark_end_27\" style=\"display: none; line-height: 0px;\">‍</span></span><span id=\"_baidu_bookmark_end_25\" style=\"display: none; line-height: 0px;\">‍</span><span id=\"_baidu_bookmark_end_23\" style=\"display: none; line-height: 0px;\">‍</span><span id=\"_baidu_bookmark_end_21\" style=\"display: none; line-height: 0px;\">‍</span></h1><p style=\"text-align: left;\"><span style=\"font-size: medium; color: rgb(102, 102, 102); font-family: &quot;Helvetica Neue&quot;, Helvetica, Arial, sans-serif;\">如果您希望给孩子在国内上户口，那么我们会告知您要准备的材料，并且协助您办理。</span><br/></p><p style=\"text-align: left;\"><span style=\"font-size: medium; color: rgb(102, 102, 102); font-family: &quot;Helvetica Neue&quot;, Helvetica, Arial, sans-serif;\"></span></p><h1 id=\"2-\" style=\"font-family: &quot;Helvetica Neue&quot;, Helvetica, Arial, sans-serif; color: rgb(102, 102, 102); white-space: normal;\"><span style=\"font-size:18px\"><span id=\"_baidu_bookmark_start_29\" style=\"display: none; line-height: 0px;\">‍</span>2&gt; 疫苗<span id=\"_baidu_bookmark_end_30\" style=\"display: none; line-height: 0px;\">‍</span></span></h1><p style=\"margin-top: 0px; margin-bottom: 10px; color: rgb(102, 102, 102); font-family: &quot;Helvetica Neue&quot;, Helvetica, Arial, sans-serif; white-space: normal;\"><sub style=\"\"><span style=\"font-size:16px\"><span id=\"_baidu_bookmark_start_37\" style=\"display: none; line-height: 0px;\">‍</span>疫苗是孩子成长过程中非常重要的环节，必须认真对待，您既可以选择在国内为孩子接种疫苗，也可以选择到香港进行接种，我们会根据您的需要来为您选择医生，并且做好预约对接工作。<span id=\"_baidu_bookmark_end_38\" style=\"display: none; line-height: 0px;\">‍</span></span></sub></p><h1 id=\"3-\" style=\"font-family: &quot;Helvetica Neue&quot;, Helvetica, Arial, sans-serif; color: rgb(102, 102, 102); white-space: normal;\"><span style=\"font-size:18px\"><span id=\"_baidu_bookmark_start_31\" style=\"display: none; line-height: 0px;\">‍</span>3&gt; 中国旅行证的更换<span id=\"_baidu_bookmark_end_32\" style=\"display: none; line-height: 0px;\">‍</span></span></h1><p style=\"margin-top: 0px; margin-bottom: 10px; color: rgb(102, 102, 102); font-family: &quot;Helvetica Neue&quot;, Helvetica, Arial, sans-serif; white-space: normal;\"><span style=\"font-size:16px\"><span id=\"_baidu_bookmark_start_39\" style=\"display: none; line-height: 0px;\">‍</span>孩子的旅行证每两年需要更换一次，到期之前我们会对您进行提醒，如果您需要更换，我们会为您安排好行程，包括机票和酒店的预订。<span id=\"_baidu_bookmark_end_40\" style=\"display: none; line-height: 0px;\">‍</span></span></p><h1 id=\"4-\" style=\"font-family: &quot;Helvetica Neue&quot;, Helvetica, Arial, sans-serif; color: rgb(102, 102, 102); white-space: normal;\"><span style=\"font-size:18px\"><span id=\"_baidu_bookmark_start_33\" style=\"display: none; line-height: 0px;\">‍</span>4&gt; 美国护照的更换<span id=\"_baidu_bookmark_end_34\" style=\"display: none; line-height: 0px;\">‍</span></span></h1><p style=\"margin-top: 0px; margin-bottom: 10px; color: rgb(102, 102, 102); font-family: &quot;Helvetica Neue&quot;, Helvetica, Arial, sans-serif; white-space: normal;\"><span style=\"font-size:16px\"><span id=\"_baidu_bookmark_start_41\" style=\"display: none; line-height: 0px;\">‍</span>美国护照需要每5年进行一次更换，我们也会提前通知您，并且为您预约，告知您需要准备的材料。<span id=\"_baidu_bookmark_end_42\" style=\"display: none; line-height: 0px;\">‍</span></span></p><h1 id=\"5-\" style=\"font-family: &quot;Helvetica Neue&quot;, Helvetica, Arial, sans-serif; color: rgb(102, 102, 102); white-space: normal;\"><span style=\"font-size:18px\"><span id=\"_baidu_bookmark_start_35\" style=\"display: none; line-height: 0px;\">‍</span>5&gt; 保险。<span id=\"_baidu_bookmark_end_36\" style=\"display: none; line-height: 0px;\">‍</span></span></h1><p style=\"margin-top: 0px; margin-bottom: 10px; color: rgb(102, 102, 102); font-family: &quot;Helvetica Neue&quot;, Helvetica, Arial, sans-serif; white-space: normal;\"><span style=\"font-size:16px\">孩子回国以后，如果没有上国内户口的话，不可以参加国内的医疗保险，但是可以用商业保险来替代，我们精心挑选了多家知名保险公司，设计了多种方案，可以为您解决孩子成长过程中可能会面临的医疗问题。我们还联合多家知名保险公司为您和孩子提供了覆盖孩子从儿时的教育金到成年的婚嫁金以及退休时的养老金，且均以美元结算，让您真正的感觉到安心！</span></p><p style=\"margin-top: 0px; margin-bottom: 10px; color: rgb(102, 102, 102); font-family: &quot;Helvetica Neue&quot;, Helvetica, Arial, sans-serif; white-space: normal;\"><span style=\"font-size:16px\">以上服务是回国后几项较为常见的服务，赴美生子仅仅是开始，孩子出生以后，我们还将继续为您做的更多！</span></p><p style=\"text-align: left;\"><span style=\"font-size: medium; color: rgb(102, 102, 102); font-family: &quot;Helvetica Neue&quot;, Helvetica, Arial, sans-serif;\"><br/></span><br/></p>",
      "category": "snippets_service",
      "createdAt": "2017-12-19T01:58:04.957Z",
      "updatedAt": "2017-12-19T06:05:23.322Z"
    }
  ]
}