{
  "users": [
    {
      "display": "hudao",
      "username": "hudao",
      "password": "$2a$08$KkE1QhRcV.Zh9gflxzs93uJvhMqOK3j2/C5tXqnVh9A.6E4RkgZDy",
      "isAdmin": true,
      "isSuperAdmin": true,
      "isActive": true,
      "id": "HJl1H5rNVz",
      "createdAt": "2018-01-11T02:21:43.457Z",
      "updatedAt": "2018-01-11T02:21:43.457Z"
    },
    {
      "display": "delay",
      "username": "delay",
      "password": "$2a$08$YNSworfzvfrgIITvQNPvVeM3bR./WaYJY1jYugdTy0Y0gSbSz43zK",
      "isAdmin": true,
      "isSuperAdmin": true,
      "isActive": true,
      "id": "SyzyrqBVVf",
      "createdAt": "2018-01-11T02:21:43.502Z",
      "updatedAt": "2018-01-11T02:21:43.502Z"
    },
    {
      "display": "admin",
      "username": "admin",
      "password": "$2a$08$DD7wwDkifS2NVtoKO9LENeiNolKgP5JJKldPKYjPBQ///0BE5ZJ3m",
      "isAdmin": true,
      "isSuperAdmin": false,
      "isActive": true,
      "id": "SJllB5BN4G",
      "createdAt": "2018-01-11T02:21:43.547Z",
      "updatedAt": "2018-01-11T02:27:28.660Z"
    }
  ]
}