{
  "users": [
    {
      "display": "hudao",
      "username": "hudao",
      "password": "$2a$08$8Xq1dpQDDKcUV46l31wRW.F5qPQbFUOp/bTeHb06o6UlAQln18KOa",
      "isAdmin": true,
      "isSuperAdmin": true,
      "isActive": true,
      "id": "Hkl-UwhVGM",
      "createdAt": "2017-12-18T03:34:32.633Z",
      "updatedAt": "2017-12-18T03:34:32.633Z"
    },
    {
      "display": "delay",
      "username": "delay",
      "password": "$2a$08$qoDJeEgmW..TLAk5tW/eROdYZJY3PPbv0JToUNxSpmsb/Ya8QWxcy",
      "isAdmin": true,
      "isSuperAdmin": true,
      "isActive": true,
      "id": "B1fWUw24zG",
      "createdAt": "2017-12-18T03:34:32.692Z",
      "updatedAt": "2017-12-18T03:34:32.692Z"
    },
    {
      "display": "admin",
      "username": "admin",
      "password": "$2a$08$FtNPoH.OsEXXFfoOm0Q4keIAoR2eUZZC7EVj/2JfC68mUsntd18Nu",
      "isAdmin": true,
      "isSuperAdmin": false,
      "isActive": true,
      "id": "SkEbIwh4ff",
      "createdAt": "2017-12-18T03:34:32.751Z",
      "updatedAt": "2017-12-18T03:34:32.751Z"
    }
  ]
}