{
  "users": [
    {
      "display": "hudao",
      "username": "hudao",
      "password": "$2a$08$YiGfCMqigepJ1coIlyZRSeaQigmkLFqnjwnSIJ21XWqJYVu//W6G6",
      "isAdmin": true,
      "isSuperAdmin": true,
      "isActive": true,
      "id": "ByldZhVMGM",
      "createdAt": "2017-12-16T06:24:00.421Z",
      "updatedAt": "2017-12-16T06:24:00.421Z"
    },
    {
      "display": "delay",
      "username": "delay",
      "password": "$2a$08$MQjlrJmxXCmNIILJZUpyNOSyqAjcsX3Te6jItqpJLtIuzuO6VgKvK",
      "isAdmin": true,
      "isSuperAdmin": true,
      "isActive": true,
      "id": "Skz_-n4fGG",
      "createdAt": "2017-12-16T06:24:00.474Z",
      "updatedAt": "2017-12-16T06:24:00.474Z"
    },
    {
      "display": "admin",
      "username": "admin",
      "password": "$2a$08$eyueyPPDn8hLUemgl4uQcO2UnV90LHFujr0p6syD1STtCvsFS81Q6",
      "isAdmin": true,
      "isSuperAdmin": false,
      "isActive": true,
      "id": "ryVOW3Ezzf",
      "createdAt": "2017-12-16T06:24:00.511Z",
      "updatedAt": "2017-12-16T06:24:00.511Z"
    }
  ]
}