{
    "tables": [{
            "id": 1,
            "name": "users",
            "spaceFileName": "_users.json",
            "autoOpen": true
        },
        {
            "id": 2,
            "name": "categories",
            "spaceFileName": "_categories.json",
            "autoOpen": true
        },
        {
            "id": 3,
            "name": "slides",
            "spaceFileName": "_slides.json",
            "autoOpen": true
        },
        {
            "id": 4,
            "name": "news",
            "spaceFileName": "_news.json",
            "autoOpen": true
        },
        {
            "id": 5,
            "name": "pages",
            "spaceFileName": "_pages.json",
            "autoOpen": true
        },
        {
            "id": 6,
            "name": "photos",
            "spaceFileName": "_photos.json",
            "autoOpen": true
        },
        {
            "id": 7,
            "name": "posts",
            "spaceFileName": "_posts.json",
            "autoOpen": true
        },
        {
            "id": 8,
            "name": "contents",
            "spaceFileName": "_contents.json",
            "autoOpen": true
        }, {
            "id": 9,
            "name": "qas",
            "spaceFileName": "_qas.json",
            "autoOpen": true
        }, {
            "id": 10,
            "name": "sites",
            "spaceFileName": "_sites.json",
            "autoOpen": true
        }, {
            "id": 11,
            "name": "snippets",
            "spaceFileName": "_snippets.json",
            "autoOpen": true
        }, {
            "id": 12,
            "name": "links",
            "spaceFileName": "_links.json",
            "autoOpen": true
        }
    ]
}